"node_id","parent_id","node_type","band_code","band_title","scene_slug","scene_title","stage_key","stage_title","sort_order","is_published","topic","summary","objective","dialogue_seed","vocabulary_seed","grammar_seed","estimated_minutes","tags","scene_title_en"
"root","","root","","LingoQuest 场景课程","","LingoQuest 场景课程","","","0","true","","英语场景课程总目录","","","","","","",""
"band:A1","root","band","A1","入门级（生存英语）","","入门级（生存英语）","","","1","true","入门级（生存英语）","以看懂、会说、敢开口为主，先解决最常见的生存沟通需求。","完成 A1 阶段的场景训练，形成可迁移的真实沟通能力。","","","","","A1",""
"scene:a1-01","band:A1","scene","A1","入门级（生存英语）","a1-01","问候与自我介绍","","","1","true","问候与自我介绍","入门级（生存英语） 场景：问候与自我介绍","围绕“问候与自我介绍”完成从输入、搭建、互动到输出的关卡训练。","围绕“问候与自我介绍”生成难度递进的场景对话，确保每一关只聚焦一个核心任务。","围绕“问候与自我介绍”提炼高频词、功能短语、可替换句型和复用表达。","根据 A1 阶段特点，为“问候与自我介绍”匹配最实用的语法重点与表达结构。","20","A1|问候与自我介绍","Greetings and Self-Introductions"
"scene:a1-01:stage:survival-input","scene:a1-01","stage","A1","入门级（生存英语）","a1-01","问候与自我介绍","survival-input","第 1 关 · 识别场景","1","true","问候与自我介绍","先认人、认物、认动作，听懂并看懂场景里最基础的信息。","能识别“问候与自我介绍”中最基础的对象、问题和回应方式，知道开口时先说什么。","围绕“问候与自我介绍”设计 2 轮极短对话，突出问候、确认和基础回应。","提取“问候与自我介绍”里最先必须会的 6 个高频词或短语。","聚焦 be 动词、基础疑问句、简单陈述句和礼貌开场。","4","A1|问候与自我介绍|survival-input","Greetings and Self-Introductions"
"scene:a1-01:stage:core-pattern","scene:a1-01","stage","A1","入门级（生存英语）","a1-01","问候与自我介绍","core-pattern","第 2 关 · 搭句开口","2","true","问候与自我介绍","把关键词拼成能直接复用的短句，先把嘴打开。","能围绕“问候与自我介绍”说出 2 到 3 个完整短句，表达最基本的需求和信息。","围绕“问候与自我介绍”设计 3 轮控制式对话，让学习者练习提问、回答和确认。","提取“问候与自我介绍”里最常用的固定搭配、问句和回应句。","聚焦一般现在时、there is / there are、can / can't 与基础数词时间表达。","5","A1|问候与自我介绍|core-pattern","Greetings and Self-Introductions"
"scene:a1-01:stage:guided-scene","scene:a1-01","stage","A1","入门级（生存英语）","a1-01","问候与自我介绍","guided-scene","第 3 关 · 引导互动","3","true","问候与自我介绍","进入明确场景，按提示完成一轮来回互动。","能在“问候与自我介绍”里完成 3 轮引导式互动，不再只会单个词汇作答。","围绕“问候与自我介绍”设计 3 到 4 轮引导互动，对方先说、学习者跟进回应。","提取“问候与自我介绍”里用于确认、重复、听不清和补充说明的表达。","聚焦疑问句顺序、简单否定句和常见礼貌表达。","5","A1|问候与自我介绍|guided-scene","Greetings and Self-Introductions"
"scene:a1-01:stage:micro-task","scene:a1-01","stage","A1","入门级（生存英语）","a1-01","问候与自我介绍","micro-task","第 4 关 · 完成小任务","4","true","问候与自我介绍","把一句一句练习变成一次完整任务输出。","能独立完成一次“问候与自我介绍”小任务，做到有开场、有说明、有收尾。","围绕“问候与自我介绍”设计 4 轮任务型对话，要求学习者完整表达自己的需求。","提取“问候与自我介绍”里最值得反复复用的收尾句和确认句。","聚焦 and / but 连接、简单 because 结构和收尾确认句。","6","A1|问候与自我介绍|micro-task","Greetings and Self-Introductions"
"scene:a1-02","band:A1","scene","A1","入门级（生存英语）","a1-02","个人基础信息（姓名、年龄、国籍）","","","2","true","个人基础信息（姓名、年龄、国籍）","入门级（生存英语） 场景：个人基础信息（姓名、年龄、国籍）","围绕“个人基础信息（姓名、年龄、国籍）”完成从输入、搭建、互动到输出的关卡训练。","围绕“个人基础信息（姓名、年龄、国籍）”生成难度递进的场景对话，确保每一关只聚焦一个核心任务。","围绕“个人基础信息（姓名、年龄、国籍）”提炼高频词、功能短语、可替换句型和复用表达。","根据 A1 阶段特点，为“个人基础信息（姓名、年龄、国籍）”匹配最实用的语法重点与表达结构。","20","A1|个人基础信息-姓名-年龄-国籍","Basic Personal Information"
"scene:a1-02:stage:survival-input","scene:a1-02","stage","A1","入门级（生存英语）","a1-02","个人基础信息（姓名、年龄、国籍）","survival-input","第 1 关 · 识别场景","1","true","个人基础信息（姓名、年龄、国籍）","先认人、认物、认动作，听懂并看懂场景里最基础的信息。","能识别“个人基础信息（姓名、年龄、国籍）”中最基础的对象、问题和回应方式，知道开口时先说什么。","围绕“个人基础信息（姓名、年龄、国籍）”设计 2 轮极短对话，突出问候、确认和基础回应。","提取“个人基础信息（姓名、年龄、国籍）”里最先必须会的 6 个高频词或短语。","聚焦 be 动词、基础疑问句、简单陈述句和礼貌开场。","4","A1|个人基础信息-姓名-年龄-国籍|survival-input","Basic Personal Information"
"scene:a1-02:stage:core-pattern","scene:a1-02","stage","A1","入门级（生存英语）","a1-02","个人基础信息（姓名、年龄、国籍）","core-pattern","第 2 关 · 搭句开口","2","true","个人基础信息（姓名、年龄、国籍）","把关键词拼成能直接复用的短句，先把嘴打开。","能围绕“个人基础信息（姓名、年龄、国籍）”说出 2 到 3 个完整短句，表达最基本的需求和信息。","围绕“个人基础信息（姓名、年龄、国籍）”设计 3 轮控制式对话，让学习者练习提问、回答和确认。","提取“个人基础信息（姓名、年龄、国籍）”里最常用的固定搭配、问句和回应句。","聚焦一般现在时、there is / there are、can / can't 与基础数词时间表达。","5","A1|个人基础信息-姓名-年龄-国籍|core-pattern","Basic Personal Information"
"scene:a1-02:stage:guided-scene","scene:a1-02","stage","A1","入门级（生存英语）","a1-02","个人基础信息（姓名、年龄、国籍）","guided-scene","第 3 关 · 引导互动","3","true","个人基础信息（姓名、年龄、国籍）","进入明确场景，按提示完成一轮来回互动。","能在“个人基础信息（姓名、年龄、国籍）”里完成 3 轮引导式互动，不再只会单个词汇作答。","围绕“个人基础信息（姓名、年龄、国籍）”设计 3 到 4 轮引导互动，对方先说、学习者跟进回应。","提取“个人基础信息（姓名、年龄、国籍）”里用于确认、重复、听不清和补充说明的表达。","聚焦疑问句顺序、简单否定句和常见礼貌表达。","5","A1|个人基础信息-姓名-年龄-国籍|guided-scene","Basic Personal Information"
"scene:a1-02:stage:micro-task","scene:a1-02","stage","A1","入门级（生存英语）","a1-02","个人基础信息（姓名、年龄、国籍）","micro-task","第 4 关 · 完成小任务","4","true","个人基础信息（姓名、年龄、国籍）","把一句一句练习变成一次完整任务输出。","能独立完成一次“个人基础信息（姓名、年龄、国籍）”小任务，做到有开场、有说明、有收尾。","围绕“个人基础信息（姓名、年龄、国籍）”设计 4 轮任务型对话，要求学习者完整表达自己的需求。","提取“个人基础信息（姓名、年龄、国籍）”里最值得反复复用的收尾句和确认句。","聚焦 and / but 连接、简单 because 结构和收尾确认句。","6","A1|个人基础信息-姓名-年龄-国籍|micro-task","Basic Personal Information"
"scene:a1-03","band:A1","scene","A1","入门级（生存英语）","a1-03","常见物品与教室用品","","","3","true","常见物品与教室用品","入门级（生存英语） 场景：常见物品与教室用品","围绕“常见物品与教室用品”完成从输入、搭建、互动到输出的关卡训练。","围绕“常见物品与教室用品”生成难度递进的场景对话，确保每一关只聚焦一个核心任务。","围绕“常见物品与教室用品”提炼高频词、功能短语、可替换句型和复用表达。","根据 A1 阶段特点，为“常见物品与教室用品”匹配最实用的语法重点与表达结构。","20","A1|常见物品与教室用品","Common Objects and Classroom Items"
"scene:a1-03:stage:survival-input","scene:a1-03","stage","A1","入门级（生存英语）","a1-03","常见物品与教室用品","survival-input","第 1 关 · 识别场景","1","true","常见物品与教室用品","先认人、认物、认动作，听懂并看懂场景里最基础的信息。","能识别“常见物品与教室用品”中最基础的对象、问题和回应方式，知道开口时先说什么。","围绕“常见物品与教室用品”设计 2 轮极短对话，突出问候、确认和基础回应。","提取“常见物品与教室用品”里最先必须会的 6 个高频词或短语。","聚焦 be 动词、基础疑问句、简单陈述句和礼貌开场。","4","A1|常见物品与教室用品|survival-input","Common Objects and Classroom Items"
"scene:a1-03:stage:core-pattern","scene:a1-03","stage","A1","入门级（生存英语）","a1-03","常见物品与教室用品","core-pattern","第 2 关 · 搭句开口","2","true","常见物品与教室用品","把关键词拼成能直接复用的短句，先把嘴打开。","能围绕“常见物品与教室用品”说出 2 到 3 个完整短句，表达最基本的需求和信息。","围绕“常见物品与教室用品”设计 3 轮控制式对话，让学习者练习提问、回答和确认。","提取“常见物品与教室用品”里最常用的固定搭配、问句和回应句。","聚焦一般现在时、there is / there are、can / can't 与基础数词时间表达。","5","A1|常见物品与教室用品|core-pattern","Common Objects and Classroom Items"
"scene:a1-03:stage:guided-scene","scene:a1-03","stage","A1","入门级（生存英语）","a1-03","常见物品与教室用品","guided-scene","第 3 关 · 引导互动","3","true","常见物品与教室用品","进入明确场景，按提示完成一轮来回互动。","能在“常见物品与教室用品”里完成 3 轮引导式互动，不再只会单个词汇作答。","围绕“常见物品与教室用品”设计 3 到 4 轮引导互动，对方先说、学习者跟进回应。","提取“常见物品与教室用品”里用于确认、重复、听不清和补充说明的表达。","聚焦疑问句顺序、简单否定句和常见礼貌表达。","5","A1|常见物品与教室用品|guided-scene","Common Objects and Classroom Items"
"scene:a1-03:stage:micro-task","scene:a1-03","stage","A1","入门级（生存英语）","a1-03","常见物品与教室用品","micro-task","第 4 关 · 完成小任务","4","true","常见物品与教室用品","把一句一句练习变成一次完整任务输出。","能独立完成一次“常见物品与教室用品”小任务，做到有开场、有说明、有收尾。","围绕“常见物品与教室用品”设计 4 轮任务型对话，要求学习者完整表达自己的需求。","提取“常见物品与教室用品”里最值得反复复用的收尾句和确认句。","聚焦 and / but 连接、简单 because 结构和收尾确认句。","6","A1|常见物品与教室用品|micro-task","Common Objects and Classroom Items"
"scene:a1-04","band:A1","scene","A1","入门级（生存英语）","a1-04","数字、时间、日期、星期","","","4","true","数字、时间、日期、星期","入门级（生存英语） 场景：数字、时间、日期、星期","围绕“数字、时间、日期、星期”完成从输入、搭建、互动到输出的关卡训练。","围绕“数字、时间、日期、星期”生成难度递进的场景对话，确保每一关只聚焦一个核心任务。","围绕“数字、时间、日期、星期”提炼高频词、功能短语、可替换句型和复用表达。","根据 A1 阶段特点，为“数字、时间、日期、星期”匹配最实用的语法重点与表达结构。","20","A1|数字-时间-日期-星期","Numbers, Time, Dates, and Days"
"scene:a1-04:stage:survival-input","scene:a1-04","stage","A1","入门级（生存英语）","a1-04","数字、时间、日期、星期","survival-input","第 1 关 · 识别场景","1","true","数字、时间、日期、星期","先认人、认物、认动作，听懂并看懂场景里最基础的信息。","能识别“数字、时间、日期、星期”中最基础的对象、问题和回应方式，知道开口时先说什么。","围绕“数字、时间、日期、星期”设计 2 轮极短对话，突出问候、确认和基础回应。","提取“数字、时间、日期、星期”里最先必须会的 6 个高频词或短语。","聚焦 be 动词、基础疑问句、简单陈述句和礼貌开场。","4","A1|数字-时间-日期-星期|survival-input","Numbers, Time, Dates, and Days"
"scene:a1-04:stage:core-pattern","scene:a1-04","stage","A1","入门级（生存英语）","a1-04","数字、时间、日期、星期","core-pattern","第 2 关 · 搭句开口","2","true","数字、时间、日期、星期","把关键词拼成能直接复用的短句，先把嘴打开。","能围绕“数字、时间、日期、星期”说出 2 到 3 个完整短句，表达最基本的需求和信息。","围绕“数字、时间、日期、星期”设计 3 轮控制式对话，让学习者练习提问、回答和确认。","提取“数字、时间、日期、星期”里最常用的固定搭配、问句和回应句。","聚焦一般现在时、there is / there are、can / can't 与基础数词时间表达。","5","A1|数字-时间-日期-星期|core-pattern","Numbers, Time, Dates, and Days"
"scene:a1-04:stage:guided-scene","scene:a1-04","stage","A1","入门级（生存英语）","a1-04","数字、时间、日期、星期","guided-scene","第 3 关 · 引导互动","3","true","数字、时间、日期、星期","进入明确场景，按提示完成一轮来回互动。","能在“数字、时间、日期、星期”里完成 3 轮引导式互动，不再只会单个词汇作答。","围绕“数字、时间、日期、星期”设计 3 到 4 轮引导互动，对方先说、学习者跟进回应。","提取“数字、时间、日期、星期”里用于确认、重复、听不清和补充说明的表达。","聚焦疑问句顺序、简单否定句和常见礼貌表达。","5","A1|数字-时间-日期-星期|guided-scene","Numbers, Time, Dates, and Days"
"scene:a1-04:stage:micro-task","scene:a1-04","stage","A1","入门级（生存英语）","a1-04","数字、时间、日期、星期","micro-task","第 4 关 · 完成小任务","4","true","数字、时间、日期、星期","把一句一句练习变成一次完整任务输出。","能独立完成一次“数字、时间、日期、星期”小任务，做到有开场、有说明、有收尾。","围绕“数字、时间、日期、星期”设计 4 轮任务型对话，要求学习者完整表达自己的需求。","提取“数字、时间、日期、星期”里最值得反复复用的收尾句和确认句。","聚焦 and / but 连接、简单 because 结构和收尾确认句。","6","A1|数字-时间-日期-星期|micro-task","Numbers, Time, Dates, and Days"
"scene:a1-05","band:A1","scene","A1","入门级（生存英语）","a1-05","颜色、动物、身体部位","","","5","true","颜色、动物、身体部位","入门级（生存英语） 场景：颜色、动物、身体部位","围绕“颜色、动物、身体部位”完成从输入、搭建、互动到输出的关卡训练。","围绕“颜色、动物、身体部位”生成难度递进的场景对话，确保每一关只聚焦一个核心任务。","围绕“颜色、动物、身体部位”提炼高频词、功能短语、可替换句型和复用表达。","根据 A1 阶段特点，为“颜色、动物、身体部位”匹配最实用的语法重点与表达结构。","20","A1|颜色-动物-身体部位","Colors, Animals, and Body Parts"
"scene:a1-05:stage:survival-input","scene:a1-05","stage","A1","入门级（生存英语）","a1-05","颜色、动物、身体部位","survival-input","第 1 关 · 识别场景","1","true","颜色、动物、身体部位","先认人、认物、认动作，听懂并看懂场景里最基础的信息。","能识别“颜色、动物、身体部位”中最基础的对象、问题和回应方式，知道开口时先说什么。","围绕“颜色、动物、身体部位”设计 2 轮极短对话，突出问候、确认和基础回应。","提取“颜色、动物、身体部位”里最先必须会的 6 个高频词或短语。","聚焦 be 动词、基础疑问句、简单陈述句和礼貌开场。","4","A1|颜色-动物-身体部位|survival-input","Colors, Animals, and Body Parts"
"scene:a1-05:stage:core-pattern","scene:a1-05","stage","A1","入门级（生存英语）","a1-05","颜色、动物、身体部位","core-pattern","第 2 关 · 搭句开口","2","true","颜色、动物、身体部位","把关键词拼成能直接复用的短句，先把嘴打开。","能围绕“颜色、动物、身体部位”说出 2 到 3 个完整短句，表达最基本的需求和信息。","围绕“颜色、动物、身体部位”设计 3 轮控制式对话，让学习者练习提问、回答和确认。","提取“颜色、动物、身体部位”里最常用的固定搭配、问句和回应句。","聚焦一般现在时、there is / there are、can / can't 与基础数词时间表达。","5","A1|颜色-动物-身体部位|core-pattern","Colors, Animals, and Body Parts"
"scene:a1-05:stage:guided-scene","scene:a1-05","stage","A1","入门级（生存英语）","a1-05","颜色、动物、身体部位","guided-scene","第 3 关 · 引导互动","3","true","颜色、动物、身体部位","进入明确场景，按提示完成一轮来回互动。","能在“颜色、动物、身体部位”里完成 3 轮引导式互动，不再只会单个词汇作答。","围绕“颜色、动物、身体部位”设计 3 到 4 轮引导互动，对方先说、学习者跟进回应。","提取“颜色、动物、身体部位”里用于确认、重复、听不清和补充说明的表达。","聚焦疑问句顺序、简单否定句和常见礼貌表达。","5","A1|颜色-动物-身体部位|guided-scene","Colors, Animals, and Body Parts"
"scene:a1-05:stage:micro-task","scene:a1-05","stage","A1","入门级（生存英语）","a1-05","颜色、动物、身体部位","micro-task","第 4 关 · 完成小任务","4","true","颜色、动物、身体部位","把一句一句练习变成一次完整任务输出。","能独立完成一次“颜色、动物、身体部位”小任务，做到有开场、有说明、有收尾。","围绕“颜色、动物、身体部位”设计 4 轮任务型对话，要求学习者完整表达自己的需求。","提取“颜色、动物、身体部位”里最值得反复复用的收尾句和确认句。","聚焦 and / but 连接、简单 because 结构和收尾确认句。","6","A1|颜色-动物-身体部位|micro-task","Colors, Animals, and Body Parts"
"scene:a1-06","band:A1","scene","A1","入门级（生存英语）","a1-06","家庭与家人介绍","","","6","true","家庭与家人介绍","入门级（生存英语） 场景：家庭与家人介绍","围绕“家庭与家人介绍”完成从输入、搭建、互动到输出的关卡训练。","围绕“家庭与家人介绍”生成难度递进的场景对话，确保每一关只聚焦一个核心任务。","围绕“家庭与家人介绍”提炼高频词、功能短语、可替换句型和复用表达。","根据 A1 阶段特点，为“家庭与家人介绍”匹配最实用的语法重点与表达结构。","20","A1|家庭与家人介绍","Family and Relatives"
"scene:a1-06:stage:survival-input","scene:a1-06","stage","A1","入门级（生存英语）","a1-06","家庭与家人介绍","survival-input","第 1 关 · 识别场景","1","true","家庭与家人介绍","先认人、认物、认动作，听懂并看懂场景里最基础的信息。","能识别“家庭与家人介绍”中最基础的对象、问题和回应方式，知道开口时先说什么。","围绕“家庭与家人介绍”设计 2 轮极短对话，突出问候、确认和基础回应。","提取“家庭与家人介绍”里最先必须会的 6 个高频词或短语。","聚焦 be 动词、基础疑问句、简单陈述句和礼貌开场。","4","A1|家庭与家人介绍|survival-input","Family and Relatives"
"scene:a1-06:stage:core-pattern","scene:a1-06","stage","A1","入门级（生存英语）","a1-06","家庭与家人介绍","core-pattern","第 2 关 · 搭句开口","2","true","家庭与家人介绍","把关键词拼成能直接复用的短句，先把嘴打开。","能围绕“家庭与家人介绍”说出 2 到 3 个完整短句，表达最基本的需求和信息。","围绕“家庭与家人介绍”设计 3 轮控制式对话，让学习者练习提问、回答和确认。","提取“家庭与家人介绍”里最常用的固定搭配、问句和回应句。","聚焦一般现在时、there is / there are、can / can't 与基础数词时间表达。","5","A1|家庭与家人介绍|core-pattern","Family and Relatives"
"scene:a1-06:stage:guided-scene","scene:a1-06","stage","A1","入门级（生存英语）","a1-06","家庭与家人介绍","guided-scene","第 3 关 · 引导互动","3","true","家庭与家人介绍","进入明确场景，按提示完成一轮来回互动。","能在“家庭与家人介绍”里完成 3 轮引导式互动，不再只会单个词汇作答。","围绕“家庭与家人介绍”设计 3 到 4 轮引导互动，对方先说、学习者跟进回应。","提取“家庭与家人介绍”里用于确认、重复、听不清和补充说明的表达。","聚焦疑问句顺序、简单否定句和常见礼貌表达。","5","A1|家庭与家人介绍|guided-scene","Family and Relatives"
"scene:a1-06:stage:micro-task","scene:a1-06","stage","A1","入门级（生存英语）","a1-06","家庭与家人介绍","micro-task","第 4 关 · 完成小任务","4","true","家庭与家人介绍","把一句一句练习变成一次完整任务输出。","能独立完成一次“家庭与家人介绍”小任务，做到有开场、有说明、有收尾。","围绕“家庭与家人介绍”设计 4 轮任务型对话，要求学习者完整表达自己的需求。","提取“家庭与家人介绍”里最值得反复复用的收尾句和确认句。","聚焦 and / but 连接、简单 because 结构和收尾确认句。","6","A1|家庭与家人介绍|micro-task","Family and Relatives"
"scene:a1-07","band:A1","scene","A1","入门级（生存英语）","a1-07","日常简单喜好","","","7","true","日常简单喜好","入门级（生存英语） 场景：日常简单喜好","围绕“日常简单喜好”完成从输入、搭建、互动到输出的关卡训练。","围绕“日常简单喜好”生成难度递进的场景对话，确保每一关只聚焦一个核心任务。","围绕“日常简单喜好”提炼高频词、功能短语、可替换句型和复用表达。","根据 A1 阶段特点，为“日常简单喜好”匹配最实用的语法重点与表达结构。","20","A1|日常简单喜好","Simple Daily Preferences"
"scene:a1-07:stage:survival-input","scene:a1-07","stage","A1","入门级（生存英语）","a1-07","日常简单喜好","survival-input","第 1 关 · 识别场景","1","true","日常简单喜好","先认人、认物、认动作，听懂并看懂场景里最基础的信息。","能识别“日常简单喜好”中最基础的对象、问题和回应方式，知道开口时先说什么。","围绕“日常简单喜好”设计 2 轮极短对话，突出问候、确认和基础回应。","提取“日常简单喜好”里最先必须会的 6 个高频词或短语。","聚焦 be 动词、基础疑问句、简单陈述句和礼貌开场。","4","A1|日常简单喜好|survival-input","Simple Daily Preferences"
"scene:a1-07:stage:core-pattern","scene:a1-07","stage","A1","入门级（生存英语）","a1-07","日常简单喜好","core-pattern","第 2 关 · 搭句开口","2","true","日常简单喜好","把关键词拼成能直接复用的短句，先把嘴打开。","能围绕“日常简单喜好”说出 2 到 3 个完整短句，表达最基本的需求和信息。","围绕“日常简单喜好”设计 3 轮控制式对话，让学习者练习提问、回答和确认。","提取“日常简单喜好”里最常用的固定搭配、问句和回应句。","聚焦一般现在时、there is / there are、can / can't 与基础数词时间表达。","5","A1|日常简单喜好|core-pattern","Simple Daily Preferences"
"scene:a1-07:stage:guided-scene","scene:a1-07","stage","A1","入门级（生存英语）","a1-07","日常简单喜好","guided-scene","第 3 关 · 引导互动","3","true","日常简单喜好","进入明确场景，按提示完成一轮来回互动。","能在“日常简单喜好”里完成 3 轮引导式互动，不再只会单个词汇作答。","围绕“日常简单喜好”设计 3 到 4 轮引导互动，对方先说、学习者跟进回应。","提取“日常简单喜好”里用于确认、重复、听不清和补充说明的表达。","聚焦疑问句顺序、简单否定句和常见礼貌表达。","5","A1|日常简单喜好|guided-scene","Simple Daily Preferences"
"scene:a1-07:stage:micro-task","scene:a1-07","stage","A1","入门级（生存英语）","a1-07","日常简单喜好","micro-task","第 4 关 · 完成小任务","4","true","日常简单喜好","把一句一句练习变成一次完整任务输出。","能独立完成一次“日常简单喜好”小任务，做到有开场、有说明、有收尾。","围绕“日常简单喜好”设计 4 轮任务型对话，要求学习者完整表达自己的需求。","提取“日常简单喜好”里最值得反复复用的收尾句和确认句。","聚焦 and / but 连接、简单 because 结构和收尾确认句。","6","A1|日常简单喜好|micro-task","Simple Daily Preferences"
"scene:a1-08","band:A1","scene","A1","入门级（生存英语）","a1-08","天气描述","","","8","true","天气描述","入门级（生存英语） 场景：天气描述","围绕“天气描述”完成从输入、搭建、互动到输出的关卡训练。","围绕“天气描述”生成难度递进的场景对话，确保每一关只聚焦一个核心任务。","围绕“天气描述”提炼高频词、功能短语、可替换句型和复用表达。","根据 A1 阶段特点，为“天气描述”匹配最实用的语法重点与表达结构。","20","A1|天气描述","Talking About the Weather"
"scene:a1-08:stage:survival-input","scene:a1-08","stage","A1","入门级（生存英语）","a1-08","天气描述","survival-input","第 1 关 · 识别场景","1","true","天气描述","先认人、认物、认动作，听懂并看懂场景里最基础的信息。","能识别“天气描述”中最基础的对象、问题和回应方式，知道开口时先说什么。","围绕“天气描述”设计 2 轮极短对话，突出问候、确认和基础回应。","提取“天气描述”里最先必须会的 6 个高频词或短语。","聚焦 be 动词、基础疑问句、简单陈述句和礼貌开场。","4","A1|天气描述|survival-input","Talking About the Weather"
"scene:a1-08:stage:core-pattern","scene:a1-08","stage","A1","入门级（生存英语）","a1-08","天气描述","core-pattern","第 2 关 · 搭句开口","2","true","天气描述","把关键词拼成能直接复用的短句，先把嘴打开。","能围绕“天气描述”说出 2 到 3 个完整短句，表达最基本的需求和信息。","围绕“天气描述”设计 3 轮控制式对话，让学习者练习提问、回答和确认。","提取“天气描述”里最常用的固定搭配、问句和回应句。","聚焦一般现在时、there is / there are、can / can't 与基础数词时间表达。","5","A1|天气描述|core-pattern","Talking About the Weather"
"scene:a1-08:stage:guided-scene","scene:a1-08","stage","A1","入门级（生存英语）","a1-08","天气描述","guided-scene","第 3 关 · 引导互动","3","true","天气描述","进入明确场景，按提示完成一轮来回互动。","能在“天气描述”里完成 3 轮引导式互动，不再只会单个词汇作答。","围绕“天气描述”设计 3 到 4 轮引导互动，对方先说、学习者跟进回应。","提取“天气描述”里用于确认、重复、听不清和补充说明的表达。","聚焦疑问句顺序、简单否定句和常见礼貌表达。","5","A1|天气描述|guided-scene","Talking About the Weather"
"scene:a1-08:stage:micro-task","scene:a1-08","stage","A1","入门级（生存英语）","a1-08","天气描述","micro-task","第 4 关 · 完成小任务","4","true","天气描述","把一句一句练习变成一次完整任务输出。","能独立完成一次“天气描述”小任务，做到有开场、有说明、有收尾。","围绕“天气描述”设计 4 轮任务型对话，要求学习者完整表达自己的需求。","提取“天气描述”里最值得反复复用的收尾句和确认句。","聚焦 and / but 连接、简单 because 结构和收尾确认句。","6","A1|天气描述|micro-task","Talking About the Weather"
"scene:a1-09","band:A1","scene","A1","入门级（生存英语）","a1-09","简单问路与方向","","","9","true","简单问路与方向","入门级（生存英语） 场景：简单问路与方向","围绕“简单问路与方向”完成从输入、搭建、互动到输出的关卡训练。","围绕“简单问路与方向”生成难度递进的场景对话，确保每一关只聚焦一个核心任务。","围绕“简单问路与方向”提炼高频词、功能短语、可替换句型和复用表达。","根据 A1 阶段特点，为“简单问路与方向”匹配最实用的语法重点与表达结构。","20","A1|简单问路与方向","Simple Directions and Navigation"
"scene:a1-09:stage:survival-input","scene:a1-09","stage","A1","入门级（生存英语）","a1-09","简单问路与方向","survival-input","第 1 关 · 识别场景","1","true","简单问路与方向","先认人、认物、认动作，听懂并看懂场景里最基础的信息。","能识别“简单问路与方向”中最基础的对象、问题和回应方式，知道开口时先说什么。","围绕“简单问路与方向”设计 2 轮极短对话，突出问候、确认和基础回应。","提取“简单问路与方向”里最先必须会的 6 个高频词或短语。","聚焦 be 动词、基础疑问句、简单陈述句和礼貌开场。","4","A1|简单问路与方向|survival-input","Simple Directions and Navigation"
"scene:a1-09:stage:core-pattern","scene:a1-09","stage","A1","入门级（生存英语）","a1-09","简单问路与方向","core-pattern","第 2 关 · 搭句开口","2","true","简单问路与方向","把关键词拼成能直接复用的短句，先把嘴打开。","能围绕“简单问路与方向”说出 2 到 3 个完整短句，表达最基本的需求和信息。","围绕“简单问路与方向”设计 3 轮控制式对话，让学习者练习提问、回答和确认。","提取“简单问路与方向”里最常用的固定搭配、问句和回应句。","聚焦一般现在时、there is / there are、can / can't 与基础数词时间表达。","5","A1|简单问路与方向|core-pattern","Simple Directions and Navigation"
"scene:a1-09:stage:guided-scene","scene:a1-09","stage","A1","入门级（生存英语）","a1-09","简单问路与方向","guided-scene","第 3 关 · 引导互动","3","true","简单问路与方向","进入明确场景，按提示完成一轮来回互动。","能在“简单问路与方向”里完成 3 轮引导式互动，不再只会单个词汇作答。","围绕“简单问路与方向”设计 3 到 4 轮引导互动，对方先说、学习者跟进回应。","提取“简单问路与方向”里用于确认、重复、听不清和补充说明的表达。","聚焦疑问句顺序、简单否定句和常见礼貌表达。","5","A1|简单问路与方向|guided-scene","Simple Directions and Navigation"
"scene:a1-09:stage:micro-task","scene:a1-09","stage","A1","入门级（生存英语）","a1-09","简单问路与方向","micro-task","第 4 关 · 完成小任务","4","true","简单问路与方向","把一句一句练习变成一次完整任务输出。","能独立完成一次“简单问路与方向”小任务，做到有开场、有说明、有收尾。","围绕“简单问路与方向”设计 4 轮任务型对话，要求学习者完整表达自己的需求。","提取“简单问路与方向”里最值得反复复用的收尾句和确认句。","聚焦 and / but 连接、简单 because 结构和收尾确认句。","6","A1|简单问路与方向|micro-task","Simple Directions and Navigation"
"scene:a1-10","band:A1","scene","A1","入门级（生存英语）","a1-10","简易点餐","","","10","true","简易点餐","入门级（生存英语） 场景：简易点餐","围绕“简易点餐”完成从输入、搭建、互动到输出的关卡训练。","围绕“简易点餐”生成难度递进的场景对话，确保每一关只聚焦一个核心任务。","围绕“简易点餐”提炼高频词、功能短语、可替换句型和复用表达。","根据 A1 阶段特点，为“简易点餐”匹配最实用的语法重点与表达结构。","20","A1|简易点餐","Basic Ordering Food"
"scene:a1-10:stage:survival-input","scene:a1-10","stage","A1","入门级（生存英语）","a1-10","简易点餐","survival-input","第 1 关 · 识别场景","1","true","简易点餐","先认人、认物、认动作，听懂并看懂场景里最基础的信息。","能识别“简易点餐”中最基础的对象、问题和回应方式，知道开口时先说什么。","围绕“简易点餐”设计 2 轮极短对话，突出问候、确认和基础回应。","提取“简易点餐”里最先必须会的 6 个高频词或短语。","聚焦 be 动词、基础疑问句、简单陈述句和礼貌开场。","4","A1|简易点餐|survival-input","Basic Ordering Food"
"scene:a1-10:stage:core-pattern","scene:a1-10","stage","A1","入门级（生存英语）","a1-10","简易点餐","core-pattern","第 2 关 · 搭句开口","2","true","简易点餐","把关键词拼成能直接复用的短句，先把嘴打开。","能围绕“简易点餐”说出 2 到 3 个完整短句，表达最基本的需求和信息。","围绕“简易点餐”设计 3 轮控制式对话，让学习者练习提问、回答和确认。","提取“简易点餐”里最常用的固定搭配、问句和回应句。","聚焦一般现在时、there is / there are、can / can't 与基础数词时间表达。","5","A1|简易点餐|core-pattern","Basic Ordering Food"
"scene:a1-10:stage:guided-scene","scene:a1-10","stage","A1","入门级（生存英语）","a1-10","简易点餐","guided-scene","第 3 关 · 引导互动","3","true","简易点餐","进入明确场景，按提示完成一轮来回互动。","能在“简易点餐”里完成 3 轮引导式互动，不再只会单个词汇作答。","围绕“简易点餐”设计 3 到 4 轮引导互动，对方先说、学习者跟进回应。","提取“简易点餐”里用于确认、重复、听不清和补充说明的表达。","聚焦疑问句顺序、简单否定句和常见礼貌表达。","5","A1|简易点餐|guided-scene","Basic Ordering Food"
"scene:a1-10:stage:micro-task","scene:a1-10","stage","A1","入门级（生存英语）","a1-10","简易点餐","micro-task","第 4 关 · 完成小任务","4","true","简易点餐","把一句一句练习变成一次完整任务输出。","能独立完成一次“简易点餐”小任务，做到有开场、有说明、有收尾。","围绕“简易点餐”设计 4 轮任务型对话，要求学习者完整表达自己的需求。","提取“简易点餐”里最值得反复复用的收尾句和确认句。","聚焦 and / but 连接、简单 because 结构和收尾确认句。","6","A1|简易点餐|micro-task","Basic Ordering Food"
"scene:a1-11","band:A1","scene","A1","入门级（生存英语）","a1-11","学校与课堂日常","","","11","true","学校与课堂日常","入门级（生存英语） 场景：学校与课堂日常","围绕“学校与课堂日常”完成从输入、搭建、互动到输出的关卡训练。","围绕“学校与课堂日常”生成难度递进的场景对话，确保每一关只聚焦一个核心任务。","围绕“学校与课堂日常”提炼高频词、功能短语、可替换句型和复用表达。","根据 A1 阶段特点，为“学校与课堂日常”匹配最实用的语法重点与表达结构。","20","A1|学校与课堂日常","School and Classroom Routines"
"scene:a1-11:stage:survival-input","scene:a1-11","stage","A1","入门级（生存英语）","a1-11","学校与课堂日常","survival-input","第 1 关 · 识别场景","1","true","学校与课堂日常","先认人、认物、认动作，听懂并看懂场景里最基础的信息。","能识别“学校与课堂日常”中最基础的对象、问题和回应方式，知道开口时先说什么。","围绕“学校与课堂日常”设计 2 轮极短对话，突出问候、确认和基础回应。","提取“学校与课堂日常”里最先必须会的 6 个高频词或短语。","聚焦 be 动词、基础疑问句、简单陈述句和礼貌开场。","4","A1|学校与课堂日常|survival-input","School and Classroom Routines"
"scene:a1-11:stage:core-pattern","scene:a1-11","stage","A1","入门级（生存英语）","a1-11","学校与课堂日常","core-pattern","第 2 关 · 搭句开口","2","true","学校与课堂日常","把关键词拼成能直接复用的短句，先把嘴打开。","能围绕“学校与课堂日常”说出 2 到 3 个完整短句，表达最基本的需求和信息。","围绕“学校与课堂日常”设计 3 轮控制式对话，让学习者练习提问、回答和确认。","提取“学校与课堂日常”里最常用的固定搭配、问句和回应句。","聚焦一般现在时、there is / there are、can / can't 与基础数词时间表达。","5","A1|学校与课堂日常|core-pattern","School and Classroom Routines"
"scene:a1-11:stage:guided-scene","scene:a1-11","stage","A1","入门级（生存英语）","a1-11","学校与课堂日常","guided-scene","第 3 关 · 引导互动","3","true","学校与课堂日常","进入明确场景，按提示完成一轮来回互动。","能在“学校与课堂日常”里完成 3 轮引导式互动，不再只会单个词汇作答。","围绕“学校与课堂日常”设计 3 到 4 轮引导互动，对方先说、学习者跟进回应。","提取“学校与课堂日常”里用于确认、重复、听不清和补充说明的表达。","聚焦疑问句顺序、简单否定句和常见礼貌表达。","5","A1|学校与课堂日常|guided-scene","School and Classroom Routines"
"scene:a1-11:stage:micro-task","scene:a1-11","stage","A1","入门级（生存英语）","a1-11","学校与课堂日常","micro-task","第 4 关 · 完成小任务","4","true","学校与课堂日常","把一句一句练习变成一次完整任务输出。","能独立完成一次“学校与课堂日常”小任务，做到有开场、有说明、有收尾。","围绕“学校与课堂日常”设计 4 轮任务型对话，要求学习者完整表达自己的需求。","提取“学校与课堂日常”里最值得反复复用的收尾句和确认句。","聚焦 and / but 连接、简单 because 结构和收尾确认句。","6","A1|学校与课堂日常|micro-task","School and Classroom Routines"
"band:A2","root","band","A2","初级（日常事务英语）","","初级（日常事务英语）","","","2","true","初级（日常事务英语）","把简单句连成完整交流，能处理日常事务、安排、求助与描述。","完成 A2 阶段的场景训练，形成可迁移的真实沟通能力。","","","","","A2",""
"scene:a2-01","band:A2","scene","A2","初级（日常事务英语）","a2-01","购物（问价、尺码、颜色）","","","1","true","购物（问价、尺码、颜色）","初级（日常事务英语） 场景：购物（问价、尺码、颜色）","围绕“购物（问价、尺码、颜色）”完成从输入、搭建、互动到输出的关卡训练。","围绕“购物（问价、尺码、颜色）”生成难度递进的场景对话，确保每一关只聚焦一个核心任务。","围绕“购物（问价、尺码、颜色）”提炼高频词、功能短语、可替换句型和复用表达。","根据 A2 阶段特点，为“购物（问价、尺码、颜色）”匹配最实用的语法重点与表达结构。","20","A2|购物-问价-尺码-颜色","Shopping for Price, Size, and Color"
"scene:a2-01:stage:task-map","scene:a2-01","stage","A2","初级（日常事务英语）","a2-01","购物（问价、尺码、颜色）","task-map","第 1 关 · 建立任务地图","1","true","购物（问价、尺码、颜色）","看清场景流程，知道什么时候问、什么时候答、什么时候补信息。","理解“购物（问价、尺码、颜色）”的基本流程，知道交流中需要主动提供哪些信息。","围绕“购物（问价、尺码、颜色）”设计 2 轮任务起始对话，突出信息交换顺序。","提取“购物（问价、尺码、颜色）”里最关键的流程词、动作词和服务词。","聚焦一般现在时、祈使句、基础情态动词和礼貌请求。","4","A2|购物-问价-尺码-颜色|task-map","Shopping for Price, Size, and Color"
"scene:a2-01:stage:functional-patterns","scene:a2-01","stage","A2","初级（日常事务英语）","a2-01","购物（问价、尺码、颜色）","functional-patterns","第 2 关 · 功能句型","2","true","购物（问价、尺码、颜色）","学习能立即复用的功能句，不只是背单词。","能用 3 到 4 个高频句型完成“购物（问价、尺码、颜色）”里的问价、安排、说明和请求。","围绕“购物（问价、尺码、颜色）”设计 3 轮句型替换练习，让学习者在不同信息下复用表达。","提取“购物（问价、尺码、颜色）”里适合替换复用的句型骨架和槽位词。","聚焦 would like, have to, need to, want to 与时间地点表达。","5","A2|购物-问价-尺码-颜色|functional-patterns","Shopping for Price, Size, and Color"
"scene:a2-01:stage:multi-turn-handling","scene:a2-01","stage","A2","初级（日常事务英语）","a2-01","购物（问价、尺码、颜色）","multi-turn-handling","第 3 关 · 多轮应对","3","true","购物（问价、尺码、颜色）","面对追问时继续说下去，而不是说一句就结束。","能在“购物（问价、尺码、颜色）”中完成 4 轮多轮信息沟通，处理追问、确认和调整。","围绕“购物（问价、尺码、颜色）”设计 4 轮情境对话，加入追问、重说和重新安排。","提取“购物（问价、尺码、颜色）”里用于解释、修改和二次确认的表达。","聚焦过去式基础用法、时间顺序词和 because / so 说明关系。","5","A2|购物-问价-尺码-颜色|multi-turn-handling","Shopping for Price, Size, and Color"
"scene:a2-01:stage:daily-mission","scene:a2-01","stage","A2","初级（日常事务英语）","a2-01","购物（问价、尺码、颜色）","daily-mission","第 4 关 · 事务完成","4","true","购物（问价、尺码、颜色）","把任务说完，说到对方能给出下一步动作。","能独立完成一次“购物（问价、尺码、颜色）”事务沟通，把需求、限制和期望结果说清楚。","围绕“购物（问价、尺码、颜色）”设计 4 到 5 轮任务型对话，要求学习者自己组织完整表达。","提取“购物（问价、尺码、颜色）”里最自然的请求句、解释句和结束句。","聚焦过去式 / 将来安排、比较级和更完整的复合句。","6","A2|购物-问价-尺码-颜色|daily-mission","Shopping for Price, Size, and Color"
"scene:a2-02","band:A2","scene","A2","初级（日常事务英语）","a2-02","餐厅完整点餐","","","2","true","餐厅完整点餐","初级（日常事务英语） 场景：餐厅完整点餐","围绕“餐厅完整点餐”完成从输入、搭建、互动到输出的关卡训练。","围绕“餐厅完整点餐”生成难度递进的场景对话，确保每一关只聚焦一个核心任务。","围绕“餐厅完整点餐”提炼高频词、功能短语、可替换句型和复用表达。","根据 A2 阶段特点，为“餐厅完整点餐”匹配最实用的语法重点与表达结构。","20","A2|餐厅完整点餐","Full Restaurant Ordering"
"scene:a2-02:stage:task-map","scene:a2-02","stage","A2","初级（日常事务英语）","a2-02","餐厅完整点餐","task-map","第 1 关 · 建立任务地图","1","true","餐厅完整点餐","看清场景流程，知道什么时候问、什么时候答、什么时候补信息。","理解“餐厅完整点餐”的基本流程，知道交流中需要主动提供哪些信息。","围绕“餐厅完整点餐”设计 2 轮任务起始对话，突出信息交换顺序。","提取“餐厅完整点餐”里最关键的流程词、动作词和服务词。","聚焦一般现在时、祈使句、基础情态动词和礼貌请求。","4","A2|餐厅完整点餐|task-map","Full Restaurant Ordering"
"scene:a2-02:stage:functional-patterns","scene:a2-02","stage","A2","初级（日常事务英语）","a2-02","餐厅完整点餐","functional-patterns","第 2 关 · 功能句型","2","true","餐厅完整点餐","学习能立即复用的功能句，不只是背单词。","能用 3 到 4 个高频句型完成“餐厅完整点餐”里的问价、安排、说明和请求。","围绕“餐厅完整点餐”设计 3 轮句型替换练习，让学习者在不同信息下复用表达。","提取“餐厅完整点餐”里适合替换复用的句型骨架和槽位词。","聚焦 would like, have to, need to, want to 与时间地点表达。","5","A2|餐厅完整点餐|functional-patterns","Full Restaurant Ordering"
"scene:a2-02:stage:multi-turn-handling","scene:a2-02","stage","A2","初级（日常事务英语）","a2-02","餐厅完整点餐","multi-turn-handling","第 3 关 · 多轮应对","3","true","餐厅完整点餐","面对追问时继续说下去，而不是说一句就结束。","能在“餐厅完整点餐”中完成 4 轮多轮信息沟通，处理追问、确认和调整。","围绕“餐厅完整点餐”设计 4 轮情境对话，加入追问、重说和重新安排。","提取“餐厅完整点餐”里用于解释、修改和二次确认的表达。","聚焦过去式基础用法、时间顺序词和 because / so 说明关系。","5","A2|餐厅完整点餐|multi-turn-handling","Full Restaurant Ordering"
"scene:a2-02:stage:daily-mission","scene:a2-02","stage","A2","初级（日常事务英语）","a2-02","餐厅完整点餐","daily-mission","第 4 关 · 事务完成","4","true","餐厅完整点餐","把任务说完，说到对方能给出下一步动作。","能独立完成一次“餐厅完整点餐”事务沟通，把需求、限制和期望结果说清楚。","围绕“餐厅完整点餐”设计 4 到 5 轮任务型对话，要求学习者自己组织完整表达。","提取“餐厅完整点餐”里最自然的请求句、解释句和结束句。","聚焦过去式 / 将来安排、比较级和更完整的复合句。","6","A2|餐厅完整点餐|daily-mission","Full Restaurant Ordering"
"scene:a2-03","band:A2","scene","A2","初级（日常事务英语）","a2-03","描述外貌与性格","","","3","true","描述外貌与性格","初级（日常事务英语） 场景：描述外貌与性格","围绕“描述外貌与性格”完成从输入、搭建、互动到输出的关卡训练。","围绕“描述外貌与性格”生成难度递进的场景对话，确保每一关只聚焦一个核心任务。","围绕“描述外貌与性格”提炼高频词、功能短语、可替换句型和复用表达。","根据 A2 阶段特点，为“描述外貌与性格”匹配最实用的语法重点与表达结构。","20","A2|描述外貌与性格","Describing Appearance and Personality"
"scene:a2-03:stage:task-map","scene:a2-03","stage","A2","初级（日常事务英语）","a2-03","描述外貌与性格","task-map","第 1 关 · 建立任务地图","1","true","描述外貌与性格","看清场景流程，知道什么时候问、什么时候答、什么时候补信息。","理解“描述外貌与性格”的基本流程，知道交流中需要主动提供哪些信息。","围绕“描述外貌与性格”设计 2 轮任务起始对话，突出信息交换顺序。","提取“描述外貌与性格”里最关键的流程词、动作词和服务词。","聚焦一般现在时、祈使句、基础情态动词和礼貌请求。","4","A2|描述外貌与性格|task-map","Describing Appearance and Personality"
"scene:a2-03:stage:functional-patterns","scene:a2-03","stage","A2","初级（日常事务英语）","a2-03","描述外貌与性格","functional-patterns","第 2 关 · 功能句型","2","true","描述外貌与性格","学习能立即复用的功能句，不只是背单词。","能用 3 到 4 个高频句型完成“描述外貌与性格”里的问价、安排、说明和请求。","围绕“描述外貌与性格”设计 3 轮句型替换练习，让学习者在不同信息下复用表达。","提取“描述外貌与性格”里适合替换复用的句型骨架和槽位词。","聚焦 would like, have to, need to, want to 与时间地点表达。","5","A2|描述外貌与性格|functional-patterns","Describing Appearance and Personality"
"scene:a2-03:stage:multi-turn-handling","scene:a2-03","stage","A2","初级（日常事务英语）","a2-03","描述外貌与性格","multi-turn-handling","第 3 关 · 多轮应对","3","true","描述外貌与性格","面对追问时继续说下去，而不是说一句就结束。","能在“描述外貌与性格”中完成 4 轮多轮信息沟通，处理追问、确认和调整。","围绕“描述外貌与性格”设计 4 轮情境对话，加入追问、重说和重新安排。","提取“描述外貌与性格”里用于解释、修改和二次确认的表达。","聚焦过去式基础用法、时间顺序词和 because / so 说明关系。","5","A2|描述外貌与性格|multi-turn-handling","Describing Appearance and Personality"
"scene:a2-03:stage:daily-mission","scene:a2-03","stage","A2","初级（日常事务英语）","a2-03","描述外貌与性格","daily-mission","第 4 关 · 事务完成","4","true","描述外貌与性格","把任务说完，说到对方能给出下一步动作。","能独立完成一次“描述外貌与性格”事务沟通，把需求、限制和期望结果说清楚。","围绕“描述外貌与性格”设计 4 到 5 轮任务型对话，要求学习者自己组织完整表达。","提取“描述外貌与性格”里最自然的请求句、解释句和结束句。","聚焦过去式 / 将来安排、比较级和更完整的复合句。","6","A2|描述外貌与性格|daily-mission","Describing Appearance and Personality"
"scene:a2-04","band:A2","scene","A2","初级（日常事务英语）","a2-04","日常作息与习惯","","","4","true","日常作息与习惯","初级（日常事务英语） 场景：日常作息与习惯","围绕“日常作息与习惯”完成从输入、搭建、互动到输出的关卡训练。","围绕“日常作息与习惯”生成难度递进的场景对话，确保每一关只聚焦一个核心任务。","围绕“日常作息与习惯”提炼高频词、功能短语、可替换句型和复用表达。","根据 A2 阶段特点，为“日常作息与习惯”匹配最实用的语法重点与表达结构。","20","A2|日常作息与习惯","Daily Routines and Habits"
"scene:a2-04:stage:task-map","scene:a2-04","stage","A2","初级（日常事务英语）","a2-04","日常作息与习惯","task-map","第 1 关 · 建立任务地图","1","true","日常作息与习惯","看清场景流程，知道什么时候问、什么时候答、什么时候补信息。","理解“日常作息与习惯”的基本流程，知道交流中需要主动提供哪些信息。","围绕“日常作息与习惯”设计 2 轮任务起始对话，突出信息交换顺序。","提取“日常作息与习惯”里最关键的流程词、动作词和服务词。","聚焦一般现在时、祈使句、基础情态动词和礼貌请求。","4","A2|日常作息与习惯|task-map","Daily Routines and Habits"
"scene:a2-04:stage:functional-patterns","scene:a2-04","stage","A2","初级（日常事务英语）","a2-04","日常作息与习惯","functional-patterns","第 2 关 · 功能句型","2","true","日常作息与习惯","学习能立即复用的功能句，不只是背单词。","能用 3 到 4 个高频句型完成“日常作息与习惯”里的问价、安排、说明和请求。","围绕“日常作息与习惯”设计 3 轮句型替换练习，让学习者在不同信息下复用表达。","提取“日常作息与习惯”里适合替换复用的句型骨架和槽位词。","聚焦 would like, have to, need to, want to 与时间地点表达。","5","A2|日常作息与习惯|functional-patterns","Daily Routines and Habits"
"scene:a2-04:stage:multi-turn-handling","scene:a2-04","stage","A2","初级（日常事务英语）","a2-04","日常作息与习惯","multi-turn-handling","第 3 关 · 多轮应对","3","true","日常作息与习惯","面对追问时继续说下去，而不是说一句就结束。","能在“日常作息与习惯”中完成 4 轮多轮信息沟通，处理追问、确认和调整。","围绕“日常作息与习惯”设计 4 轮情境对话，加入追问、重说和重新安排。","提取“日常作息与习惯”里用于解释、修改和二次确认的表达。","聚焦过去式基础用法、时间顺序词和 because / so 说明关系。","5","A2|日常作息与习惯|multi-turn-handling","Daily Routines and Habits"
"scene:a2-04:stage:daily-mission","scene:a2-04","stage","A2","初级（日常事务英语）","a2-04","日常作息与习惯","daily-mission","第 4 关 · 事务完成","4","true","日常作息与习惯","把任务说完，说到对方能给出下一步动作。","能独立完成一次“日常作息与习惯”事务沟通，把需求、限制和期望结果说清楚。","围绕“日常作息与习惯”设计 4 到 5 轮任务型对话，要求学习者自己组织完整表达。","提取“日常作息与习惯”里最自然的请求句、解释句和结束句。","聚焦过去式 / 将来安排、比较级和更完整的复合句。","6","A2|日常作息与习惯|daily-mission","Daily Routines and Habits"
"scene:a2-05","band:A2","scene","A2","初级（日常事务英语）","a2-05","邀约、安排时间与计划","","","5","true","邀约、安排时间与计划","初级（日常事务英语） 场景：邀约、安排时间与计划","围绕“邀约、安排时间与计划”完成从输入、搭建、互动到输出的关卡训练。","围绕“邀约、安排时间与计划”生成难度递进的场景对话，确保每一关只聚焦一个核心任务。","围绕“邀约、安排时间与计划”提炼高频词、功能短语、可替换句型和复用表达。","根据 A2 阶段特点，为“邀约、安排时间与计划”匹配最实用的语法重点与表达结构。","20","A2|邀约-安排时间与计划","Invitations, Scheduling, and Plans"
"scene:a2-05:stage:task-map","scene:a2-05","stage","A2","初级（日常事务英语）","a2-05","邀约、安排时间与计划","task-map","第 1 关 · 建立任务地图","1","true","邀约、安排时间与计划","看清场景流程，知道什么时候问、什么时候答、什么时候补信息。","理解“邀约、安排时间与计划”的基本流程，知道交流中需要主动提供哪些信息。","围绕“邀约、安排时间与计划”设计 2 轮任务起始对话，突出信息交换顺序。","提取“邀约、安排时间与计划”里最关键的流程词、动作词和服务词。","聚焦一般现在时、祈使句、基础情态动词和礼貌请求。","4","A2|邀约-安排时间与计划|task-map","Invitations, Scheduling, and Plans"
"scene:a2-05:stage:functional-patterns","scene:a2-05","stage","A2","初级（日常事务英语）","a2-05","邀约、安排时间与计划","functional-patterns","第 2 关 · 功能句型","2","true","邀约、安排时间与计划","学习能立即复用的功能句，不只是背单词。","能用 3 到 4 个高频句型完成“邀约、安排时间与计划”里的问价、安排、说明和请求。","围绕“邀约、安排时间与计划”设计 3 轮句型替换练习，让学习者在不同信息下复用表达。","提取“邀约、安排时间与计划”里适合替换复用的句型骨架和槽位词。","聚焦 would like, have to, need to, want to 与时间地点表达。","5","A2|邀约-安排时间与计划|functional-patterns","Invitations, Scheduling, and Plans"
"scene:a2-05:stage:multi-turn-handling","scene:a2-05","stage","A2","初级（日常事务英语）","a2-05","邀约、安排时间与计划","multi-turn-handling","第 3 关 · 多轮应对","3","true","邀约、安排时间与计划","面对追问时继续说下去，而不是说一句就结束。","能在“邀约、安排时间与计划”中完成 4 轮多轮信息沟通，处理追问、确认和调整。","围绕“邀约、安排时间与计划”设计 4 轮情境对话，加入追问、重说和重新安排。","提取“邀约、安排时间与计划”里用于解释、修改和二次确认的表达。","聚焦过去式基础用法、时间顺序词和 because / so 说明关系。","5","A2|邀约-安排时间与计划|multi-turn-handling","Invitations, Scheduling, and Plans"
"scene:a2-05:stage:daily-mission","scene:a2-05","stage","A2","初级（日常事务英语）","a2-05","邀约、安排时间与计划","daily-mission","第 4 关 · 事务完成","4","true","邀约、安排时间与计划","把任务说完，说到对方能给出下一步动作。","能独立完成一次“邀约、安排时间与计划”事务沟通，把需求、限制和期望结果说清楚。","围绕“邀约、安排时间与计划”设计 4 到 5 轮任务型对话，要求学习者自己组织完整表达。","提取“邀约、安排时间与计划”里最自然的请求句、解释句和结束句。","聚焦过去式 / 将来安排、比较级和更完整的复合句。","6","A2|邀约-安排时间与计划|daily-mission","Invitations, Scheduling, and Plans"
"scene:a2-06","band:A2","scene","A2","初级（日常事务英语）","a2-06","打电话与留言","","","6","true","打电话与留言","初级（日常事务英语） 场景：打电话与留言","围绕“打电话与留言”完成从输入、搭建、互动到输出的关卡训练。","围绕“打电话与留言”生成难度递进的场景对话，确保每一关只聚焦一个核心任务。","围绕“打电话与留言”提炼高频词、功能短语、可替换句型和复用表达。","根据 A2 阶段特点，为“打电话与留言”匹配最实用的语法重点与表达结构。","20","A2|打电话与留言","Phone Calls and Messages"
"scene:a2-06:stage:task-map","scene:a2-06","stage","A2","初级（日常事务英语）","a2-06","打电话与留言","task-map","第 1 关 · 建立任务地图","1","true","打电话与留言","看清场景流程，知道什么时候问、什么时候答、什么时候补信息。","理解“打电话与留言”的基本流程，知道交流中需要主动提供哪些信息。","围绕“打电话与留言”设计 2 轮任务起始对话，突出信息交换顺序。","提取“打电话与留言”里最关键的流程词、动作词和服务词。","聚焦一般现在时、祈使句、基础情态动词和礼貌请求。","4","A2|打电话与留言|task-map","Phone Calls and Messages"
"scene:a2-06:stage:functional-patterns","scene:a2-06","stage","A2","初级（日常事务英语）","a2-06","打电话与留言","functional-patterns","第 2 关 · 功能句型","2","true","打电话与留言","学习能立即复用的功能句，不只是背单词。","能用 3 到 4 个高频句型完成“打电话与留言”里的问价、安排、说明和请求。","围绕“打电话与留言”设计 3 轮句型替换练习，让学习者在不同信息下复用表达。","提取“打电话与留言”里适合替换复用的句型骨架和槽位词。","聚焦 would like, have to, need to, want to 与时间地点表达。","5","A2|打电话与留言|functional-patterns","Phone Calls and Messages"
"scene:a2-06:stage:multi-turn-handling","scene:a2-06","stage","A2","初级（日常事务英语）","a2-06","打电话与留言","multi-turn-handling","第 3 关 · 多轮应对","3","true","打电话与留言","面对追问时继续说下去，而不是说一句就结束。","能在“打电话与留言”中完成 4 轮多轮信息沟通，处理追问、确认和调整。","围绕“打电话与留言”设计 4 轮情境对话，加入追问、重说和重新安排。","提取“打电话与留言”里用于解释、修改和二次确认的表达。","聚焦过去式基础用法、时间顺序词和 because / so 说明关系。","5","A2|打电话与留言|multi-turn-handling","Phone Calls and Messages"
"scene:a2-06:stage:daily-mission","scene:a2-06","stage","A2","初级（日常事务英语）","a2-06","打电话与留言","daily-mission","第 4 关 · 事务完成","4","true","打电话与留言","把任务说完，说到对方能给出下一步动作。","能独立完成一次“打电话与留言”事务沟通，把需求、限制和期望结果说清楚。","围绕“打电话与留言”设计 4 到 5 轮任务型对话，要求学习者自己组织完整表达。","提取“打电话与留言”里最自然的请求句、解释句和结束句。","聚焦过去式 / 将来安排、比较级和更完整的复合句。","6","A2|打电话与留言|daily-mission","Phone Calls and Messages"
"scene:a2-07","band:A2","scene","A2","初级（日常事务英语）","a2-07","看病与描述不适","","","7","true","看病与描述不适","初级（日常事务英语） 场景：看病与描述不适","围绕“看病与描述不适”完成从输入、搭建、互动到输出的关卡训练。","围绕“看病与描述不适”生成难度递进的场景对话，确保每一关只聚焦一个核心任务。","围绕“看病与描述不适”提炼高频词、功能短语、可替换句型和复用表达。","根据 A2 阶段特点，为“看病与描述不适”匹配最实用的语法重点与表达结构。","20","A2|看病与描述不适","Seeing a Doctor and Describing Symptoms"
"scene:a2-07:stage:task-map","scene:a2-07","stage","A2","初级（日常事务英语）","a2-07","看病与描述不适","task-map","第 1 关 · 建立任务地图","1","true","看病与描述不适","看清场景流程，知道什么时候问、什么时候答、什么时候补信息。","理解“看病与描述不适”的基本流程，知道交流中需要主动提供哪些信息。","围绕“看病与描述不适”设计 2 轮任务起始对话，突出信息交换顺序。","提取“看病与描述不适”里最关键的流程词、动作词和服务词。","聚焦一般现在时、祈使句、基础情态动词和礼貌请求。","4","A2|看病与描述不适|task-map","Seeing a Doctor and Describing Symptoms"
"scene:a2-07:stage:functional-patterns","scene:a2-07","stage","A2","初级（日常事务英语）","a2-07","看病与描述不适","functional-patterns","第 2 关 · 功能句型","2","true","看病与描述不适","学习能立即复用的功能句，不只是背单词。","能用 3 到 4 个高频句型完成“看病与描述不适”里的问价、安排、说明和请求。","围绕“看病与描述不适”设计 3 轮句型替换练习，让学习者在不同信息下复用表达。","提取“看病与描述不适”里适合替换复用的句型骨架和槽位词。","聚焦 would like, have to, need to, want to 与时间地点表达。","5","A2|看病与描述不适|functional-patterns","Seeing a Doctor and Describing Symptoms"
"scene:a2-07:stage:multi-turn-handling","scene:a2-07","stage","A2","初级（日常事务英语）","a2-07","看病与描述不适","multi-turn-handling","第 3 关 · 多轮应对","3","true","看病与描述不适","面对追问时继续说下去，而不是说一句就结束。","能在“看病与描述不适”中完成 4 轮多轮信息沟通，处理追问、确认和调整。","围绕“看病与描述不适”设计 4 轮情境对话，加入追问、重说和重新安排。","提取“看病与描述不适”里用于解释、修改和二次确认的表达。","聚焦过去式基础用法、时间顺序词和 because / so 说明关系。","5","A2|看病与描述不适|multi-turn-handling","Seeing a Doctor and Describing Symptoms"
"scene:a2-07:stage:daily-mission","scene:a2-07","stage","A2","初级（日常事务英语）","a2-07","看病与描述不适","daily-mission","第 4 关 · 事务完成","4","true","看病与描述不适","把任务说完，说到对方能给出下一步动作。","能独立完成一次“看病与描述不适”事务沟通，把需求、限制和期望结果说清楚。","围绕“看病与描述不适”设计 4 到 5 轮任务型对话，要求学习者自己组织完整表达。","提取“看病与描述不适”里最自然的请求句、解释句和结束句。","聚焦过去式 / 将来安排、比较级和更完整的复合句。","6","A2|看病与描述不适|daily-mission","Seeing a Doctor and Describing Symptoms"
"scene:a2-08","band:A2","scene","A2","初级（日常事务英语）","a2-08","交通出行（公交、地铁、打车）","","","8","true","交通出行（公交、地铁、打车）","初级（日常事务英语） 场景：交通出行（公交、地铁、打车）","围绕“交通出行（公交、地铁、打车）”完成从输入、搭建、互动到输出的关卡训练。","围绕“交通出行（公交、地铁、打车）”生成难度递进的场景对话，确保每一关只聚焦一个核心任务。","围绕“交通出行（公交、地铁、打车）”提炼高频词、功能短语、可替换句型和复用表达。","根据 A2 阶段特点，为“交通出行（公交、地铁、打车）”匹配最实用的语法重点与表达结构。","20","A2|交通出行-公交-地铁-打车","Transportation and Getting Around"
"scene:a2-08:stage:task-map","scene:a2-08","stage","A2","初级（日常事务英语）","a2-08","交通出行（公交、地铁、打车）","task-map","第 1 关 · 建立任务地图","1","true","交通出行（公交、地铁、打车）","看清场景流程，知道什么时候问、什么时候答、什么时候补信息。","理解“交通出行（公交、地铁、打车）”的基本流程，知道交流中需要主动提供哪些信息。","围绕“交通出行（公交、地铁、打车）”设计 2 轮任务起始对话，突出信息交换顺序。","提取“交通出行（公交、地铁、打车）”里最关键的流程词、动作词和服务词。","聚焦一般现在时、祈使句、基础情态动词和礼貌请求。","4","A2|交通出行-公交-地铁-打车|task-map","Transportation and Getting Around"
"scene:a2-08:stage:functional-patterns","scene:a2-08","stage","A2","初级（日常事务英语）","a2-08","交通出行（公交、地铁、打车）","functional-patterns","第 2 关 · 功能句型","2","true","交通出行（公交、地铁、打车）","学习能立即复用的功能句，不只是背单词。","能用 3 到 4 个高频句型完成“交通出行（公交、地铁、打车）”里的问价、安排、说明和请求。","围绕“交通出行（公交、地铁、打车）”设计 3 轮句型替换练习，让学习者在不同信息下复用表达。","提取“交通出行（公交、地铁、打车）”里适合替换复用的句型骨架和槽位词。","聚焦 would like, have to, need to, want to 与时间地点表达。","5","A2|交通出行-公交-地铁-打车|functional-patterns","Transportation and Getting Around"
"scene:a2-08:stage:multi-turn-handling","scene:a2-08","stage","A2","初级（日常事务英语）","a2-08","交通出行（公交、地铁、打车）","multi-turn-handling","第 3 关 · 多轮应对","3","true","交通出行（公交、地铁、打车）","面对追问时继续说下去，而不是说一句就结束。","能在“交通出行（公交、地铁、打车）”中完成 4 轮多轮信息沟通，处理追问、确认和调整。","围绕“交通出行（公交、地铁、打车）”设计 4 轮情境对话，加入追问、重说和重新安排。","提取“交通出行（公交、地铁、打车）”里用于解释、修改和二次确认的表达。","聚焦过去式基础用法、时间顺序词和 because / so 说明关系。","5","A2|交通出行-公交-地铁-打车|multi-turn-handling","Transportation and Getting Around"
"scene:a2-08:stage:daily-mission","scene:a2-08","stage","A2","初级（日常事务英语）","a2-08","交通出行（公交、地铁、打车）","daily-mission","第 4 关 · 事务完成","4","true","交通出行（公交、地铁、打车）","把任务说完，说到对方能给出下一步动作。","能独立完成一次“交通出行（公交、地铁、打车）”事务沟通，把需求、限制和期望结果说清楚。","围绕“交通出行（公交、地铁、打车）”设计 4 到 5 轮任务型对话，要求学习者自己组织完整表达。","提取“交通出行（公交、地铁、打车）”里最自然的请求句、解释句和结束句。","聚焦过去式 / 将来安排、比较级和更完整的复合句。","6","A2|交通出行-公交-地铁-打车|daily-mission","Transportation and Getting Around"
"scene:a2-09","band:A2","scene","A2","初级（日常事务英语）","a2-09","兴趣爱好与娱乐","","","9","true","兴趣爱好与娱乐","初级（日常事务英语） 场景：兴趣爱好与娱乐","围绕“兴趣爱好与娱乐”完成从输入、搭建、互动到输出的关卡训练。","围绕“兴趣爱好与娱乐”生成难度递进的场景对话，确保每一关只聚焦一个核心任务。","围绕“兴趣爱好与娱乐”提炼高频词、功能短语、可替换句型和复用表达。","根据 A2 阶段特点，为“兴趣爱好与娱乐”匹配最实用的语法重点与表达结构。","20","A2|兴趣爱好与娱乐","Hobbies and Entertainment"
"scene:a2-09:stage:task-map","scene:a2-09","stage","A2","初级（日常事务英语）","a2-09","兴趣爱好与娱乐","task-map","第 1 关 · 建立任务地图","1","true","兴趣爱好与娱乐","看清场景流程，知道什么时候问、什么时候答、什么时候补信息。","理解“兴趣爱好与娱乐”的基本流程，知道交流中需要主动提供哪些信息。","围绕“兴趣爱好与娱乐”设计 2 轮任务起始对话，突出信息交换顺序。","提取“兴趣爱好与娱乐”里最关键的流程词、动作词和服务词。","聚焦一般现在时、祈使句、基础情态动词和礼貌请求。","4","A2|兴趣爱好与娱乐|task-map","Hobbies and Entertainment"
"scene:a2-09:stage:functional-patterns","scene:a2-09","stage","A2","初级（日常事务英语）","a2-09","兴趣爱好与娱乐","functional-patterns","第 2 关 · 功能句型","2","true","兴趣爱好与娱乐","学习能立即复用的功能句，不只是背单词。","能用 3 到 4 个高频句型完成“兴趣爱好与娱乐”里的问价、安排、说明和请求。","围绕“兴趣爱好与娱乐”设计 3 轮句型替换练习，让学习者在不同信息下复用表达。","提取“兴趣爱好与娱乐”里适合替换复用的句型骨架和槽位词。","聚焦 would like, have to, need to, want to 与时间地点表达。","5","A2|兴趣爱好与娱乐|functional-patterns","Hobbies and Entertainment"
"scene:a2-09:stage:multi-turn-handling","scene:a2-09","stage","A2","初级（日常事务英语）","a2-09","兴趣爱好与娱乐","multi-turn-handling","第 3 关 · 多轮应对","3","true","兴趣爱好与娱乐","面对追问时继续说下去，而不是说一句就结束。","能在“兴趣爱好与娱乐”中完成 4 轮多轮信息沟通，处理追问、确认和调整。","围绕“兴趣爱好与娱乐”设计 4 轮情境对话，加入追问、重说和重新安排。","提取“兴趣爱好与娱乐”里用于解释、修改和二次确认的表达。","聚焦过去式基础用法、时间顺序词和 because / so 说明关系。","5","A2|兴趣爱好与娱乐|multi-turn-handling","Hobbies and Entertainment"
"scene:a2-09:stage:daily-mission","scene:a2-09","stage","A2","初级（日常事务英语）","a2-09","兴趣爱好与娱乐","daily-mission","第 4 关 · 事务完成","4","true","兴趣爱好与娱乐","把任务说完，说到对方能给出下一步动作。","能独立完成一次“兴趣爱好与娱乐”事务沟通，把需求、限制和期望结果说清楚。","围绕“兴趣爱好与娱乐”设计 4 到 5 轮任务型对话，要求学习者自己组织完整表达。","提取“兴趣爱好与娱乐”里最自然的请求句、解释句和结束句。","聚焦过去式 / 将来安排、比较级和更完整的复合句。","6","A2|兴趣爱好与娱乐|daily-mission","Hobbies and Entertainment"
"scene:a2-10","band:A2","scene","A2","初级（日常事务英语）","a2-10","感谢、道歉、请求帮助","","","10","true","感谢、道歉、请求帮助","初级（日常事务英语） 场景：感谢、道歉、请求帮助","围绕“感谢、道歉、请求帮助”完成从输入、搭建、互动到输出的关卡训练。","围绕“感谢、道歉、请求帮助”生成难度递进的场景对话，确保每一关只聚焦一个核心任务。","围绕“感谢、道歉、请求帮助”提炼高频词、功能短语、可替换句型和复用表达。","根据 A2 阶段特点，为“感谢、道歉、请求帮助”匹配最实用的语法重点与表达结构。","20","A2|感谢-道歉-请求帮助","Thanks, Apologies, and Asking for Help"
"scene:a2-10:stage:task-map","scene:a2-10","stage","A2","初级（日常事务英语）","a2-10","感谢、道歉、请求帮助","task-map","第 1 关 · 建立任务地图","1","true","感谢、道歉、请求帮助","看清场景流程，知道什么时候问、什么时候答、什么时候补信息。","理解“感谢、道歉、请求帮助”的基本流程，知道交流中需要主动提供哪些信息。","围绕“感谢、道歉、请求帮助”设计 2 轮任务起始对话，突出信息交换顺序。","提取“感谢、道歉、请求帮助”里最关键的流程词、动作词和服务词。","聚焦一般现在时、祈使句、基础情态动词和礼貌请求。","4","A2|感谢-道歉-请求帮助|task-map","Thanks, Apologies, and Asking for Help"
"scene:a2-10:stage:functional-patterns","scene:a2-10","stage","A2","初级（日常事务英语）","a2-10","感谢、道歉、请求帮助","functional-patterns","第 2 关 · 功能句型","2","true","感谢、道歉、请求帮助","学习能立即复用的功能句，不只是背单词。","能用 3 到 4 个高频句型完成“感谢、道歉、请求帮助”里的问价、安排、说明和请求。","围绕“感谢、道歉、请求帮助”设计 3 轮句型替换练习，让学习者在不同信息下复用表达。","提取“感谢、道歉、请求帮助”里适合替换复用的句型骨架和槽位词。","聚焦 would like, have to, need to, want to 与时间地点表达。","5","A2|感谢-道歉-请求帮助|functional-patterns","Thanks, Apologies, and Asking for Help"
"scene:a2-10:stage:multi-turn-handling","scene:a2-10","stage","A2","初级（日常事务英语）","a2-10","感谢、道歉、请求帮助","multi-turn-handling","第 3 关 · 多轮应对","3","true","感谢、道歉、请求帮助","面对追问时继续说下去，而不是说一句就结束。","能在“感谢、道歉、请求帮助”中完成 4 轮多轮信息沟通，处理追问、确认和调整。","围绕“感谢、道歉、请求帮助”设计 4 轮情境对话，加入追问、重说和重新安排。","提取“感谢、道歉、请求帮助”里用于解释、修改和二次确认的表达。","聚焦过去式基础用法、时间顺序词和 because / so 说明关系。","5","A2|感谢-道歉-请求帮助|multi-turn-handling","Thanks, Apologies, and Asking for Help"
"scene:a2-10:stage:daily-mission","scene:a2-10","stage","A2","初级（日常事务英语）","a2-10","感谢、道歉、请求帮助","daily-mission","第 4 关 · 事务完成","4","true","感谢、道歉、请求帮助","把任务说完，说到对方能给出下一步动作。","能独立完成一次“感谢、道歉、请求帮助”事务沟通，把需求、限制和期望结果说清楚。","围绕“感谢、道歉、请求帮助”设计 4 到 5 轮任务型对话，要求学习者自己组织完整表达。","提取“感谢、道歉、请求帮助”里最自然的请求句、解释句和结束句。","聚焦过去式 / 将来安排、比较级和更完整的复合句。","6","A2|感谢-道歉-请求帮助|daily-mission","Thanks, Apologies, and Asking for Help"
"scene:a2-11","band:A2","scene","A2","初级（日常事务英语）","a2-11","简单过去时事件（昨天做了什么）","","","11","true","简单过去时事件（昨天做了什么）","初级（日常事务英语） 场景：简单过去时事件（昨天做了什么）","围绕“简单过去时事件（昨天做了什么）”完成从输入、搭建、互动到输出的关卡训练。","围绕“简单过去时事件（昨天做了什么）”生成难度递进的场景对话，确保每一关只聚焦一个核心任务。","围绕“简单过去时事件（昨天做了什么）”提炼高频词、功能短语、可替换句型和复用表达。","根据 A2 阶段特点，为“简单过去时事件（昨天做了什么）”匹配最实用的语法重点与表达结构。","20","A2|简单过去时事件-昨天做了什么","Simple Past Events"
"scene:a2-11:stage:task-map","scene:a2-11","stage","A2","初级（日常事务英语）","a2-11","简单过去时事件（昨天做了什么）","task-map","第 1 关 · 建立任务地图","1","true","简单过去时事件（昨天做了什么）","看清场景流程，知道什么时候问、什么时候答、什么时候补信息。","理解“简单过去时事件（昨天做了什么）”的基本流程，知道交流中需要主动提供哪些信息。","围绕“简单过去时事件（昨天做了什么）”设计 2 轮任务起始对话，突出信息交换顺序。","提取“简单过去时事件（昨天做了什么）”里最关键的流程词、动作词和服务词。","聚焦一般现在时、祈使句、基础情态动词和礼貌请求。","4","A2|简单过去时事件-昨天做了什么|task-map","Simple Past Events"
"scene:a2-11:stage:functional-patterns","scene:a2-11","stage","A2","初级（日常事务英语）","a2-11","简单过去时事件（昨天做了什么）","functional-patterns","第 2 关 · 功能句型","2","true","简单过去时事件（昨天做了什么）","学习能立即复用的功能句，不只是背单词。","能用 3 到 4 个高频句型完成“简单过去时事件（昨天做了什么）”里的问价、安排、说明和请求。","围绕“简单过去时事件（昨天做了什么）”设计 3 轮句型替换练习，让学习者在不同信息下复用表达。","提取“简单过去时事件（昨天做了什么）”里适合替换复用的句型骨架和槽位词。","聚焦 would like, have to, need to, want to 与时间地点表达。","5","A2|简单过去时事件-昨天做了什么|functional-patterns","Simple Past Events"
"scene:a2-11:stage:multi-turn-handling","scene:a2-11","stage","A2","初级（日常事务英语）","a2-11","简单过去时事件（昨天做了什么）","multi-turn-handling","第 3 关 · 多轮应对","3","true","简单过去时事件（昨天做了什么）","面对追问时继续说下去，而不是说一句就结束。","能在“简单过去时事件（昨天做了什么）”中完成 4 轮多轮信息沟通，处理追问、确认和调整。","围绕“简单过去时事件（昨天做了什么）”设计 4 轮情境对话，加入追问、重说和重新安排。","提取“简单过去时事件（昨天做了什么）”里用于解释、修改和二次确认的表达。","聚焦过去式基础用法、时间顺序词和 because / so 说明关系。","5","A2|简单过去时事件-昨天做了什么|multi-turn-handling","Simple Past Events"
"scene:a2-11:stage:daily-mission","scene:a2-11","stage","A2","初级（日常事务英语）","a2-11","简单过去时事件（昨天做了什么）","daily-mission","第 4 关 · 事务完成","4","true","简单过去时事件（昨天做了什么）","把任务说完，说到对方能给出下一步动作。","能独立完成一次“简单过去时事件（昨天做了什么）”事务沟通，把需求、限制和期望结果说清楚。","围绕“简单过去时事件（昨天做了什么）”设计 4 到 5 轮任务型对话，要求学习者自己组织完整表达。","提取“简单过去时事件（昨天做了什么）”里最自然的请求句、解释句和结束句。","聚焦过去式 / 将来安排、比较级和更完整的复合句。","6","A2|简单过去时事件-昨天做了什么|daily-mission","Simple Past Events"
"scene:a2-12","band:A2","scene","A2","初级（日常事务英语）","a2-12","酒店入住与简易租房","","","12","true","酒店入住与简易租房","初级（日常事务英语） 场景：酒店入住与简易租房","围绕“酒店入住与简易租房”完成从输入、搭建、互动到输出的关卡训练。","围绕“酒店入住与简易租房”生成难度递进的场景对话，确保每一关只聚焦一个核心任务。","围绕“酒店入住与简易租房”提炼高频词、功能短语、可替换句型和复用表达。","根据 A2 阶段特点，为“酒店入住与简易租房”匹配最实用的语法重点与表达结构。","20","A2|酒店入住与简易租房","Hotel Check-In and Basic Renting"
"scene:a2-12:stage:task-map","scene:a2-12","stage","A2","初级（日常事务英语）","a2-12","酒店入住与简易租房","task-map","第 1 关 · 建立任务地图","1","true","酒店入住与简易租房","看清场景流程，知道什么时候问、什么时候答、什么时候补信息。","理解“酒店入住与简易租房”的基本流程，知道交流中需要主动提供哪些信息。","围绕“酒店入住与简易租房”设计 2 轮任务起始对话，突出信息交换顺序。","提取“酒店入住与简易租房”里最关键的流程词、动作词和服务词。","聚焦一般现在时、祈使句、基础情态动词和礼貌请求。","4","A2|酒店入住与简易租房|task-map","Hotel Check-In and Basic Renting"
"scene:a2-12:stage:functional-patterns","scene:a2-12","stage","A2","初级（日常事务英语）","a2-12","酒店入住与简易租房","functional-patterns","第 2 关 · 功能句型","2","true","酒店入住与简易租房","学习能立即复用的功能句，不只是背单词。","能用 3 到 4 个高频句型完成“酒店入住与简易租房”里的问价、安排、说明和请求。","围绕“酒店入住与简易租房”设计 3 轮句型替换练习，让学习者在不同信息下复用表达。","提取“酒店入住与简易租房”里适合替换复用的句型骨架和槽位词。","聚焦 would like, have to, need to, want to 与时间地点表达。","5","A2|酒店入住与简易租房|functional-patterns","Hotel Check-In and Basic Renting"
"scene:a2-12:stage:multi-turn-handling","scene:a2-12","stage","A2","初级（日常事务英语）","a2-12","酒店入住与简易租房","multi-turn-handling","第 3 关 · 多轮应对","3","true","酒店入住与简易租房","面对追问时继续说下去，而不是说一句就结束。","能在“酒店入住与简易租房”中完成 4 轮多轮信息沟通，处理追问、确认和调整。","围绕“酒店入住与简易租房”设计 4 轮情境对话，加入追问、重说和重新安排。","提取“酒店入住与简易租房”里用于解释、修改和二次确认的表达。","聚焦过去式基础用法、时间顺序词和 because / so 说明关系。","5","A2|酒店入住与简易租房|multi-turn-handling","Hotel Check-In and Basic Renting"
"scene:a2-12:stage:daily-mission","scene:a2-12","stage","A2","初级（日常事务英语）","a2-12","酒店入住与简易租房","daily-mission","第 4 关 · 事务完成","4","true","酒店入住与简易租房","把任务说完，说到对方能给出下一步动作。","能独立完成一次“酒店入住与简易租房”事务沟通，把需求、限制和期望结果说清楚。","围绕“酒店入住与简易租房”设计 4 到 5 轮任务型对话，要求学习者自己组织完整表达。","提取“酒店入住与简易租房”里最自然的请求句、解释句和结束句。","聚焦过去式 / 将来安排、比较级和更完整的复合句。","6","A2|酒店入住与简易租房|daily-mission","Hotel Check-In and Basic Renting"
"band:B1","root","band","B1","中级（生活 + 观点表达）","","中级（生活 + 观点表达）","","","3","true","中级（生活 + 观点表达）","开始组织信息、补充理由、表达态度，并能完成生活化的多轮沟通。","完成 B1 阶段的场景训练，形成可迁移的真实沟通能力。","","","","","B1",""
"scene:b1-01","band:B1","scene","B1","中级（生活 + 观点表达）","b1-01","旅行规划与出行准备","","","1","true","旅行规划与出行准备","中级（生活 + 观点表达） 场景：旅行规划与出行准备","围绕“旅行规划与出行准备”完成从输入、搭建、互动到输出的关卡训练。","围绕“旅行规划与出行准备”生成难度递进的场景对话，确保每一关只聚焦一个核心任务。","围绕“旅行规划与出行准备”提炼高频词、功能短语、可替换句型和复用表达。","根据 B1 阶段特点，为“旅行规划与出行准备”匹配最实用的语法重点与表达结构。","20","B1|旅行规划与出行准备","Travel Planning and Preparation"
"scene:b1-01:stage:idea-frame","scene:b1-01","stage","B1","中级（生活 + 观点表达）","b1-01","旅行规划与出行准备","idea-frame","第 1 关 · 搭建表达框架","1","true","旅行规划与出行准备","先学会把观点、经历或计划组织成可理解的结构。","能围绕“旅行规划与出行准备”组织一段有顺序的表达，而不是零散句子拼接。","围绕“旅行规划与出行准备”设计 2 轮对话，突出背景、主观点和理由。","提取“旅行规划与出行准备”里表达观点、时间线和态度的高频表达。","聚焦一般过去时、将来表达、原因结果句和连接词。","4","B1|旅行规划与出行准备|idea-frame","Travel Planning and Preparation"
"scene:b1-01:stage:reasoning-pattern","scene:b1-01","stage","B1","中级（生活 + 观点表达）","b1-01","旅行规划与出行准备","reasoning-pattern","第 2 关 · 补充理由","2","true","旅行规划与出行准备","从“我觉得”升级到“我觉得，因为……”。","能针对“旅行规划与出行准备”给出 2 到 3 个简单理由或例子支撑自己的表达。","围绕“旅行规划与出行准备”设计 3 轮对话，要求学习者说观点并补一句理由。","提取“旅行规划与出行准备”里常用的理由词、态度词和例子引导词。","聚焦 because, if, when, before, after 与比较结构。","5","B1|旅行规划与出行准备|reasoning-pattern","Travel Planning and Preparation"
"scene:b1-01:stage:follow-up-response","scene:b1-01","stage","B1","中级（生活 + 观点表达）","b1-01","旅行规划与出行准备","follow-up-response","第 3 关 · 回应追问","3","true","旅行规划与出行准备","面对追问继续展开，而不是停在表层回答。","能在“旅行规划与出行准备”里完成 4 轮以上互动，回应追问并补充细节。","围绕“旅行规划与出行准备”设计 4 轮多轮互动，加入追问、澄清和补充经历。","提取“旅行规划与出行准备”里用于补充、转折和个人体验描述的表达。","聚焦现在完成时基础、情态动词推测和描述经历的从句。","5","B1|旅行规划与出行准备|follow-up-response","Travel Planning and Preparation"
"scene:b1-01:stage:independent-output","scene:b1-01","stage","B1","中级（生活 + 观点表达）","b1-01","旅行规划与出行准备","independent-output","第 4 关 · 独立输出","4","true","旅行规划与出行准备","形成一段能单独成立的生活化表达。","能独立完成一次围绕“旅行规划与出行准备”的多句输出，表达观点、经历或建议。","围绕“旅行规划与出行准备”设计 5 轮任务型互动，要求学习者在无提示下完整表达。","提取“旅行规划与出行准备”里更自然的态度表达、缓冲表达和结尾表达。","聚焦复合句、让步结构和更完整的观点组织语言。","6","B1|旅行规划与出行准备|independent-output","Travel Planning and Preparation"
"scene:b1-02","band:B1","scene","B1","中级（生活 + 观点表达）","b1-02","基础求职面试","","","2","true","基础求职面试","中级（生活 + 观点表达） 场景：基础求职面试","围绕“基础求职面试”完成从输入、搭建、互动到输出的关卡训练。","围绕“基础求职面试”生成难度递进的场景对话，确保每一关只聚焦一个核心任务。","围绕“基础求职面试”提炼高频词、功能短语、可替换句型和复用表达。","根据 B1 阶段特点，为“基础求职面试”匹配最实用的语法重点与表达结构。","20","B1|基础求职面试","Basic Job Interviews"
"scene:b1-02:stage:idea-frame","scene:b1-02","stage","B1","中级（生活 + 观点表达）","b1-02","基础求职面试","idea-frame","第 1 关 · 搭建表达框架","1","true","基础求职面试","先学会把观点、经历或计划组织成可理解的结构。","能围绕“基础求职面试”组织一段有顺序的表达，而不是零散句子拼接。","围绕“基础求职面试”设计 2 轮对话，突出背景、主观点和理由。","提取“基础求职面试”里表达观点、时间线和态度的高频表达。","聚焦一般过去时、将来表达、原因结果句和连接词。","4","B1|基础求职面试|idea-frame","Basic Job Interviews"
"scene:b1-02:stage:reasoning-pattern","scene:b1-02","stage","B1","中级（生活 + 观点表达）","b1-02","基础求职面试","reasoning-pattern","第 2 关 · 补充理由","2","true","基础求职面试","从“我觉得”升级到“我觉得，因为……”。","能针对“基础求职面试”给出 2 到 3 个简单理由或例子支撑自己的表达。","围绕“基础求职面试”设计 3 轮对话，要求学习者说观点并补一句理由。","提取“基础求职面试”里常用的理由词、态度词和例子引导词。","聚焦 because, if, when, before, after 与比较结构。","5","B1|基础求职面试|reasoning-pattern","Basic Job Interviews"
"scene:b1-02:stage:follow-up-response","scene:b1-02","stage","B1","中级（生活 + 观点表达）","b1-02","基础求职面试","follow-up-response","第 3 关 · 回应追问","3","true","基础求职面试","面对追问继续展开，而不是停在表层回答。","能在“基础求职面试”里完成 4 轮以上互动，回应追问并补充细节。","围绕“基础求职面试”设计 4 轮多轮互动，加入追问、澄清和补充经历。","提取“基础求职面试”里用于补充、转折和个人体验描述的表达。","聚焦现在完成时基础、情态动词推测和描述经历的从句。","5","B1|基础求职面试|follow-up-response","Basic Job Interviews"
"scene:b1-02:stage:independent-output","scene:b1-02","stage","B1","中级（生活 + 观点表达）","b1-02","基础求职面试","independent-output","第 4 关 · 独立输出","4","true","基础求职面试","形成一段能单独成立的生活化表达。","能独立完成一次围绕“基础求职面试”的多句输出，表达观点、经历或建议。","围绕“基础求职面试”设计 5 轮任务型互动，要求学习者在无提示下完整表达。","提取“基础求职面试”里更自然的态度表达、缓冲表达和结尾表达。","聚焦复合句、让步结构和更完整的观点组织语言。","6","B1|基础求职面试|independent-output","Basic Job Interviews"
"scene:b1-03","band:B1","scene","B1","中级（生活 + 观点表达）","b1-03","表达观点与简单理由","","","3","true","表达观点与简单理由","中级（生活 + 观点表达） 场景：表达观点与简单理由","围绕“表达观点与简单理由”完成从输入、搭建、互动到输出的关卡训练。","围绕“表达观点与简单理由”生成难度递进的场景对话，确保每一关只聚焦一个核心任务。","围绕“表达观点与简单理由”提炼高频词、功能短语、可替换句型和复用表达。","根据 B1 阶段特点，为“表达观点与简单理由”匹配最实用的语法重点与表达结构。","20","B1|表达观点与简单理由","Opinions and Simple Reasons"
"scene:b1-03:stage:idea-frame","scene:b1-03","stage","B1","中级（生活 + 观点表达）","b1-03","表达观点与简单理由","idea-frame","第 1 关 · 搭建表达框架","1","true","表达观点与简单理由","先学会把观点、经历或计划组织成可理解的结构。","能围绕“表达观点与简单理由”组织一段有顺序的表达，而不是零散句子拼接。","围绕“表达观点与简单理由”设计 2 轮对话，突出背景、主观点和理由。","提取“表达观点与简单理由”里表达观点、时间线和态度的高频表达。","聚焦一般过去时、将来表达、原因结果句和连接词。","4","B1|表达观点与简单理由|idea-frame","Opinions and Simple Reasons"
"scene:b1-03:stage:reasoning-pattern","scene:b1-03","stage","B1","中级（生活 + 观点表达）","b1-03","表达观点与简单理由","reasoning-pattern","第 2 关 · 补充理由","2","true","表达观点与简单理由","从“我觉得”升级到“我觉得，因为……”。","能针对“表达观点与简单理由”给出 2 到 3 个简单理由或例子支撑自己的表达。","围绕“表达观点与简单理由”设计 3 轮对话，要求学习者说观点并补一句理由。","提取“表达观点与简单理由”里常用的理由词、态度词和例子引导词。","聚焦 because, if, when, before, after 与比较结构。","5","B1|表达观点与简单理由|reasoning-pattern","Opinions and Simple Reasons"
"scene:b1-03:stage:follow-up-response","scene:b1-03","stage","B1","中级（生活 + 观点表达）","b1-03","表达观点与简单理由","follow-up-response","第 3 关 · 回应追问","3","true","表达观点与简单理由","面对追问继续展开，而不是停在表层回答。","能在“表达观点与简单理由”里完成 4 轮以上互动，回应追问并补充细节。","围绕“表达观点与简单理由”设计 4 轮多轮互动，加入追问、澄清和补充经历。","提取“表达观点与简单理由”里用于补充、转折和个人体验描述的表达。","聚焦现在完成时基础、情态动词推测和描述经历的从句。","5","B1|表达观点与简单理由|follow-up-response","Opinions and Simple Reasons"
"scene:b1-03:stage:independent-output","scene:b1-03","stage","B1","中级（生活 + 观点表达）","b1-03","表达观点与简单理由","independent-output","第 4 关 · 独立输出","4","true","表达观点与简单理由","形成一段能单独成立的生活化表达。","能独立完成一次围绕“表达观点与简单理由”的多句输出，表达观点、经历或建议。","围绕“表达观点与简单理由”设计 5 轮任务型互动，要求学习者在无提示下完整表达。","提取“表达观点与简单理由”里更自然的态度表达、缓冲表达和结尾表达。","聚焦复合句、让步结构和更完整的观点组织语言。","6","B1|表达观点与简单理由|independent-output","Opinions and Simple Reasons"
"scene:b1-04","band:B1","scene","B1","中级（生活 + 观点表达）","b1-04","过去经历与回忆","","","4","true","过去经历与回忆","中级（生活 + 观点表达） 场景：过去经历与回忆","围绕“过去经历与回忆”完成从输入、搭建、互动到输出的关卡训练。","围绕“过去经历与回忆”生成难度递进的场景对话，确保每一关只聚焦一个核心任务。","围绕“过去经历与回忆”提炼高频词、功能短语、可替换句型和复用表达。","根据 B1 阶段特点，为“过去经历与回忆”匹配最实用的语法重点与表达结构。","20","B1|过去经历与回忆","Past Experiences and Memories"
"scene:b1-04:stage:idea-frame","scene:b1-04","stage","B1","中级（生活 + 观点表达）","b1-04","过去经历与回忆","idea-frame","第 1 关 · 搭建表达框架","1","true","过去经历与回忆","先学会把观点、经历或计划组织成可理解的结构。","能围绕“过去经历与回忆”组织一段有顺序的表达，而不是零散句子拼接。","围绕“过去经历与回忆”设计 2 轮对话，突出背景、主观点和理由。","提取“过去经历与回忆”里表达观点、时间线和态度的高频表达。","聚焦一般过去时、将来表达、原因结果句和连接词。","4","B1|过去经历与回忆|idea-frame","Past Experiences and Memories"
"scene:b1-04:stage:reasoning-pattern","scene:b1-04","stage","B1","中级（生活 + 观点表达）","b1-04","过去经历与回忆","reasoning-pattern","第 2 关 · 补充理由","2","true","过去经历与回忆","从“我觉得”升级到“我觉得，因为……”。","能针对“过去经历与回忆”给出 2 到 3 个简单理由或例子支撑自己的表达。","围绕“过去经历与回忆”设计 3 轮对话，要求学习者说观点并补一句理由。","提取“过去经历与回忆”里常用的理由词、态度词和例子引导词。","聚焦 because, if, when, before, after 与比较结构。","5","B1|过去经历与回忆|reasoning-pattern","Past Experiences and Memories"
"scene:b1-04:stage:follow-up-response","scene:b1-04","stage","B1","中级（生活 + 观点表达）","b1-04","过去经历与回忆","follow-up-response","第 3 关 · 回应追问","3","true","过去经历与回忆","面对追问继续展开，而不是停在表层回答。","能在“过去经历与回忆”里完成 4 轮以上互动，回应追问并补充细节。","围绕“过去经历与回忆”设计 4 轮多轮互动，加入追问、澄清和补充经历。","提取“过去经历与回忆”里用于补充、转折和个人体验描述的表达。","聚焦现在完成时基础、情态动词推测和描述经历的从句。","5","B1|过去经历与回忆|follow-up-response","Past Experiences and Memories"
"scene:b1-04:stage:independent-output","scene:b1-04","stage","B1","中级（生活 + 观点表达）","b1-04","过去经历与回忆","independent-output","第 4 关 · 独立输出","4","true","过去经历与回忆","形成一段能单独成立的生活化表达。","能独立完成一次围绕“过去经历与回忆”的多句输出，表达观点、经历或建议。","围绕“过去经历与回忆”设计 5 轮任务型互动，要求学习者在无提示下完整表达。","提取“过去经历与回忆”里更自然的态度表达、缓冲表达和结尾表达。","聚焦复合句、让步结构和更完整的观点组织语言。","6","B1|过去经历与回忆|independent-output","Past Experiences and Memories"
"scene:b1-05","band:B1","scene","B1","中级（生活 + 观点表达）","b1-05","未来计划与梦想","","","5","true","未来计划与梦想","中级（生活 + 观点表达） 场景：未来计划与梦想","围绕“未来计划与梦想”完成从输入、搭建、互动到输出的关卡训练。","围绕“未来计划与梦想”生成难度递进的场景对话，确保每一关只聚焦一个核心任务。","围绕“未来计划与梦想”提炼高频词、功能短语、可替换句型和复用表达。","根据 B1 阶段特点，为“未来计划与梦想”匹配最实用的语法重点与表达结构。","20","B1|未来计划与梦想","Future Plans and Dreams"
"scene:b1-05:stage:idea-frame","scene:b1-05","stage","B1","中级（生活 + 观点表达）","b1-05","未来计划与梦想","idea-frame","第 1 关 · 搭建表达框架","1","true","未来计划与梦想","先学会把观点、经历或计划组织成可理解的结构。","能围绕“未来计划与梦想”组织一段有顺序的表达，而不是零散句子拼接。","围绕“未来计划与梦想”设计 2 轮对话，突出背景、主观点和理由。","提取“未来计划与梦想”里表达观点、时间线和态度的高频表达。","聚焦一般过去时、将来表达、原因结果句和连接词。","4","B1|未来计划与梦想|idea-frame","Future Plans and Dreams"
"scene:b1-05:stage:reasoning-pattern","scene:b1-05","stage","B1","中级（生活 + 观点表达）","b1-05","未来计划与梦想","reasoning-pattern","第 2 关 · 补充理由","2","true","未来计划与梦想","从“我觉得”升级到“我觉得，因为……”。","能针对“未来计划与梦想”给出 2 到 3 个简单理由或例子支撑自己的表达。","围绕“未来计划与梦想”设计 3 轮对话，要求学习者说观点并补一句理由。","提取“未来计划与梦想”里常用的理由词、态度词和例子引导词。","聚焦 because, if, when, before, after 与比较结构。","5","B1|未来计划与梦想|reasoning-pattern","Future Plans and Dreams"
"scene:b1-05:stage:follow-up-response","scene:b1-05","stage","B1","中级（生活 + 观点表达）","b1-05","未来计划与梦想","follow-up-response","第 3 关 · 回应追问","3","true","未来计划与梦想","面对追问继续展开，而不是停在表层回答。","能在“未来计划与梦想”里完成 4 轮以上互动，回应追问并补充细节。","围绕“未来计划与梦想”设计 4 轮多轮互动，加入追问、澄清和补充经历。","提取“未来计划与梦想”里用于补充、转折和个人体验描述的表达。","聚焦现在完成时基础、情态动词推测和描述经历的从句。","5","B1|未来计划与梦想|follow-up-response","Future Plans and Dreams"
"scene:b1-05:stage:independent-output","scene:b1-05","stage","B1","中级（生活 + 观点表达）","b1-05","未来计划与梦想","independent-output","第 4 关 · 独立输出","4","true","未来计划与梦想","形成一段能单独成立的生活化表达。","能独立完成一次围绕“未来计划与梦想”的多句输出，表达观点、经历或建议。","围绕“未来计划与梦想”设计 5 轮任务型互动，要求学习者在无提示下完整表达。","提取“未来计划与梦想”里更自然的态度表达、缓冲表达和结尾表达。","聚焦复合句、让步结构和更完整的观点组织语言。","6","B1|未来计划与梦想|independent-output","Future Plans and Dreams"
"scene:b1-06","band:B1","scene","B1","中级（生活 + 观点表达）","b1-06","电影、书籍、音乐等娱乐话题","","","6","true","电影、书籍、音乐等娱乐话题","中级（生活 + 观点表达） 场景：电影、书籍、音乐等娱乐话题","围绕“电影、书籍、音乐等娱乐话题”完成从输入、搭建、互动到输出的关卡训练。","围绕“电影、书籍、音乐等娱乐话题”生成难度递进的场景对话，确保每一关只聚焦一个核心任务。","围绕“电影、书籍、音乐等娱乐话题”提炼高频词、功能短语、可替换句型和复用表达。","根据 B1 阶段特点，为“电影、书籍、音乐等娱乐话题”匹配最实用的语法重点与表达结构。","20","B1|电影-书籍-音乐等娱乐话题","Movies, Books, and Music"
"scene:b1-06:stage:idea-frame","scene:b1-06","stage","B1","中级（生活 + 观点表达）","b1-06","电影、书籍、音乐等娱乐话题","idea-frame","第 1 关 · 搭建表达框架","1","true","电影、书籍、音乐等娱乐话题","先学会把观点、经历或计划组织成可理解的结构。","能围绕“电影、书籍、音乐等娱乐话题”组织一段有顺序的表达，而不是零散句子拼接。","围绕“电影、书籍、音乐等娱乐话题”设计 2 轮对话，突出背景、主观点和理由。","提取“电影、书籍、音乐等娱乐话题”里表达观点、时间线和态度的高频表达。","聚焦一般过去时、将来表达、原因结果句和连接词。","4","B1|电影-书籍-音乐等娱乐话题|idea-frame","Movies, Books, and Music"
"scene:b1-06:stage:reasoning-pattern","scene:b1-06","stage","B1","中级（生活 + 观点表达）","b1-06","电影、书籍、音乐等娱乐话题","reasoning-pattern","第 2 关 · 补充理由","2","true","电影、书籍、音乐等娱乐话题","从“我觉得”升级到“我觉得，因为……”。","能针对“电影、书籍、音乐等娱乐话题”给出 2 到 3 个简单理由或例子支撑自己的表达。","围绕“电影、书籍、音乐等娱乐话题”设计 3 轮对话，要求学习者说观点并补一句理由。","提取“电影、书籍、音乐等娱乐话题”里常用的理由词、态度词和例子引导词。","聚焦 because, if, when, before, after 与比较结构。","5","B1|电影-书籍-音乐等娱乐话题|reasoning-pattern","Movies, Books, and Music"
"scene:b1-06:stage:follow-up-response","scene:b1-06","stage","B1","中级（生活 + 观点表达）","b1-06","电影、书籍、音乐等娱乐话题","follow-up-response","第 3 关 · 回应追问","3","true","电影、书籍、音乐等娱乐话题","面对追问继续展开，而不是停在表层回答。","能在“电影、书籍、音乐等娱乐话题”里完成 4 轮以上互动，回应追问并补充细节。","围绕“电影、书籍、音乐等娱乐话题”设计 4 轮多轮互动，加入追问、澄清和补充经历。","提取“电影、书籍、音乐等娱乐话题”里用于补充、转折和个人体验描述的表达。","聚焦现在完成时基础、情态动词推测和描述经历的从句。","5","B1|电影-书籍-音乐等娱乐话题|follow-up-response","Movies, Books, and Music"
"scene:b1-06:stage:independent-output","scene:b1-06","stage","B1","中级（生活 + 观点表达）","b1-06","电影、书籍、音乐等娱乐话题","independent-output","第 4 关 · 独立输出","4","true","电影、书籍、音乐等娱乐话题","形成一段能单独成立的生活化表达。","能独立完成一次围绕“电影、书籍、音乐等娱乐话题”的多句输出，表达观点、经历或建议。","围绕“电影、书籍、音乐等娱乐话题”设计 5 轮任务型互动，要求学习者在无提示下完整表达。","提取“电影、书籍、音乐等娱乐话题”里更自然的态度表达、缓冲表达和结尾表达。","聚焦复合句、让步结构和更完整的观点组织语言。","6","B1|电影-书籍-音乐等娱乐话题|independent-output","Movies, Books, and Music"
"scene:b1-07","band:B1","scene","B1","中级（生活 + 观点表达）","b1-07","饮食、健康与运动","","","7","true","饮食、健康与运动","中级（生活 + 观点表达） 场景：饮食、健康与运动","围绕“饮食、健康与运动”完成从输入、搭建、互动到输出的关卡训练。","围绕“饮食、健康与运动”生成难度递进的场景对话，确保每一关只聚焦一个核心任务。","围绕“饮食、健康与运动”提炼高频词、功能短语、可替换句型和复用表达。","根据 B1 阶段特点，为“饮食、健康与运动”匹配最实用的语法重点与表达结构。","20","B1|饮食-健康与运动","Food, Health, and Exercise"
"scene:b1-07:stage:idea-frame","scene:b1-07","stage","B1","中级（生活 + 观点表达）","b1-07","饮食、健康与运动","idea-frame","第 1 关 · 搭建表达框架","1","true","饮食、健康与运动","先学会把观点、经历或计划组织成可理解的结构。","能围绕“饮食、健康与运动”组织一段有顺序的表达，而不是零散句子拼接。","围绕“饮食、健康与运动”设计 2 轮对话，突出背景、主观点和理由。","提取“饮食、健康与运动”里表达观点、时间线和态度的高频表达。","聚焦一般过去时、将来表达、原因结果句和连接词。","4","B1|饮食-健康与运动|idea-frame","Food, Health, and Exercise"
"scene:b1-07:stage:reasoning-pattern","scene:b1-07","stage","B1","中级（生活 + 观点表达）","b1-07","饮食、健康与运动","reasoning-pattern","第 2 关 · 补充理由","2","true","饮食、健康与运动","从“我觉得”升级到“我觉得，因为……”。","能针对“饮食、健康与运动”给出 2 到 3 个简单理由或例子支撑自己的表达。","围绕“饮食、健康与运动”设计 3 轮对话，要求学习者说观点并补一句理由。","提取“饮食、健康与运动”里常用的理由词、态度词和例子引导词。","聚焦 because, if, when, before, after 与比较结构。","5","B1|饮食-健康与运动|reasoning-pattern","Food, Health, and Exercise"
"scene:b1-07:stage:follow-up-response","scene:b1-07","stage","B1","中级（生活 + 观点表达）","b1-07","饮食、健康与运动","follow-up-response","第 3 关 · 回应追问","3","true","饮食、健康与运动","面对追问继续展开，而不是停在表层回答。","能在“饮食、健康与运动”里完成 4 轮以上互动，回应追问并补充细节。","围绕“饮食、健康与运动”设计 4 轮多轮互动，加入追问、澄清和补充经历。","提取“饮食、健康与运动”里用于补充、转折和个人体验描述的表达。","聚焦现在完成时基础、情态动词推测和描述经历的从句。","5","B1|饮食-健康与运动|follow-up-response","Food, Health, and Exercise"
"scene:b1-07:stage:independent-output","scene:b1-07","stage","B1","中级（生活 + 观点表达）","b1-07","饮食、健康与运动","independent-output","第 4 关 · 独立输出","4","true","饮食、健康与运动","形成一段能单独成立的生活化表达。","能独立完成一次围绕“饮食、健康与运动”的多句输出，表达观点、经历或建议。","围绕“饮食、健康与运动”设计 5 轮任务型互动，要求学习者在无提示下完整表达。","提取“饮食、健康与运动”里更自然的态度表达、缓冲表达和结尾表达。","聚焦复合句、让步结构和更完整的观点组织语言。","6","B1|饮食-健康与运动|independent-output","Food, Health, and Exercise"
"scene:b1-08","band:B1","scene","B1","中级（生活 + 观点表达）","b1-08","校园学习与考试","","","8","true","校园学习与考试","中级（生活 + 观点表达） 场景：校园学习与考试","围绕“校园学习与考试”完成从输入、搭建、互动到输出的关卡训练。","围绕“校园学习与考试”生成难度递进的场景对话，确保每一关只聚焦一个核心任务。","围绕“校园学习与考试”提炼高频词、功能短语、可替换句型和复用表达。","根据 B1 阶段特点，为“校园学习与考试”匹配最实用的语法重点与表达结构。","20","B1|校园学习与考试","Campus Study and Exams"
"scene:b1-08:stage:idea-frame","scene:b1-08","stage","B1","中级（生活 + 观点表达）","b1-08","校园学习与考试","idea-frame","第 1 关 · 搭建表达框架","1","true","校园学习与考试","先学会把观点、经历或计划组织成可理解的结构。","能围绕“校园学习与考试”组织一段有顺序的表达，而不是零散句子拼接。","围绕“校园学习与考试”设计 2 轮对话，突出背景、主观点和理由。","提取“校园学习与考试”里表达观点、时间线和态度的高频表达。","聚焦一般过去时、将来表达、原因结果句和连接词。","4","B1|校园学习与考试|idea-frame","Campus Study and Exams"
"scene:b1-08:stage:reasoning-pattern","scene:b1-08","stage","B1","中级（生活 + 观点表达）","b1-08","校园学习与考试","reasoning-pattern","第 2 关 · 补充理由","2","true","校园学习与考试","从“我觉得”升级到“我觉得，因为……”。","能针对“校园学习与考试”给出 2 到 3 个简单理由或例子支撑自己的表达。","围绕“校园学习与考试”设计 3 轮对话，要求学习者说观点并补一句理由。","提取“校园学习与考试”里常用的理由词、态度词和例子引导词。","聚焦 because, if, when, before, after 与比较结构。","5","B1|校园学习与考试|reasoning-pattern","Campus Study and Exams"
"scene:b1-08:stage:follow-up-response","scene:b1-08","stage","B1","中级（生活 + 观点表达）","b1-08","校园学习与考试","follow-up-response","第 3 关 · 回应追问","3","true","校园学习与考试","面对追问继续展开，而不是停在表层回答。","能在“校园学习与考试”里完成 4 轮以上互动，回应追问并补充细节。","围绕“校园学习与考试”设计 4 轮多轮互动，加入追问、澄清和补充经历。","提取“校园学习与考试”里用于补充、转折和个人体验描述的表达。","聚焦现在完成时基础、情态动词推测和描述经历的从句。","5","B1|校园学习与考试|follow-up-response","Campus Study and Exams"
"scene:b1-08:stage:independent-output","scene:b1-08","stage","B1","中级（生活 + 观点表达）","b1-08","校园学习与考试","independent-output","第 4 关 · 独立输出","4","true","校园学习与考试","形成一段能单独成立的生活化表达。","能独立完成一次围绕“校园学习与考试”的多句输出，表达观点、经历或建议。","围绕“校园学习与考试”设计 5 轮任务型互动，要求学习者在无提示下完整表达。","提取“校园学习与考试”里更自然的态度表达、缓冲表达和结尾表达。","聚焦复合句、让步结构和更完整的观点组织语言。","6","B1|校园学习与考试|independent-output","Campus Study and Exams"
"scene:b1-09","band:B1","scene","B1","中级（生活 + 观点表达）","b1-09","情绪表达","","","9","true","情绪表达","中级（生活 + 观点表达） 场景：情绪表达","围绕“情绪表达”完成从输入、搭建、互动到输出的关卡训练。","围绕“情绪表达”生成难度递进的场景对话，确保每一关只聚焦一个核心任务。","围绕“情绪表达”提炼高频词、功能短语、可替换句型和复用表达。","根据 B1 阶段特点，为“情绪表达”匹配最实用的语法重点与表达结构。","20","B1|情绪表达","Expressing Emotions"
"scene:b1-09:stage:idea-frame","scene:b1-09","stage","B1","中级（生活 + 观点表达）","b1-09","情绪表达","idea-frame","第 1 关 · 搭建表达框架","1","true","情绪表达","先学会把观点、经历或计划组织成可理解的结构。","能围绕“情绪表达”组织一段有顺序的表达，而不是零散句子拼接。","围绕“情绪表达”设计 2 轮对话，突出背景、主观点和理由。","提取“情绪表达”里表达观点、时间线和态度的高频表达。","聚焦一般过去时、将来表达、原因结果句和连接词。","4","B1|情绪表达|idea-frame","Expressing Emotions"
"scene:b1-09:stage:reasoning-pattern","scene:b1-09","stage","B1","中级（生活 + 观点表达）","b1-09","情绪表达","reasoning-pattern","第 2 关 · 补充理由","2","true","情绪表达","从“我觉得”升级到“我觉得，因为……”。","能针对“情绪表达”给出 2 到 3 个简单理由或例子支撑自己的表达。","围绕“情绪表达”设计 3 轮对话，要求学习者说观点并补一句理由。","提取“情绪表达”里常用的理由词、态度词和例子引导词。","聚焦 because, if, when, before, after 与比较结构。","5","B1|情绪表达|reasoning-pattern","Expressing Emotions"
"scene:b1-09:stage:follow-up-response","scene:b1-09","stage","B1","中级（生活 + 观点表达）","b1-09","情绪表达","follow-up-response","第 3 关 · 回应追问","3","true","情绪表达","面对追问继续展开，而不是停在表层回答。","能在“情绪表达”里完成 4 轮以上互动，回应追问并补充细节。","围绕“情绪表达”设计 4 轮多轮互动，加入追问、澄清和补充经历。","提取“情绪表达”里用于补充、转折和个人体验描述的表达。","聚焦现在完成时基础、情态动词推测和描述经历的从句。","5","B1|情绪表达|follow-up-response","Expressing Emotions"
"scene:b1-09:stage:independent-output","scene:b1-09","stage","B1","中级（生活 + 观点表达）","b1-09","情绪表达","independent-output","第 4 关 · 独立输出","4","true","情绪表达","形成一段能单独成立的生活化表达。","能独立完成一次围绕“情绪表达”的多句输出，表达观点、经历或建议。","围绕“情绪表达”设计 5 轮任务型互动，要求学习者在无提示下完整表达。","提取“情绪表达”里更自然的态度表达、缓冲表达和结尾表达。","聚焦复合句、让步结构和更完整的观点组织语言。","6","B1|情绪表达|independent-output","Expressing Emotions"
"scene:b1-10","band:B1","scene","B1","中级（生活 + 观点表达）","b1-10","聚会、做客与社交礼仪","","","10","true","聚会、做客与社交礼仪","中级（生活 + 观点表达） 场景：聚会、做客与社交礼仪","围绕“聚会、做客与社交礼仪”完成从输入、搭建、互动到输出的关卡训练。","围绕“聚会、做客与社交礼仪”生成难度递进的场景对话，确保每一关只聚焦一个核心任务。","围绕“聚会、做客与社交礼仪”提炼高频词、功能短语、可替换句型和复用表达。","根据 B1 阶段特点，为“聚会、做客与社交礼仪”匹配最实用的语法重点与表达结构。","20","B1|聚会-做客与社交礼仪","Parties, Visiting, and Social Etiquette"
"scene:b1-10:stage:idea-frame","scene:b1-10","stage","B1","中级（生活 + 观点表达）","b1-10","聚会、做客与社交礼仪","idea-frame","第 1 关 · 搭建表达框架","1","true","聚会、做客与社交礼仪","先学会把观点、经历或计划组织成可理解的结构。","能围绕“聚会、做客与社交礼仪”组织一段有顺序的表达，而不是零散句子拼接。","围绕“聚会、做客与社交礼仪”设计 2 轮对话，突出背景、主观点和理由。","提取“聚会、做客与社交礼仪”里表达观点、时间线和态度的高频表达。","聚焦一般过去时、将来表达、原因结果句和连接词。","4","B1|聚会-做客与社交礼仪|idea-frame","Parties, Visiting, and Social Etiquette"
"scene:b1-10:stage:reasoning-pattern","scene:b1-10","stage","B1","中级（生活 + 观点表达）","b1-10","聚会、做客与社交礼仪","reasoning-pattern","第 2 关 · 补充理由","2","true","聚会、做客与社交礼仪","从“我觉得”升级到“我觉得，因为……”。","能针对“聚会、做客与社交礼仪”给出 2 到 3 个简单理由或例子支撑自己的表达。","围绕“聚会、做客与社交礼仪”设计 3 轮对话，要求学习者说观点并补一句理由。","提取“聚会、做客与社交礼仪”里常用的理由词、态度词和例子引导词。","聚焦 because, if, when, before, after 与比较结构。","5","B1|聚会-做客与社交礼仪|reasoning-pattern","Parties, Visiting, and Social Etiquette"
"scene:b1-10:stage:follow-up-response","scene:b1-10","stage","B1","中级（生活 + 观点表达）","b1-10","聚会、做客与社交礼仪","follow-up-response","第 3 关 · 回应追问","3","true","聚会、做客与社交礼仪","面对追问继续展开，而不是停在表层回答。","能在“聚会、做客与社交礼仪”里完成 4 轮以上互动，回应追问并补充细节。","围绕“聚会、做客与社交礼仪”设计 4 轮多轮互动，加入追问、澄清和补充经历。","提取“聚会、做客与社交礼仪”里用于补充、转折和个人体验描述的表达。","聚焦现在完成时基础、情态动词推测和描述经历的从句。","5","B1|聚会-做客与社交礼仪|follow-up-response","Parties, Visiting, and Social Etiquette"
"scene:b1-10:stage:independent-output","scene:b1-10","stage","B1","中级（生活 + 观点表达）","b1-10","聚会、做客与社交礼仪","independent-output","第 4 关 · 独立输出","4","true","聚会、做客与社交礼仪","形成一段能单独成立的生活化表达。","能独立完成一次围绕“聚会、做客与社交礼仪”的多句输出，表达观点、经历或建议。","围绕“聚会、做客与社交礼仪”设计 5 轮任务型互动，要求学习者在无提示下完整表达。","提取“聚会、做客与社交礼仪”里更自然的态度表达、缓冲表达和结尾表达。","聚焦复合句、让步结构和更完整的观点组织语言。","6","B1|聚会-做客与社交礼仪|independent-output","Parties, Visiting, and Social Etiquette"
"scene:b1-11","band:B1","scene","B1","中级（生活 + 观点表达）","b1-11","投诉与提建议","","","11","true","投诉与提建议","中级（生活 + 观点表达） 场景：投诉与提建议","围绕“投诉与提建议”完成从输入、搭建、互动到输出的关卡训练。","围绕“投诉与提建议”生成难度递进的场景对话，确保每一关只聚焦一个核心任务。","围绕“投诉与提建议”提炼高频词、功能短语、可替换句型和复用表达。","根据 B1 阶段特点，为“投诉与提建议”匹配最实用的语法重点与表达结构。","20","B1|投诉与提建议","Complaints and Suggestions"
"scene:b1-11:stage:idea-frame","scene:b1-11","stage","B1","中级（生活 + 观点表达）","b1-11","投诉与提建议","idea-frame","第 1 关 · 搭建表达框架","1","true","投诉与提建议","先学会把观点、经历或计划组织成可理解的结构。","能围绕“投诉与提建议”组织一段有顺序的表达，而不是零散句子拼接。","围绕“投诉与提建议”设计 2 轮对话，突出背景、主观点和理由。","提取“投诉与提建议”里表达观点、时间线和态度的高频表达。","聚焦一般过去时、将来表达、原因结果句和连接词。","4","B1|投诉与提建议|idea-frame","Complaints and Suggestions"
"scene:b1-11:stage:reasoning-pattern","scene:b1-11","stage","B1","中级（生活 + 观点表达）","b1-11","投诉与提建议","reasoning-pattern","第 2 关 · 补充理由","2","true","投诉与提建议","从“我觉得”升级到“我觉得，因为……”。","能针对“投诉与提建议”给出 2 到 3 个简单理由或例子支撑自己的表达。","围绕“投诉与提建议”设计 3 轮对话，要求学习者说观点并补一句理由。","提取“投诉与提建议”里常用的理由词、态度词和例子引导词。","聚焦 because, if, when, before, after 与比较结构。","5","B1|投诉与提建议|reasoning-pattern","Complaints and Suggestions"
"scene:b1-11:stage:follow-up-response","scene:b1-11","stage","B1","中级（生活 + 观点表达）","b1-11","投诉与提建议","follow-up-response","第 3 关 · 回应追问","3","true","投诉与提建议","面对追问继续展开，而不是停在表层回答。","能在“投诉与提建议”里完成 4 轮以上互动，回应追问并补充细节。","围绕“投诉与提建议”设计 4 轮多轮互动，加入追问、澄清和补充经历。","提取“投诉与提建议”里用于补充、转折和个人体验描述的表达。","聚焦现在完成时基础、情态动词推测和描述经历的从句。","5","B1|投诉与提建议|follow-up-response","Complaints and Suggestions"
"scene:b1-11:stage:independent-output","scene:b1-11","stage","B1","中级（生活 + 观点表达）","b1-11","投诉与提建议","independent-output","第 4 关 · 独立输出","4","true","投诉与提建议","形成一段能单独成立的生活化表达。","能独立完成一次围绕“投诉与提建议”的多句输出，表达观点、经历或建议。","围绕“投诉与提建议”设计 5 轮任务型互动，要求学习者在无提示下完整表达。","提取“投诉与提建议”里更自然的态度表达、缓冲表达和结尾表达。","聚焦复合句、让步结构和更完整的观点组织语言。","6","B1|投诉与提建议|independent-output","Complaints and Suggestions"
"scene:b1-12","band:B1","scene","B1","中级（生活 + 观点表达）","b1-12","环保与简单社会话题","","","12","true","环保与简单社会话题","中级（生活 + 观点表达） 场景：环保与简单社会话题","围绕“环保与简单社会话题”完成从输入、搭建、互动到输出的关卡训练。","围绕“环保与简单社会话题”生成难度递进的场景对话，确保每一关只聚焦一个核心任务。","围绕“环保与简单社会话题”提炼高频词、功能短语、可替换句型和复用表达。","根据 B1 阶段特点，为“环保与简单社会话题”匹配最实用的语法重点与表达结构。","20","B1|环保与简单社会话题","The Environment and Social Topics"
"scene:b1-12:stage:idea-frame","scene:b1-12","stage","B1","中级（生活 + 观点表达）","b1-12","环保与简单社会话题","idea-frame","第 1 关 · 搭建表达框架","1","true","环保与简单社会话题","先学会把观点、经历或计划组织成可理解的结构。","能围绕“环保与简单社会话题”组织一段有顺序的表达，而不是零散句子拼接。","围绕“环保与简单社会话题”设计 2 轮对话，突出背景、主观点和理由。","提取“环保与简单社会话题”里表达观点、时间线和态度的高频表达。","聚焦一般过去时、将来表达、原因结果句和连接词。","4","B1|环保与简单社会话题|idea-frame","The Environment and Social Topics"
"scene:b1-12:stage:reasoning-pattern","scene:b1-12","stage","B1","中级（生活 + 观点表达）","b1-12","环保与简单社会话题","reasoning-pattern","第 2 关 · 补充理由","2","true","环保与简单社会话题","从“我觉得”升级到“我觉得，因为……”。","能针对“环保与简单社会话题”给出 2 到 3 个简单理由或例子支撑自己的表达。","围绕“环保与简单社会话题”设计 3 轮对话，要求学习者说观点并补一句理由。","提取“环保与简单社会话题”里常用的理由词、态度词和例子引导词。","聚焦 because, if, when, before, after 与比较结构。","5","B1|环保与简单社会话题|reasoning-pattern","The Environment and Social Topics"
"scene:b1-12:stage:follow-up-response","scene:b1-12","stage","B1","中级（生活 + 观点表达）","b1-12","环保与简单社会话题","follow-up-response","第 3 关 · 回应追问","3","true","环保与简单社会话题","面对追问继续展开，而不是停在表层回答。","能在“环保与简单社会话题”里完成 4 轮以上互动，回应追问并补充细节。","围绕“环保与简单社会话题”设计 4 轮多轮互动，加入追问、澄清和补充经历。","提取“环保与简单社会话题”里用于补充、转折和个人体验描述的表达。","聚焦现在完成时基础、情态动词推测和描述经历的从句。","5","B1|环保与简单社会话题|follow-up-response","The Environment and Social Topics"
"scene:b1-12:stage:independent-output","scene:b1-12","stage","B1","中级（生活 + 观点表达）","b1-12","环保与简单社会话题","independent-output","第 4 关 · 独立输出","4","true","环保与简单社会话题","形成一段能单独成立的生活化表达。","能独立完成一次围绕“环保与简单社会话题”的多句输出，表达观点、经历或建议。","围绕“环保与简单社会话题”设计 5 轮任务型互动，要求学习者在无提示下完整表达。","提取“环保与简单社会话题”里更自然的态度表达、缓冲表达和结尾表达。","聚焦复合句、让步结构和更完整的观点组织语言。","6","B1|环保与简单社会话题|independent-output","The Environment and Social Topics"
"band:B2","root","band","B2","中高级（深入讨论 + 职场）","","中高级（深入讨论 + 职场）","","","4","true","中高级（深入讨论 + 职场）","能在复杂生活与工作场景中清楚解释、比较、协商和推进事情。","完成 B2 阶段的场景训练，形成可迁移的真实沟通能力。","","","","","B2",""
"scene:b2-01","band:B2","scene","B2","中高级（深入讨论 + 职场）","b2-01","职场沟通（会议、汇报、邮件）","","","1","true","职场沟通（会议、汇报、邮件）","中高级（深入讨论 + 职场） 场景：职场沟通（会议、汇报、邮件）","围绕“职场沟通（会议、汇报、邮件）”完成从输入、搭建、互动到输出的关卡训练。","围绕“职场沟通（会议、汇报、邮件）”生成难度递进的场景对话，确保每一关只聚焦一个核心任务。","围绕“职场沟通（会议、汇报、邮件）”提炼高频词、功能短语、可替换句型和复用表达。","根据 B2 阶段特点，为“职场沟通（会议、汇报、邮件）”匹配最实用的语法重点与表达结构。","20","B2|职场沟通-会议-汇报-邮件","Workplace Communication"
"scene:b2-01:stage:context-analysis","scene:b2-01","stage","B2","中高级（深入讨论 + 职场）","b2-01","职场沟通（会议、汇报、邮件）","context-analysis","第 1 关 · 拆解情境","1","true","职场沟通（会议、汇报、邮件）","明确利益相关方、问题背景和沟通目标。","能分析“职场沟通（会议、汇报、邮件）”中的立场、目标与约束，知道发言应围绕什么展开。","围绕“职场沟通（会议、汇报、邮件）”设计 2 轮场景分析型对话，突出背景和目标确认。","提取“职场沟通（会议、汇报、邮件）”里用于分析情况、比较选项和说明限制的表达。","聚焦条件句、被动语态、比较结构和解释型从句。","4","B2|职场沟通-会议-汇报-邮件|context-analysis","Workplace Communication"
"scene:b2-01:stage:positioning","scene:b2-01","stage","B2","中高级（深入讨论 + 职场）","b2-01","职场沟通（会议、汇报、邮件）","positioning","第 2 关 · 立场表达","2","true","职场沟通（会议、汇报、邮件）","学会清晰表达主张、保留意见和优先级。","能就“职场沟通（会议、汇报、邮件）”清楚表明立场，提出建议、保留或替代方案。","围绕“职场沟通（会议、汇报、邮件）”设计 3 轮立场表达对话，让学习者比较并选择方案。","提取“职场沟通（会议、汇报、邮件）”里用于主张、让步、比较和推荐的表达。","聚焦虚拟语气基础、情态动词推断和名词化表达。","5","B2|职场沟通-会议-汇报-邮件|positioning","Workplace Communication"
"scene:b2-01:stage:negotiation-loop","scene:b2-01","stage","B2","中高级（深入讨论 + 职场）","b2-01","职场沟通（会议、汇报、邮件）","negotiation-loop","第 3 关 · 推进协商","3","true","职场沟通（会议、汇报、邮件）","处理不同意见，把沟通往下一步推进。","能在“职场沟通（会议、汇报、邮件）”中处理异议、追问与分歧，把对话推进到可执行结论。","围绕“职场沟通（会议、汇报、邮件）”设计 4 轮协商型互动，加入反对意见和修正方案。","提取“职场沟通（会议、汇报、邮件）”里用于协商、缓冲、重申重点和推进决定的表达。","聚焦让步、转折、假设和更精确的逻辑衔接。","5","B2|职场沟通-会议-汇报-邮件|negotiation-loop","Workplace Communication"
"scene:b2-01:stage:decision-output","scene:b2-01","stage","B2","中高级（深入讨论 + 职场）","b2-01","职场沟通（会议、汇报、邮件）","decision-output","第 4 关 · 形成结论","4","true","职场沟通（会议、汇报、邮件）","把想法收束成决定、建议、汇报或正式回应。","能围绕“职场沟通（会议、汇报、邮件）”输出一段完整结论，兼顾背景、分析、建议和下一步。","围绕“职场沟通（会议、汇报、邮件）”设计 5 轮任务型沟通，让学习者形成结论并推动执行。","提取“职场沟通（会议、汇报、邮件）”里用于总结、建议、汇报和正式回应的表达。","聚焦复杂复合句、书面口头混合语域和正式场景衔接表达。","6","B2|职场沟通-会议-汇报-邮件|decision-output","Workplace Communication"
"scene:b2-02","band:B2","scene","B2","中高级（深入讨论 + 职场）","b2-02","文化差异与习俗交流","","","2","true","文化差异与习俗交流","中高级（深入讨论 + 职场） 场景：文化差异与习俗交流","围绕“文化差异与习俗交流”完成从输入、搭建、互动到输出的关卡训练。","围绕“文化差异与习俗交流”生成难度递进的场景对话，确保每一关只聚焦一个核心任务。","围绕“文化差异与习俗交流”提炼高频词、功能短语、可替换句型和复用表达。","根据 B2 阶段特点，为“文化差异与习俗交流”匹配最实用的语法重点与表达结构。","20","B2|文化差异与习俗交流","Cultural Differences and Customs"
"scene:b2-02:stage:context-analysis","scene:b2-02","stage","B2","中高级（深入讨论 + 职场）","b2-02","文化差异与习俗交流","context-analysis","第 1 关 · 拆解情境","1","true","文化差异与习俗交流","明确利益相关方、问题背景和沟通目标。","能分析“文化差异与习俗交流”中的立场、目标与约束，知道发言应围绕什么展开。","围绕“文化差异与习俗交流”设计 2 轮场景分析型对话，突出背景和目标确认。","提取“文化差异与习俗交流”里用于分析情况、比较选项和说明限制的表达。","聚焦条件句、被动语态、比较结构和解释型从句。","4","B2|文化差异与习俗交流|context-analysis","Cultural Differences and Customs"
"scene:b2-02:stage:positioning","scene:b2-02","stage","B2","中高级（深入讨论 + 职场）","b2-02","文化差异与习俗交流","positioning","第 2 关 · 立场表达","2","true","文化差异与习俗交流","学会清晰表达主张、保留意见和优先级。","能就“文化差异与习俗交流”清楚表明立场，提出建议、保留或替代方案。","围绕“文化差异与习俗交流”设计 3 轮立场表达对话，让学习者比较并选择方案。","提取“文化差异与习俗交流”里用于主张、让步、比较和推荐的表达。","聚焦虚拟语气基础、情态动词推断和名词化表达。","5","B2|文化差异与习俗交流|positioning","Cultural Differences and Customs"
"scene:b2-02:stage:negotiation-loop","scene:b2-02","stage","B2","中高级（深入讨论 + 职场）","b2-02","文化差异与习俗交流","negotiation-loop","第 3 关 · 推进协商","3","true","文化差异与习俗交流","处理不同意见，把沟通往下一步推进。","能在“文化差异与习俗交流”中处理异议、追问与分歧，把对话推进到可执行结论。","围绕“文化差异与习俗交流”设计 4 轮协商型互动，加入反对意见和修正方案。","提取“文化差异与习俗交流”里用于协商、缓冲、重申重点和推进决定的表达。","聚焦让步、转折、假设和更精确的逻辑衔接。","5","B2|文化差异与习俗交流|negotiation-loop","Cultural Differences and Customs"
"scene:b2-02:stage:decision-output","scene:b2-02","stage","B2","中高级（深入讨论 + 职场）","b2-02","文化差异与习俗交流","decision-output","第 4 关 · 形成结论","4","true","文化差异与习俗交流","把想法收束成决定、建议、汇报或正式回应。","能围绕“文化差异与习俗交流”输出一段完整结论，兼顾背景、分析、建议和下一步。","围绕“文化差异与习俗交流”设计 5 轮任务型沟通，让学习者形成结论并推动执行。","提取“文化差异与习俗交流”里用于总结、建议、汇报和正式回应的表达。","聚焦复杂复合句、书面口头混合语域和正式场景衔接表达。","6","B2|文化差异与习俗交流|decision-output","Cultural Differences and Customs"
"scene:b2-03","band:B2","scene","B2","中高级（深入讨论 + 职场）","b2-03","教育、留学与专业选择","","","3","true","教育、留学与专业选择","中高级（深入讨论 + 职场） 场景：教育、留学与专业选择","围绕“教育、留学与专业选择”完成从输入、搭建、互动到输出的关卡训练。","围绕“教育、留学与专业选择”生成难度递进的场景对话，确保每一关只聚焦一个核心任务。","围绕“教育、留学与专业选择”提炼高频词、功能短语、可替换句型和复用表达。","根据 B2 阶段特点，为“教育、留学与专业选择”匹配最实用的语法重点与表达结构。","20","B2|教育-留学与专业选择","Education, Studying Abroad, and Majors"
"scene:b2-03:stage:context-analysis","scene:b2-03","stage","B2","中高级（深入讨论 + 职场）","b2-03","教育、留学与专业选择","context-analysis","第 1 关 · 拆解情境","1","true","教育、留学与专业选择","明确利益相关方、问题背景和沟通目标。","能分析“教育、留学与专业选择”中的立场、目标与约束，知道发言应围绕什么展开。","围绕“教育、留学与专业选择”设计 2 轮场景分析型对话，突出背景和目标确认。","提取“教育、留学与专业选择”里用于分析情况、比较选项和说明限制的表达。","聚焦条件句、被动语态、比较结构和解释型从句。","4","B2|教育-留学与专业选择|context-analysis","Education, Studying Abroad, and Majors"
"scene:b2-03:stage:positioning","scene:b2-03","stage","B2","中高级（深入讨论 + 职场）","b2-03","教育、留学与专业选择","positioning","第 2 关 · 立场表达","2","true","教育、留学与专业选择","学会清晰表达主张、保留意见和优先级。","能就“教育、留学与专业选择”清楚表明立场，提出建议、保留或替代方案。","围绕“教育、留学与专业选择”设计 3 轮立场表达对话，让学习者比较并选择方案。","提取“教育、留学与专业选择”里用于主张、让步、比较和推荐的表达。","聚焦虚拟语气基础、情态动词推断和名词化表达。","5","B2|教育-留学与专业选择|positioning","Education, Studying Abroad, and Majors"
"scene:b2-03:stage:negotiation-loop","scene:b2-03","stage","B2","中高级（深入讨论 + 职场）","b2-03","教育、留学与专业选择","negotiation-loop","第 3 关 · 推进协商","3","true","教育、留学与专业选择","处理不同意见，把沟通往下一步推进。","能在“教育、留学与专业选择”中处理异议、追问与分歧，把对话推进到可执行结论。","围绕“教育、留学与专业选择”设计 4 轮协商型互动，加入反对意见和修正方案。","提取“教育、留学与专业选择”里用于协商、缓冲、重申重点和推进决定的表达。","聚焦让步、转折、假设和更精确的逻辑衔接。","5","B2|教育-留学与专业选择|negotiation-loop","Education, Studying Abroad, and Majors"
"scene:b2-03:stage:decision-output","scene:b2-03","stage","B2","中高级（深入讨论 + 职场）","b2-03","教育、留学与专业选择","decision-output","第 4 关 · 形成结论","4","true","教育、留学与专业选择","把想法收束成决定、建议、汇报或正式回应。","能围绕“教育、留学与专业选择”输出一段完整结论，兼顾背景、分析、建议和下一步。","围绕“教育、留学与专业选择”设计 5 轮任务型沟通，让学习者形成结论并推动执行。","提取“教育、留学与专业选择”里用于总结、建议、汇报和正式回应的表达。","聚焦复杂复合句、书面口头混合语域和正式场景衔接表达。","6","B2|教育-留学与专业选择|decision-output","Education, Studying Abroad, and Majors"
"scene:b2-04","band:B2","scene","B2","中高级（深入讨论 + 职场）","b2-04","科技、网络与社交媒体","","","4","true","科技、网络与社交媒体","中高级（深入讨论 + 职场） 场景：科技、网络与社交媒体","围绕“科技、网络与社交媒体”完成从输入、搭建、互动到输出的关卡训练。","围绕“科技、网络与社交媒体”生成难度递进的场景对话，确保每一关只聚焦一个核心任务。","围绕“科技、网络与社交媒体”提炼高频词、功能短语、可替换句型和复用表达。","根据 B2 阶段特点，为“科技、网络与社交媒体”匹配最实用的语法重点与表达结构。","20","B2|科技-网络与社交媒体","Technology, the Internet, and Social Media"
"scene:b2-04:stage:context-analysis","scene:b2-04","stage","B2","中高级（深入讨论 + 职场）","b2-04","科技、网络与社交媒体","context-analysis","第 1 关 · 拆解情境","1","true","科技、网络与社交媒体","明确利益相关方、问题背景和沟通目标。","能分析“科技、网络与社交媒体”中的立场、目标与约束，知道发言应围绕什么展开。","围绕“科技、网络与社交媒体”设计 2 轮场景分析型对话，突出背景和目标确认。","提取“科技、网络与社交媒体”里用于分析情况、比较选项和说明限制的表达。","聚焦条件句、被动语态、比较结构和解释型从句。","4","B2|科技-网络与社交媒体|context-analysis","Technology, the Internet, and Social Media"
"scene:b2-04:stage:positioning","scene:b2-04","stage","B2","中高级（深入讨论 + 职场）","b2-04","科技、网络与社交媒体","positioning","第 2 关 · 立场表达","2","true","科技、网络与社交媒体","学会清晰表达主张、保留意见和优先级。","能就“科技、网络与社交媒体”清楚表明立场，提出建议、保留或替代方案。","围绕“科技、网络与社交媒体”设计 3 轮立场表达对话，让学习者比较并选择方案。","提取“科技、网络与社交媒体”里用于主张、让步、比较和推荐的表达。","聚焦虚拟语气基础、情态动词推断和名词化表达。","5","B2|科技-网络与社交媒体|positioning","Technology, the Internet, and Social Media"
"scene:b2-04:stage:negotiation-loop","scene:b2-04","stage","B2","中高级（深入讨论 + 职场）","b2-04","科技、网络与社交媒体","negotiation-loop","第 3 关 · 推进协商","3","true","科技、网络与社交媒体","处理不同意见，把沟通往下一步推进。","能在“科技、网络与社交媒体”中处理异议、追问与分歧，把对话推进到可执行结论。","围绕“科技、网络与社交媒体”设计 4 轮协商型互动，加入反对意见和修正方案。","提取“科技、网络与社交媒体”里用于协商、缓冲、重申重点和推进决定的表达。","聚焦让步、转折、假设和更精确的逻辑衔接。","5","B2|科技-网络与社交媒体|negotiation-loop","Technology, the Internet, and Social Media"
"scene:b2-04:stage:decision-output","scene:b2-04","stage","B2","中高级（深入讨论 + 职场）","b2-04","科技、网络与社交媒体","decision-output","第 4 关 · 形成结论","4","true","科技、网络与社交媒体","把想法收束成决定、建议、汇报或正式回应。","能围绕“科技、网络与社交媒体”输出一段完整结论，兼顾背景、分析、建议和下一步。","围绕“科技、网络与社交媒体”设计 5 轮任务型沟通，让学习者形成结论并推动执行。","提取“科技、网络与社交媒体”里用于总结、建议、汇报和正式回应的表达。","聚焦复杂复合句、书面口头混合语域和正式场景衔接表达。","6","B2|科技-网络与社交媒体|decision-output","Technology, the Internet, and Social Media"
"scene:b2-05","band:B2","scene","B2","中高级（深入讨论 + 职场）","b2-05","消费、理财与经济观念","","","5","true","消费、理财与经济观念","中高级（深入讨论 + 职场） 场景：消费、理财与经济观念","围绕“消费、理财与经济观念”完成从输入、搭建、互动到输出的关卡训练。","围绕“消费、理财与经济观念”生成难度递进的场景对话，确保每一关只聚焦一个核心任务。","围绕“消费、理财与经济观念”提炼高频词、功能短语、可替换句型和复用表达。","根据 B2 阶段特点，为“消费、理财与经济观念”匹配最实用的语法重点与表达结构。","20","B2|消费-理财与经济观念","Consumption, Finance, and Economic Thinking"
"scene:b2-05:stage:context-analysis","scene:b2-05","stage","B2","中高级（深入讨论 + 职场）","b2-05","消费、理财与经济观念","context-analysis","第 1 关 · 拆解情境","1","true","消费、理财与经济观念","明确利益相关方、问题背景和沟通目标。","能分析“消费、理财与经济观念”中的立场、目标与约束，知道发言应围绕什么展开。","围绕“消费、理财与经济观念”设计 2 轮场景分析型对话，突出背景和目标确认。","提取“消费、理财与经济观念”里用于分析情况、比较选项和说明限制的表达。","聚焦条件句、被动语态、比较结构和解释型从句。","4","B2|消费-理财与经济观念|context-analysis","Consumption, Finance, and Economic Thinking"
"scene:b2-05:stage:positioning","scene:b2-05","stage","B2","中高级（深入讨论 + 职场）","b2-05","消费、理财与经济观念","positioning","第 2 关 · 立场表达","2","true","消费、理财与经济观念","学会清晰表达主张、保留意见和优先级。","能就“消费、理财与经济观念”清楚表明立场，提出建议、保留或替代方案。","围绕“消费、理财与经济观念”设计 3 轮立场表达对话，让学习者比较并选择方案。","提取“消费、理财与经济观念”里用于主张、让步、比较和推荐的表达。","聚焦虚拟语气基础、情态动词推断和名词化表达。","5","B2|消费-理财与经济观念|positioning","Consumption, Finance, and Economic Thinking"
"scene:b2-05:stage:negotiation-loop","scene:b2-05","stage","B2","中高级（深入讨论 + 职场）","b2-05","消费、理财与经济观念","negotiation-loop","第 3 关 · 推进协商","3","true","消费、理财与经济观念","处理不同意见，把沟通往下一步推进。","能在“消费、理财与经济观念”中处理异议、追问与分歧，把对话推进到可执行结论。","围绕“消费、理财与经济观念”设计 4 轮协商型互动，加入反对意见和修正方案。","提取“消费、理财与经济观念”里用于协商、缓冲、重申重点和推进决定的表达。","聚焦让步、转折、假设和更精确的逻辑衔接。","5","B2|消费-理财与经济观念|negotiation-loop","Consumption, Finance, and Economic Thinking"
"scene:b2-05:stage:decision-output","scene:b2-05","stage","B2","中高级（深入讨论 + 职场）","b2-05","消费、理财与经济观念","decision-output","第 4 关 · 形成结论","4","true","消费、理财与经济观念","把想法收束成决定、建议、汇报或正式回应。","能围绕“消费、理财与经济观念”输出一段完整结论，兼顾背景、分析、建议和下一步。","围绕“消费、理财与经济观念”设计 5 轮任务型沟通，让学习者形成结论并推动执行。","提取“消费、理财与经济观念”里用于总结、建议、汇报和正式回应的表达。","聚焦复杂复合句、书面口头混合语域和正式场景衔接表达。","6","B2|消费-理财与经济观念|decision-output","Consumption, Finance, and Economic Thinking"
"scene:b2-06","band:B2","scene","B2","中高级（深入讨论 + 职场）","b2-06","心理健康与压力管理","","","6","true","心理健康与压力管理","中高级（深入讨论 + 职场） 场景：心理健康与压力管理","围绕“心理健康与压力管理”完成从输入、搭建、互动到输出的关卡训练。","围绕“心理健康与压力管理”生成难度递进的场景对话，确保每一关只聚焦一个核心任务。","围绕“心理健康与压力管理”提炼高频词、功能短语、可替换句型和复用表达。","根据 B2 阶段特点，为“心理健康与压力管理”匹配最实用的语法重点与表达结构。","20","B2|心理健康与压力管理","Mental Health and Stress Management"
"scene:b2-06:stage:context-analysis","scene:b2-06","stage","B2","中高级（深入讨论 + 职场）","b2-06","心理健康与压力管理","context-analysis","第 1 关 · 拆解情境","1","true","心理健康与压力管理","明确利益相关方、问题背景和沟通目标。","能分析“心理健康与压力管理”中的立场、目标与约束，知道发言应围绕什么展开。","围绕“心理健康与压力管理”设计 2 轮场景分析型对话，突出背景和目标确认。","提取“心理健康与压力管理”里用于分析情况、比较选项和说明限制的表达。","聚焦条件句、被动语态、比较结构和解释型从句。","4","B2|心理健康与压力管理|context-analysis","Mental Health and Stress Management"
"scene:b2-06:stage:positioning","scene:b2-06","stage","B2","中高级（深入讨论 + 职场）","b2-06","心理健康与压力管理","positioning","第 2 关 · 立场表达","2","true","心理健康与压力管理","学会清晰表达主张、保留意见和优先级。","能就“心理健康与压力管理”清楚表明立场，提出建议、保留或替代方案。","围绕“心理健康与压力管理”设计 3 轮立场表达对话，让学习者比较并选择方案。","提取“心理健康与压力管理”里用于主张、让步、比较和推荐的表达。","聚焦虚拟语气基础、情态动词推断和名词化表达。","5","B2|心理健康与压力管理|positioning","Mental Health and Stress Management"
"scene:b2-06:stage:negotiation-loop","scene:b2-06","stage","B2","中高级（深入讨论 + 职场）","b2-06","心理健康与压力管理","negotiation-loop","第 3 关 · 推进协商","3","true","心理健康与压力管理","处理不同意见，把沟通往下一步推进。","能在“心理健康与压力管理”中处理异议、追问与分歧，把对话推进到可执行结论。","围绕“心理健康与压力管理”设计 4 轮协商型互动，加入反对意见和修正方案。","提取“心理健康与压力管理”里用于协商、缓冲、重申重点和推进决定的表达。","聚焦让步、转折、假设和更精确的逻辑衔接。","5","B2|心理健康与压力管理|negotiation-loop","Mental Health and Stress Management"
"scene:b2-06:stage:decision-output","scene:b2-06","stage","B2","中高级（深入讨论 + 职场）","b2-06","心理健康与压力管理","decision-output","第 4 关 · 形成结论","4","true","心理健康与压力管理","把想法收束成决定、建议、汇报或正式回应。","能围绕“心理健康与压力管理”输出一段完整结论，兼顾背景、分析、建议和下一步。","围绕“心理健康与压力管理”设计 5 轮任务型沟通，让学习者形成结论并推动执行。","提取“心理健康与压力管理”里用于总结、建议、汇报和正式回应的表达。","聚焦复杂复合句、书面口头混合语域和正式场景衔接表达。","6","B2|心理健康与压力管理|decision-output","Mental Health and Stress Management"
"scene:b2-07","band:B2","scene","B2","中高级（深入讨论 + 职场）","b2-07","社会问题讨论","","","7","true","社会问题讨论","中高级（深入讨论 + 职场） 场景：社会问题讨论","围绕“社会问题讨论”完成从输入、搭建、互动到输出的关卡训练。","围绕“社会问题讨论”生成难度递进的场景对话，确保每一关只聚焦一个核心任务。","围绕“社会问题讨论”提炼高频词、功能短语、可替换句型和复用表达。","根据 B2 阶段特点，为“社会问题讨论”匹配最实用的语法重点与表达结构。","20","B2|社会问题讨论","Discussing Social Issues"
"scene:b2-07:stage:context-analysis","scene:b2-07","stage","B2","中高级（深入讨论 + 职场）","b2-07","社会问题讨论","context-analysis","第 1 关 · 拆解情境","1","true","社会问题讨论","明确利益相关方、问题背景和沟通目标。","能分析“社会问题讨论”中的立场、目标与约束，知道发言应围绕什么展开。","围绕“社会问题讨论”设计 2 轮场景分析型对话，突出背景和目标确认。","提取“社会问题讨论”里用于分析情况、比较选项和说明限制的表达。","聚焦条件句、被动语态、比较结构和解释型从句。","4","B2|社会问题讨论|context-analysis","Discussing Social Issues"
"scene:b2-07:stage:positioning","scene:b2-07","stage","B2","中高级（深入讨论 + 职场）","b2-07","社会问题讨论","positioning","第 2 关 · 立场表达","2","true","社会问题讨论","学会清晰表达主张、保留意见和优先级。","能就“社会问题讨论”清楚表明立场，提出建议、保留或替代方案。","围绕“社会问题讨论”设计 3 轮立场表达对话，让学习者比较并选择方案。","提取“社会问题讨论”里用于主张、让步、比较和推荐的表达。","聚焦虚拟语气基础、情态动词推断和名词化表达。","5","B2|社会问题讨论|positioning","Discussing Social Issues"
"scene:b2-07:stage:negotiation-loop","scene:b2-07","stage","B2","中高级（深入讨论 + 职场）","b2-07","社会问题讨论","negotiation-loop","第 3 关 · 推进协商","3","true","社会问题讨论","处理不同意见，把沟通往下一步推进。","能在“社会问题讨论”中处理异议、追问与分歧，把对话推进到可执行结论。","围绕“社会问题讨论”设计 4 轮协商型互动，加入反对意见和修正方案。","提取“社会问题讨论”里用于协商、缓冲、重申重点和推进决定的表达。","聚焦让步、转折、假设和更精确的逻辑衔接。","5","B2|社会问题讨论|negotiation-loop","Discussing Social Issues"
"scene:b2-07:stage:decision-output","scene:b2-07","stage","B2","中高级（深入讨论 + 职场）","b2-07","社会问题讨论","decision-output","第 4 关 · 形成结论","4","true","社会问题讨论","把想法收束成决定、建议、汇报或正式回应。","能围绕“社会问题讨论”输出一段完整结论，兼顾背景、分析、建议和下一步。","围绕“社会问题讨论”设计 5 轮任务型沟通，让学习者形成结论并推动执行。","提取“社会问题讨论”里用于总结、建议、汇报和正式回应的表达。","聚焦复杂复合句、书面口头混合语域和正式场景衔接表达。","6","B2|社会问题讨论|decision-output","Discussing Social Issues"
"scene:b2-08","band:B2","scene","B2","中高级（深入讨论 + 职场）","b2-08","艺术、文学与评论","","","8","true","艺术、文学与评论","中高级（深入讨论 + 职场） 场景：艺术、文学与评论","围绕“艺术、文学与评论”完成从输入、搭建、互动到输出的关卡训练。","围绕“艺术、文学与评论”生成难度递进的场景对话，确保每一关只聚焦一个核心任务。","围绕“艺术、文学与评论”提炼高频词、功能短语、可替换句型和复用表达。","根据 B2 阶段特点，为“艺术、文学与评论”匹配最实用的语法重点与表达结构。","20","B2|艺术-文学与评论","Art, Literature, and Criticism"
"scene:b2-08:stage:context-analysis","scene:b2-08","stage","B2","中高级（深入讨论 + 职场）","b2-08","艺术、文学与评论","context-analysis","第 1 关 · 拆解情境","1","true","艺术、文学与评论","明确利益相关方、问题背景和沟通目标。","能分析“艺术、文学与评论”中的立场、目标与约束，知道发言应围绕什么展开。","围绕“艺术、文学与评论”设计 2 轮场景分析型对话，突出背景和目标确认。","提取“艺术、文学与评论”里用于分析情况、比较选项和说明限制的表达。","聚焦条件句、被动语态、比较结构和解释型从句。","4","B2|艺术-文学与评论|context-analysis","Art, Literature, and Criticism"
"scene:b2-08:stage:positioning","scene:b2-08","stage","B2","中高级（深入讨论 + 职场）","b2-08","艺术、文学与评论","positioning","第 2 关 · 立场表达","2","true","艺术、文学与评论","学会清晰表达主张、保留意见和优先级。","能就“艺术、文学与评论”清楚表明立场，提出建议、保留或替代方案。","围绕“艺术、文学与评论”设计 3 轮立场表达对话，让学习者比较并选择方案。","提取“艺术、文学与评论”里用于主张、让步、比较和推荐的表达。","聚焦虚拟语气基础、情态动词推断和名词化表达。","5","B2|艺术-文学与评论|positioning","Art, Literature, and Criticism"
"scene:b2-08:stage:negotiation-loop","scene:b2-08","stage","B2","中高级（深入讨论 + 职场）","b2-08","艺术、文学与评论","negotiation-loop","第 3 关 · 推进协商","3","true","艺术、文学与评论","处理不同意见，把沟通往下一步推进。","能在“艺术、文学与评论”中处理异议、追问与分歧，把对话推进到可执行结论。","围绕“艺术、文学与评论”设计 4 轮协商型互动，加入反对意见和修正方案。","提取“艺术、文学与评论”里用于协商、缓冲、重申重点和推进决定的表达。","聚焦让步、转折、假设和更精确的逻辑衔接。","5","B2|艺术-文学与评论|negotiation-loop","Art, Literature, and Criticism"
"scene:b2-08:stage:decision-output","scene:b2-08","stage","B2","中高级（深入讨论 + 职场）","b2-08","艺术、文学与评论","decision-output","第 4 关 · 形成结论","4","true","艺术、文学与评论","把想法收束成决定、建议、汇报或正式回应。","能围绕“艺术、文学与评论”输出一段完整结论，兼顾背景、分析、建议和下一步。","围绕“艺术、文学与评论”设计 5 轮任务型沟通，让学习者形成结论并推动执行。","提取“艺术、文学与评论”里用于总结、建议、汇报和正式回应的表达。","聚焦复杂复合句、书面口头混合语域和正式场景衔接表达。","6","B2|艺术-文学与评论|decision-output","Art, Literature, and Criticism"
"scene:b2-09","band:B2","scene","B2","中高级（深入讨论 + 职场）","b2-09","协商与简单谈判","","","9","true","协商与简单谈判","中高级（深入讨论 + 职场） 场景：协商与简单谈判","围绕“协商与简单谈判”完成从输入、搭建、互动到输出的关卡训练。","围绕“协商与简单谈判”生成难度递进的场景对话，确保每一关只聚焦一个核心任务。","围绕“协商与简单谈判”提炼高频词、功能短语、可替换句型和复用表达。","根据 B2 阶段特点，为“协商与简单谈判”匹配最实用的语法重点与表达结构。","20","B2|协商与简单谈判","Negotiation and Simple Bargaining"
"scene:b2-09:stage:context-analysis","scene:b2-09","stage","B2","中高级（深入讨论 + 职场）","b2-09","协商与简单谈判","context-analysis","第 1 关 · 拆解情境","1","true","协商与简单谈判","明确利益相关方、问题背景和沟通目标。","能分析“协商与简单谈判”中的立场、目标与约束，知道发言应围绕什么展开。","围绕“协商与简单谈判”设计 2 轮场景分析型对话，突出背景和目标确认。","提取“协商与简单谈判”里用于分析情况、比较选项和说明限制的表达。","聚焦条件句、被动语态、比较结构和解释型从句。","4","B2|协商与简单谈判|context-analysis","Negotiation and Simple Bargaining"
"scene:b2-09:stage:positioning","scene:b2-09","stage","B2","中高级（深入讨论 + 职场）","b2-09","协商与简单谈判","positioning","第 2 关 · 立场表达","2","true","协商与简单谈判","学会清晰表达主张、保留意见和优先级。","能就“协商与简单谈判”清楚表明立场，提出建议、保留或替代方案。","围绕“协商与简单谈判”设计 3 轮立场表达对话，让学习者比较并选择方案。","提取“协商与简单谈判”里用于主张、让步、比较和推荐的表达。","聚焦虚拟语气基础、情态动词推断和名词化表达。","5","B2|协商与简单谈判|positioning","Negotiation and Simple Bargaining"
"scene:b2-09:stage:negotiation-loop","scene:b2-09","stage","B2","中高级（深入讨论 + 职场）","b2-09","协商与简单谈判","negotiation-loop","第 3 关 · 推进协商","3","true","协商与简单谈判","处理不同意见，把沟通往下一步推进。","能在“协商与简单谈判”中处理异议、追问与分歧，把对话推进到可执行结论。","围绕“协商与简单谈判”设计 4 轮协商型互动，加入反对意见和修正方案。","提取“协商与简单谈判”里用于协商、缓冲、重申重点和推进决定的表达。","聚焦让步、转折、假设和更精确的逻辑衔接。","5","B2|协商与简单谈判|negotiation-loop","Negotiation and Simple Bargaining"
"scene:b2-09:stage:decision-output","scene:b2-09","stage","B2","中高级（深入讨论 + 职场）","b2-09","协商与简单谈判","decision-output","第 4 关 · 形成结论","4","true","协商与简单谈判","把想法收束成决定、建议、汇报或正式回应。","能围绕“协商与简单谈判”输出一段完整结论，兼顾背景、分析、建议和下一步。","围绕“协商与简单谈判”设计 5 轮任务型沟通，让学习者形成结论并推动执行。","提取“协商与简单谈判”里用于总结、建议、汇报和正式回应的表达。","聚焦复杂复合句、书面口头混合语域和正式场景衔接表达。","6","B2|协商与简单谈判|decision-output","Negotiation and Simple Bargaining"
"scene:b2-10","band:B2","scene","B2","中高级（深入讨论 + 职场）","b2-10","演讲与展示（Presentation）","","","10","true","演讲与展示（Presentation）","中高级（深入讨论 + 职场） 场景：演讲与展示（Presentation）","围绕“演讲与展示（Presentation）”完成从输入、搭建、互动到输出的关卡训练。","围绕“演讲与展示（Presentation）”生成难度递进的场景对话，确保每一关只聚焦一个核心任务。","围绕“演讲与展示（Presentation）”提炼高频词、功能短语、可替换句型和复用表达。","根据 B2 阶段特点，为“演讲与展示（Presentation）”匹配最实用的语法重点与表达结构。","20","B2|演讲与展示-presentation","Presentations and Public Speaking"
"scene:b2-10:stage:context-analysis","scene:b2-10","stage","B2","中高级（深入讨论 + 职场）","b2-10","演讲与展示（Presentation）","context-analysis","第 1 关 · 拆解情境","1","true","演讲与展示（Presentation）","明确利益相关方、问题背景和沟通目标。","能分析“演讲与展示（Presentation）”中的立场、目标与约束，知道发言应围绕什么展开。","围绕“演讲与展示（Presentation）”设计 2 轮场景分析型对话，突出背景和目标确认。","提取“演讲与展示（Presentation）”里用于分析情况、比较选项和说明限制的表达。","聚焦条件句、被动语态、比较结构和解释型从句。","4","B2|演讲与展示-presentation|context-analysis","Presentations and Public Speaking"
"scene:b2-10:stage:positioning","scene:b2-10","stage","B2","中高级（深入讨论 + 职场）","b2-10","演讲与展示（Presentation）","positioning","第 2 关 · 立场表达","2","true","演讲与展示（Presentation）","学会清晰表达主张、保留意见和优先级。","能就“演讲与展示（Presentation）”清楚表明立场，提出建议、保留或替代方案。","围绕“演讲与展示（Presentation）”设计 3 轮立场表达对话，让学习者比较并选择方案。","提取“演讲与展示（Presentation）”里用于主张、让步、比较和推荐的表达。","聚焦虚拟语气基础、情态动词推断和名词化表达。","5","B2|演讲与展示-presentation|positioning","Presentations and Public Speaking"
"scene:b2-10:stage:negotiation-loop","scene:b2-10","stage","B2","中高级（深入讨论 + 职场）","b2-10","演讲与展示（Presentation）","negotiation-loop","第 3 关 · 推进协商","3","true","演讲与展示（Presentation）","处理不同意见，把沟通往下一步推进。","能在“演讲与展示（Presentation）”中处理异议、追问与分歧，把对话推进到可执行结论。","围绕“演讲与展示（Presentation）”设计 4 轮协商型互动，加入反对意见和修正方案。","提取“演讲与展示（Presentation）”里用于协商、缓冲、重申重点和推进决定的表达。","聚焦让步、转折、假设和更精确的逻辑衔接。","5","B2|演讲与展示-presentation|negotiation-loop","Presentations and Public Speaking"
"scene:b2-10:stage:decision-output","scene:b2-10","stage","B2","中高级（深入讨论 + 职场）","b2-10","演讲与展示（Presentation）","decision-output","第 4 关 · 形成结论","4","true","演讲与展示（Presentation）","把想法收束成决定、建议、汇报或正式回应。","能围绕“演讲与展示（Presentation）”输出一段完整结论，兼顾背景、分析、建议和下一步。","围绕“演讲与展示（Presentation）”设计 5 轮任务型沟通，让学习者形成结论并推动执行。","提取“演讲与展示（Presentation）”里用于总结、建议、汇报和正式回应的表达。","聚焦复杂复合句、书面口头混合语域和正式场景衔接表达。","6","B2|演讲与展示-presentation|decision-output","Presentations and Public Speaking"
"scene:b2-11","band:B2","scene","B2","中高级（深入讨论 + 职场）","b2-11","新闻与媒体评论","","","11","true","新闻与媒体评论","中高级（深入讨论 + 职场） 场景：新闻与媒体评论","围绕“新闻与媒体评论”完成从输入、搭建、互动到输出的关卡训练。","围绕“新闻与媒体评论”生成难度递进的场景对话，确保每一关只聚焦一个核心任务。","围绕“新闻与媒体评论”提炼高频词、功能短语、可替换句型和复用表达。","根据 B2 阶段特点，为“新闻与媒体评论”匹配最实用的语法重点与表达结构。","20","B2|新闻与媒体评论","News and Media Commentary"
"scene:b2-11:stage:context-analysis","scene:b2-11","stage","B2","中高级（深入讨论 + 职场）","b2-11","新闻与媒体评论","context-analysis","第 1 关 · 拆解情境","1","true","新闻与媒体评论","明确利益相关方、问题背景和沟通目标。","能分析“新闻与媒体评论”中的立场、目标与约束，知道发言应围绕什么展开。","围绕“新闻与媒体评论”设计 2 轮场景分析型对话，突出背景和目标确认。","提取“新闻与媒体评论”里用于分析情况、比较选项和说明限制的表达。","聚焦条件句、被动语态、比较结构和解释型从句。","4","B2|新闻与媒体评论|context-analysis","News and Media Commentary"
"scene:b2-11:stage:positioning","scene:b2-11","stage","B2","中高级（深入讨论 + 职场）","b2-11","新闻与媒体评论","positioning","第 2 关 · 立场表达","2","true","新闻与媒体评论","学会清晰表达主张、保留意见和优先级。","能就“新闻与媒体评论”清楚表明立场，提出建议、保留或替代方案。","围绕“新闻与媒体评论”设计 3 轮立场表达对话，让学习者比较并选择方案。","提取“新闻与媒体评论”里用于主张、让步、比较和推荐的表达。","聚焦虚拟语气基础、情态动词推断和名词化表达。","5","B2|新闻与媒体评论|positioning","News and Media Commentary"
"scene:b2-11:stage:negotiation-loop","scene:b2-11","stage","B2","中高级（深入讨论 + 职场）","b2-11","新闻与媒体评论","negotiation-loop","第 3 关 · 推进协商","3","true","新闻与媒体评论","处理不同意见，把沟通往下一步推进。","能在“新闻与媒体评论”中处理异议、追问与分歧，把对话推进到可执行结论。","围绕“新闻与媒体评论”设计 4 轮协商型互动，加入反对意见和修正方案。","提取“新闻与媒体评论”里用于协商、缓冲、重申重点和推进决定的表达。","聚焦让步、转折、假设和更精确的逻辑衔接。","5","B2|新闻与媒体评论|negotiation-loop","News and Media Commentary"
"scene:b2-11:stage:decision-output","scene:b2-11","stage","B2","中高级（深入讨论 + 职场）","b2-11","新闻与媒体评论","decision-output","第 4 关 · 形成结论","4","true","新闻与媒体评论","把想法收束成决定、建议、汇报或正式回应。","能围绕“新闻与媒体评论”输出一段完整结论，兼顾背景、分析、建议和下一步。","围绕“新闻与媒体评论”设计 5 轮任务型沟通，让学习者形成结论并推动执行。","提取“新闻与媒体评论”里用于总结、建议、汇报和正式回应的表达。","聚焦复杂复合句、书面口头混合语域和正式场景衔接表达。","6","B2|新闻与媒体评论|decision-output","News and Media Commentary"
"scene:b2-12","band:B2","scene","B2","中高级（深入讨论 + 职场）","b2-12","规则、合同与权利义务","","","12","true","规则、合同与权利义务","中高级（深入讨论 + 职场） 场景：规则、合同与权利义务","围绕“规则、合同与权利义务”完成从输入、搭建、互动到输出的关卡训练。","围绕“规则、合同与权利义务”生成难度递进的场景对话，确保每一关只聚焦一个核心任务。","围绕“规则、合同与权利义务”提炼高频词、功能短语、可替换句型和复用表达。","根据 B2 阶段特点，为“规则、合同与权利义务”匹配最实用的语法重点与表达结构。","20","B2|规则-合同与权利义务","Rules, Contracts, and Rights"
"scene:b2-12:stage:context-analysis","scene:b2-12","stage","B2","中高级（深入讨论 + 职场）","b2-12","规则、合同与权利义务","context-analysis","第 1 关 · 拆解情境","1","true","规则、合同与权利义务","明确利益相关方、问题背景和沟通目标。","能分析“规则、合同与权利义务”中的立场、目标与约束，知道发言应围绕什么展开。","围绕“规则、合同与权利义务”设计 2 轮场景分析型对话，突出背景和目标确认。","提取“规则、合同与权利义务”里用于分析情况、比较选项和说明限制的表达。","聚焦条件句、被动语态、比较结构和解释型从句。","4","B2|规则-合同与权利义务|context-analysis","Rules, Contracts, and Rights"
"scene:b2-12:stage:positioning","scene:b2-12","stage","B2","中高级（深入讨论 + 职场）","b2-12","规则、合同与权利义务","positioning","第 2 关 · 立场表达","2","true","规则、合同与权利义务","学会清晰表达主张、保留意见和优先级。","能就“规则、合同与权利义务”清楚表明立场，提出建议、保留或替代方案。","围绕“规则、合同与权利义务”设计 3 轮立场表达对话，让学习者比较并选择方案。","提取“规则、合同与权利义务”里用于主张、让步、比较和推荐的表达。","聚焦虚拟语气基础、情态动词推断和名词化表达。","5","B2|规则-合同与权利义务|positioning","Rules, Contracts, and Rights"
"scene:b2-12:stage:negotiation-loop","scene:b2-12","stage","B2","中高级（深入讨论 + 职场）","b2-12","规则、合同与权利义务","negotiation-loop","第 3 关 · 推进协商","3","true","规则、合同与权利义务","处理不同意见，把沟通往下一步推进。","能在“规则、合同与权利义务”中处理异议、追问与分歧，把对话推进到可执行结论。","围绕“规则、合同与权利义务”设计 4 轮协商型互动，加入反对意见和修正方案。","提取“规则、合同与权利义务”里用于协商、缓冲、重申重点和推进决定的表达。","聚焦让步、转折、假设和更精确的逻辑衔接。","5","B2|规则-合同与权利义务|negotiation-loop","Rules, Contracts, and Rights"
"scene:b2-12:stage:decision-output","scene:b2-12","stage","B2","中高级（深入讨论 + 职场）","b2-12","规则、合同与权利义务","decision-output","第 4 关 · 形成结论","4","true","规则、合同与权利义务","把想法收束成决定、建议、汇报或正式回应。","能围绕“规则、合同与权利义务”输出一段完整结论，兼顾背景、分析、建议和下一步。","围绕“规则、合同与权利义务”设计 5 轮任务型沟通，让学习者形成结论并推动执行。","提取“规则、合同与权利义务”里用于总结、建议、汇报和正式回应的表达。","聚焦复杂复合句、书面口头混合语域和正式场景衔接表达。","6","B2|规则-合同与权利义务|decision-output","Rules, Contracts, and Rights"
"band:C1","root","band","C1","高级（学术 / 专业交流）","","高级（学术 / 专业交流）","","","5","true","高级（学术 / 专业交流）","面向高密度信息、专业协作与正式表达，强调论证、回应和精确措辞。","完成 C1 阶段的场景训练，形成可迁移的真实沟通能力。","","","","","C1",""
"scene:c1-01","band:C1","scene","C1","高级（学术 / 专业交流）","c1-01","学术讨论与课堂辩论","","","1","true","学术讨论与课堂辩论","高级（学术 / 专业交流） 场景：学术讨论与课堂辩论","围绕“学术讨论与课堂辩论”完成从输入、搭建、互动到输出的关卡训练。","围绕“学术讨论与课堂辩论”生成难度递进的场景对话，确保每一关只聚焦一个核心任务。","围绕“学术讨论与课堂辩论”提炼高频词、功能短语、可替换句型和复用表达。","根据 C1 阶段特点，为“学术讨论与课堂辩论”匹配最实用的语法重点与表达结构。","20","C1|学术讨论与课堂辩论","Academic Discussions and Class Debates"
"scene:c1-01:stage:concept-frame","scene:c1-01","stage","C1","高级（学术 / 专业交流）","c1-01","学术讨论与课堂辩论","concept-frame","第 1 关 · 概念框架","1","true","学术讨论与课堂辩论","先建立概念、边界和讨论框架，避免只停留在结论表态。","能围绕“学术讨论与课堂辩论”定义问题、说明边界，并建立讨论框架。","围绕“学术讨论与课堂辩论”设计 2 轮框架型对话，突出概念界定和讨论入口。","提取“学术讨论与课堂辩论”里用于界定概念、限定范围和引出论证的表达。","聚焦名词化、定语从句、插入结构和抽象表达。","4","C1|学术讨论与课堂辩论|concept-frame","Academic Discussions and Class Debates"
"scene:c1-01:stage:argument-development","scene:c1-01","stage","C1","高级（学术 / 专业交流）","c1-01","学术讨论与课堂辩论","argument-development","第 2 关 · 展开论证","2","true","学术讨论与课堂辩论","把观点发展成论点链，而不是只给单一句子答案。","能针对“学术讨论与课堂辩论”给出清晰论点、支撑理由和反面考虑。","围绕“学术讨论与课堂辩论”设计 3 轮论证型互动，要求学习者展开论点和例证。","提取“学术讨论与课堂辩论”里用于论证、引用、限定和评价的表达。","聚焦高级连接词、让步结构、条件推演和抽象评价句。","5","C1|学术讨论与课堂辩论|argument-development","Academic Discussions and Class Debates"
"scene:c1-01:stage:counter-response","scene:c1-01","stage","C1","高级（学术 / 专业交流）","c1-01","学术讨论与课堂辩论","counter-response","第 3 关 · 回应挑战","3","true","学术讨论与课堂辩论","面对质疑时能修正、反驳或重构自己的表达。","能在“学术讨论与课堂辩论”中回应质疑、整合不同观点，并保持表达精确。","围绕“学术讨论与课堂辩论”设计 4 轮交锋式对话，加入反驳、追问和立场调整。","提取“学术讨论与课堂辩论”里用于反驳、部分同意、重述和澄清的表达。","聚焦倒装、强调结构、被动表达和高阶逻辑衔接。","5","C1|学术讨论与课堂辩论|counter-response","Academic Discussions and Class Debates"
"scene:c1-01:stage:professional-delivery","scene:c1-01","stage","C1","高级（学术 / 专业交流）","c1-01","学术讨论与课堂辩论","professional-delivery","第 4 关 · 专业输出","4","true","学术讨论与课堂辩论","最终形成可以在课堂、会议或正式交流中使用的完整表达。","能围绕“学术讨论与课堂辩论”完成一段专业级输出，兼顾清晰度、逻辑性和语域控制。","围绕“学术讨论与课堂辩论”设计 5 轮正式互动，要求学习者完成专业说明、回应和总结。","提取“学术讨论与课堂辩论”里高频但高级的学术或专业表达。","聚焦复杂长句、限定性表达、模糊限制语和正式输出语域。","6","C1|学术讨论与课堂辩论|professional-delivery","Academic Discussions and Class Debates"
"scene:c1-02","band:C1","scene","C1","高级（学术 / 专业交流）","c1-02","团队管理与项目沟通","","","2","true","团队管理与项目沟通","高级（学术 / 专业交流） 场景：团队管理与项目沟通","围绕“团队管理与项目沟通”完成从输入、搭建、互动到输出的关卡训练。","围绕“团队管理与项目沟通”生成难度递进的场景对话，确保每一关只聚焦一个核心任务。","围绕“团队管理与项目沟通”提炼高频词、功能短语、可替换句型和复用表达。","根据 C1 阶段特点，为“团队管理与项目沟通”匹配最实用的语法重点与表达结构。","20","C1|团队管理与项目沟通","Team Management and Project Communication"
"scene:c1-02:stage:concept-frame","scene:c1-02","stage","C1","高级（学术 / 专业交流）","c1-02","团队管理与项目沟通","concept-frame","第 1 关 · 概念框架","1","true","团队管理与项目沟通","先建立概念、边界和讨论框架，避免只停留在结论表态。","能围绕“团队管理与项目沟通”定义问题、说明边界，并建立讨论框架。","围绕“团队管理与项目沟通”设计 2 轮框架型对话，突出概念界定和讨论入口。","提取“团队管理与项目沟通”里用于界定概念、限定范围和引出论证的表达。","聚焦名词化、定语从句、插入结构和抽象表达。","4","C1|团队管理与项目沟通|concept-frame","Team Management and Project Communication"
"scene:c1-02:stage:argument-development","scene:c1-02","stage","C1","高级（学术 / 专业交流）","c1-02","团队管理与项目沟通","argument-development","第 2 关 · 展开论证","2","true","团队管理与项目沟通","把观点发展成论点链，而不是只给单一句子答案。","能针对“团队管理与项目沟通”给出清晰论点、支撑理由和反面考虑。","围绕“团队管理与项目沟通”设计 3 轮论证型互动，要求学习者展开论点和例证。","提取“团队管理与项目沟通”里用于论证、引用、限定和评价的表达。","聚焦高级连接词、让步结构、条件推演和抽象评价句。","5","C1|团队管理与项目沟通|argument-development","Team Management and Project Communication"
"scene:c1-02:stage:counter-response","scene:c1-02","stage","C1","高级（学术 / 专业交流）","c1-02","团队管理与项目沟通","counter-response","第 3 关 · 回应挑战","3","true","团队管理与项目沟通","面对质疑时能修正、反驳或重构自己的表达。","能在“团队管理与项目沟通”中回应质疑、整合不同观点，并保持表达精确。","围绕“团队管理与项目沟通”设计 4 轮交锋式对话，加入反驳、追问和立场调整。","提取“团队管理与项目沟通”里用于反驳、部分同意、重述和澄清的表达。","聚焦倒装、强调结构、被动表达和高阶逻辑衔接。","5","C1|团队管理与项目沟通|counter-response","Team Management and Project Communication"
"scene:c1-02:stage:professional-delivery","scene:c1-02","stage","C1","高级（学术 / 专业交流）","c1-02","团队管理与项目沟通","professional-delivery","第 4 关 · 专业输出","4","true","团队管理与项目沟通","最终形成可以在课堂、会议或正式交流中使用的完整表达。","能围绕“团队管理与项目沟通”完成一段专业级输出，兼顾清晰度、逻辑性和语域控制。","围绕“团队管理与项目沟通”设计 5 轮正式互动，要求学习者完成专业说明、回应和总结。","提取“团队管理与项目沟通”里高频但高级的学术或专业表达。","聚焦复杂长句、限定性表达、模糊限制语和正式输出语域。","6","C1|团队管理与项目沟通|professional-delivery","Team Management and Project Communication"
"scene:c1-03","band:C1","scene","C1","高级（学术 / 专业交流）","c1-03","国际政治与社会议题","","","3","true","国际政治与社会议题","高级（学术 / 专业交流） 场景：国际政治与社会议题","围绕“国际政治与社会议题”完成从输入、搭建、互动到输出的关卡训练。","围绕“国际政治与社会议题”生成难度递进的场景对话，确保每一关只聚焦一个核心任务。","围绕“国际政治与社会议题”提炼高频词、功能短语、可替换句型和复用表达。","根据 C1 阶段特点，为“国际政治与社会议题”匹配最实用的语法重点与表达结构。","20","C1|国际政治与社会议题","International Politics and Social Issues"
"scene:c1-03:stage:concept-frame","scene:c1-03","stage","C1","高级（学术 / 专业交流）","c1-03","国际政治与社会议题","concept-frame","第 1 关 · 概念框架","1","true","国际政治与社会议题","先建立概念、边界和讨论框架，避免只停留在结论表态。","能围绕“国际政治与社会议题”定义问题、说明边界，并建立讨论框架。","围绕“国际政治与社会议题”设计 2 轮框架型对话，突出概念界定和讨论入口。","提取“国际政治与社会议题”里用于界定概念、限定范围和引出论证的表达。","聚焦名词化、定语从句、插入结构和抽象表达。","4","C1|国际政治与社会议题|concept-frame","International Politics and Social Issues"
"scene:c1-03:stage:argument-development","scene:c1-03","stage","C1","高级（学术 / 专业交流）","c1-03","国际政治与社会议题","argument-development","第 2 关 · 展开论证","2","true","国际政治与社会议题","把观点发展成论点链，而不是只给单一句子答案。","能针对“国际政治与社会议题”给出清晰论点、支撑理由和反面考虑。","围绕“国际政治与社会议题”设计 3 轮论证型互动，要求学习者展开论点和例证。","提取“国际政治与社会议题”里用于论证、引用、限定和评价的表达。","聚焦高级连接词、让步结构、条件推演和抽象评价句。","5","C1|国际政治与社会议题|argument-development","International Politics and Social Issues"
"scene:c1-03:stage:counter-response","scene:c1-03","stage","C1","高级（学术 / 专业交流）","c1-03","国际政治与社会议题","counter-response","第 3 关 · 回应挑战","3","true","国际政治与社会议题","面对质疑时能修正、反驳或重构自己的表达。","能在“国际政治与社会议题”中回应质疑、整合不同观点，并保持表达精确。","围绕“国际政治与社会议题”设计 4 轮交锋式对话，加入反驳、追问和立场调整。","提取“国际政治与社会议题”里用于反驳、部分同意、重述和澄清的表达。","聚焦倒装、强调结构、被动表达和高阶逻辑衔接。","5","C1|国际政治与社会议题|counter-response","International Politics and Social Issues"
"scene:c1-03:stage:professional-delivery","scene:c1-03","stage","C1","高级（学术 / 专业交流）","c1-03","国际政治与社会议题","professional-delivery","第 4 关 · 专业输出","4","true","国际政治与社会议题","最终形成可以在课堂、会议或正式交流中使用的完整表达。","能围绕“国际政治与社会议题”完成一段专业级输出，兼顾清晰度、逻辑性和语域控制。","围绕“国际政治与社会议题”设计 5 轮正式互动，要求学习者完成专业说明、回应和总结。","提取“国际政治与社会议题”里高频但高级的学术或专业表达。","聚焦复杂长句、限定性表达、模糊限制语和正式输出语域。","6","C1|国际政治与社会议题|professional-delivery","International Politics and Social Issues"
"scene:c1-04","band:C1","scene","C1","高级（学术 / 专业交流）","c1-04","伦理与道德话题","","","4","true","伦理与道德话题","高级（学术 / 专业交流） 场景：伦理与道德话题","围绕“伦理与道德话题”完成从输入、搭建、互动到输出的关卡训练。","围绕“伦理与道德话题”生成难度递进的场景对话，确保每一关只聚焦一个核心任务。","围绕“伦理与道德话题”提炼高频词、功能短语、可替换句型和复用表达。","根据 C1 阶段特点，为“伦理与道德话题”匹配最实用的语法重点与表达结构。","20","C1|伦理与道德话题","Ethics and Moral Questions"
"scene:c1-04:stage:concept-frame","scene:c1-04","stage","C1","高级（学术 / 专业交流）","c1-04","伦理与道德话题","concept-frame","第 1 关 · 概念框架","1","true","伦理与道德话题","先建立概念、边界和讨论框架，避免只停留在结论表态。","能围绕“伦理与道德话题”定义问题、说明边界，并建立讨论框架。","围绕“伦理与道德话题”设计 2 轮框架型对话，突出概念界定和讨论入口。","提取“伦理与道德话题”里用于界定概念、限定范围和引出论证的表达。","聚焦名词化、定语从句、插入结构和抽象表达。","4","C1|伦理与道德话题|concept-frame","Ethics and Moral Questions"
"scene:c1-04:stage:argument-development","scene:c1-04","stage","C1","高级（学术 / 专业交流）","c1-04","伦理与道德话题","argument-development","第 2 关 · 展开论证","2","true","伦理与道德话题","把观点发展成论点链，而不是只给单一句子答案。","能针对“伦理与道德话题”给出清晰论点、支撑理由和反面考虑。","围绕“伦理与道德话题”设计 3 轮论证型互动，要求学习者展开论点和例证。","提取“伦理与道德话题”里用于论证、引用、限定和评价的表达。","聚焦高级连接词、让步结构、条件推演和抽象评价句。","5","C1|伦理与道德话题|argument-development","Ethics and Moral Questions"
"scene:c1-04:stage:counter-response","scene:c1-04","stage","C1","高级（学术 / 专业交流）","c1-04","伦理与道德话题","counter-response","第 3 关 · 回应挑战","3","true","伦理与道德话题","面对质疑时能修正、反驳或重构自己的表达。","能在“伦理与道德话题”中回应质疑、整合不同观点，并保持表达精确。","围绕“伦理与道德话题”设计 4 轮交锋式对话，加入反驳、追问和立场调整。","提取“伦理与道德话题”里用于反驳、部分同意、重述和澄清的表达。","聚焦倒装、强调结构、被动表达和高阶逻辑衔接。","5","C1|伦理与道德话题|counter-response","Ethics and Moral Questions"
"scene:c1-04:stage:professional-delivery","scene:c1-04","stage","C1","高级（学术 / 专业交流）","c1-04","伦理与道德话题","professional-delivery","第 4 关 · 专业输出","4","true","伦理与道德话题","最终形成可以在课堂、会议或正式交流中使用的完整表达。","能围绕“伦理与道德话题”完成一段专业级输出，兼顾清晰度、逻辑性和语域控制。","围绕“伦理与道德话题”设计 5 轮正式互动，要求学习者完成专业说明、回应和总结。","提取“伦理与道德话题”里高频但高级的学术或专业表达。","聚焦复杂长句、限定性表达、模糊限制语和正式输出语域。","6","C1|伦理与道德话题|professional-delivery","Ethics and Moral Questions"
"scene:c1-05","band:C1","scene","C1","高级（学术 / 专业交流）","c1-05","经济趋势与商业分析","","","5","true","经济趋势与商业分析","高级（学术 / 专业交流） 场景：经济趋势与商业分析","围绕“经济趋势与商业分析”完成从输入、搭建、互动到输出的关卡训练。","围绕“经济趋势与商业分析”生成难度递进的场景对话，确保每一关只聚焦一个核心任务。","围绕“经济趋势与商业分析”提炼高频词、功能短语、可替换句型和复用表达。","根据 C1 阶段特点，为“经济趋势与商业分析”匹配最实用的语法重点与表达结构。","20","C1|经济趋势与商业分析","Economic Trends and Business Analysis"
"scene:c1-05:stage:concept-frame","scene:c1-05","stage","C1","高级（学术 / 专业交流）","c1-05","经济趋势与商业分析","concept-frame","第 1 关 · 概念框架","1","true","经济趋势与商业分析","先建立概念、边界和讨论框架，避免只停留在结论表态。","能围绕“经济趋势与商业分析”定义问题、说明边界，并建立讨论框架。","围绕“经济趋势与商业分析”设计 2 轮框架型对话，突出概念界定和讨论入口。","提取“经济趋势与商业分析”里用于界定概念、限定范围和引出论证的表达。","聚焦名词化、定语从句、插入结构和抽象表达。","4","C1|经济趋势与商业分析|concept-frame","Economic Trends and Business Analysis"
"scene:c1-05:stage:argument-development","scene:c1-05","stage","C1","高级（学术 / 专业交流）","c1-05","经济趋势与商业分析","argument-development","第 2 关 · 展开论证","2","true","经济趋势与商业分析","把观点发展成论点链，而不是只给单一句子答案。","能针对“经济趋势与商业分析”给出清晰论点、支撑理由和反面考虑。","围绕“经济趋势与商业分析”设计 3 轮论证型互动，要求学习者展开论点和例证。","提取“经济趋势与商业分析”里用于论证、引用、限定和评价的表达。","聚焦高级连接词、让步结构、条件推演和抽象评价句。","5","C1|经济趋势与商业分析|argument-development","Economic Trends and Business Analysis"
"scene:c1-05:stage:counter-response","scene:c1-05","stage","C1","高级（学术 / 专业交流）","c1-05","经济趋势与商业分析","counter-response","第 3 关 · 回应挑战","3","true","经济趋势与商业分析","面对质疑时能修正、反驳或重构自己的表达。","能在“经济趋势与商业分析”中回应质疑、整合不同观点，并保持表达精确。","围绕“经济趋势与商业分析”设计 4 轮交锋式对话，加入反驳、追问和立场调整。","提取“经济趋势与商业分析”里用于反驳、部分同意、重述和澄清的表达。","聚焦倒装、强调结构、被动表达和高阶逻辑衔接。","5","C1|经济趋势与商业分析|counter-response","Economic Trends and Business Analysis"
"scene:c1-05:stage:professional-delivery","scene:c1-05","stage","C1","高级（学术 / 专业交流）","c1-05","经济趋势与商业分析","professional-delivery","第 4 关 · 专业输出","4","true","经济趋势与商业分析","最终形成可以在课堂、会议或正式交流中使用的完整表达。","能围绕“经济趋势与商业分析”完成一段专业级输出，兼顾清晰度、逻辑性和语域控制。","围绕“经济趋势与商业分析”设计 5 轮正式互动，要求学习者完成专业说明、回应和总结。","提取“经济趋势与商业分析”里高频但高级的学术或专业表达。","聚焦复杂长句、限定性表达、模糊限制语和正式输出语域。","6","C1|经济趋势与商业分析|professional-delivery","Economic Trends and Business Analysis"
"scene:c1-06","band:C1","scene","C1","高级（学术 / 专业交流）","c1-06","跨文化冲突解决","","","6","true","跨文化冲突解决","高级（学术 / 专业交流） 场景：跨文化冲突解决","围绕“跨文化冲突解决”完成从输入、搭建、互动到输出的关卡训练。","围绕“跨文化冲突解决”生成难度递进的场景对话，确保每一关只聚焦一个核心任务。","围绕“跨文化冲突解决”提炼高频词、功能短语、可替换句型和复用表达。","根据 C1 阶段特点，为“跨文化冲突解决”匹配最实用的语法重点与表达结构。","20","C1|跨文化冲突解决","Resolving Cross-Cultural Conflicts"
"scene:c1-06:stage:concept-frame","scene:c1-06","stage","C1","高级（学术 / 专业交流）","c1-06","跨文化冲突解决","concept-frame","第 1 关 · 概念框架","1","true","跨文化冲突解决","先建立概念、边界和讨论框架，避免只停留在结论表态。","能围绕“跨文化冲突解决”定义问题、说明边界，并建立讨论框架。","围绕“跨文化冲突解决”设计 2 轮框架型对话，突出概念界定和讨论入口。","提取“跨文化冲突解决”里用于界定概念、限定范围和引出论证的表达。","聚焦名词化、定语从句、插入结构和抽象表达。","4","C1|跨文化冲突解决|concept-frame","Resolving Cross-Cultural Conflicts"
"scene:c1-06:stage:argument-development","scene:c1-06","stage","C1","高级（学术 / 专业交流）","c1-06","跨文化冲突解决","argument-development","第 2 关 · 展开论证","2","true","跨文化冲突解决","把观点发展成论点链，而不是只给单一句子答案。","能针对“跨文化冲突解决”给出清晰论点、支撑理由和反面考虑。","围绕“跨文化冲突解决”设计 3 轮论证型互动，要求学习者展开论点和例证。","提取“跨文化冲突解决”里用于论证、引用、限定和评价的表达。","聚焦高级连接词、让步结构、条件推演和抽象评价句。","5","C1|跨文化冲突解决|argument-development","Resolving Cross-Cultural Conflicts"
"scene:c1-06:stage:counter-response","scene:c1-06","stage","C1","高级（学术 / 专业交流）","c1-06","跨文化冲突解决","counter-response","第 3 关 · 回应挑战","3","true","跨文化冲突解决","面对质疑时能修正、反驳或重构自己的表达。","能在“跨文化冲突解决”中回应质疑、整合不同观点，并保持表达精确。","围绕“跨文化冲突解决”设计 4 轮交锋式对话，加入反驳、追问和立场调整。","提取“跨文化冲突解决”里用于反驳、部分同意、重述和澄清的表达。","聚焦倒装、强调结构、被动表达和高阶逻辑衔接。","5","C1|跨文化冲突解决|counter-response","Resolving Cross-Cultural Conflicts"
"scene:c1-06:stage:professional-delivery","scene:c1-06","stage","C1","高级（学术 / 专业交流）","c1-06","跨文化冲突解决","professional-delivery","第 4 关 · 专业输出","4","true","跨文化冲突解决","最终形成可以在课堂、会议或正式交流中使用的完整表达。","能围绕“跨文化冲突解决”完成一段专业级输出，兼顾清晰度、逻辑性和语域控制。","围绕“跨文化冲突解决”设计 5 轮正式互动，要求学习者完成专业说明、回应和总结。","提取“跨文化冲突解决”里高频但高级的学术或专业表达。","聚焦复杂长句、限定性表达、模糊限制语和正式输出语域。","6","C1|跨文化冲突解决|professional-delivery","Resolving Cross-Cultural Conflicts"
"scene:c1-07","band:C1","scene","C1","高级（学术 / 专业交流）","c1-07","正式演讲与辩论","","","7","true","正式演讲与辩论","高级（学术 / 专业交流） 场景：正式演讲与辩论","围绕“正式演讲与辩论”完成从输入、搭建、互动到输出的关卡训练。","围绕“正式演讲与辩论”生成难度递进的场景对话，确保每一关只聚焦一个核心任务。","围绕“正式演讲与辩论”提炼高频词、功能短语、可替换句型和复用表达。","根据 C1 阶段特点，为“正式演讲与辩论”匹配最实用的语法重点与表达结构。","20","C1|正式演讲与辩论","Formal Speeches and Debates"
"scene:c1-07:stage:concept-frame","scene:c1-07","stage","C1","高级（学术 / 专业交流）","c1-07","正式演讲与辩论","concept-frame","第 1 关 · 概念框架","1","true","正式演讲与辩论","先建立概念、边界和讨论框架，避免只停留在结论表态。","能围绕“正式演讲与辩论”定义问题、说明边界，并建立讨论框架。","围绕“正式演讲与辩论”设计 2 轮框架型对话，突出概念界定和讨论入口。","提取“正式演讲与辩论”里用于界定概念、限定范围和引出论证的表达。","聚焦名词化、定语从句、插入结构和抽象表达。","4","C1|正式演讲与辩论|concept-frame","Formal Speeches and Debates"
"scene:c1-07:stage:argument-development","scene:c1-07","stage","C1","高级（学术 / 专业交流）","c1-07","正式演讲与辩论","argument-development","第 2 关 · 展开论证","2","true","正式演讲与辩论","把观点发展成论点链，而不是只给单一句子答案。","能针对“正式演讲与辩论”给出清晰论点、支撑理由和反面考虑。","围绕“正式演讲与辩论”设计 3 轮论证型互动，要求学习者展开论点和例证。","提取“正式演讲与辩论”里用于论证、引用、限定和评价的表达。","聚焦高级连接词、让步结构、条件推演和抽象评价句。","5","C1|正式演讲与辩论|argument-development","Formal Speeches and Debates"
"scene:c1-07:stage:counter-response","scene:c1-07","stage","C1","高级（学术 / 专业交流）","c1-07","正式演讲与辩论","counter-response","第 3 关 · 回应挑战","3","true","正式演讲与辩论","面对质疑时能修正、反驳或重构自己的表达。","能在“正式演讲与辩论”中回应质疑、整合不同观点，并保持表达精确。","围绕“正式演讲与辩论”设计 4 轮交锋式对话，加入反驳、追问和立场调整。","提取“正式演讲与辩论”里用于反驳、部分同意、重述和澄清的表达。","聚焦倒装、强调结构、被动表达和高阶逻辑衔接。","5","C1|正式演讲与辩论|counter-response","Formal Speeches and Debates"
"scene:c1-07:stage:professional-delivery","scene:c1-07","stage","C1","高级（学术 / 专业交流）","c1-07","正式演讲与辩论","professional-delivery","第 4 关 · 专业输出","4","true","正式演讲与辩论","最终形成可以在课堂、会议或正式交流中使用的完整表达。","能围绕“正式演讲与辩论”完成一段专业级输出，兼顾清晰度、逻辑性和语域控制。","围绕“正式演讲与辩论”设计 5 轮正式互动，要求学习者完成专业说明、回应和总结。","提取“正式演讲与辩论”里高频但高级的学术或专业表达。","聚焦复杂长句、限定性表达、模糊限制语和正式输出语域。","6","C1|正式演讲与辩论|professional-delivery","Formal Speeches and Debates"
"scene:c1-08","band:C1","scene","C1","高级（学术 / 专业交流）","c1-08","专业领域交流（医学 / 法律 / IT / 教育）","","","8","true","专业领域交流（医学 / 法律 / IT / 教育）","高级（学术 / 专业交流） 场景：专业领域交流（医学 / 法律 / IT / 教育）","围绕“专业领域交流（医学 / 法律 / IT / 教育）”完成从输入、搭建、互动到输出的关卡训练。","围绕“专业领域交流（医学 / 法律 / IT / 教育）”生成难度递进的场景对话，确保每一关只聚焦一个核心任务。","围绕“专业领域交流（医学 / 法律 / IT / 教育）”提炼高频词、功能短语、可替换句型和复用表达。","根据 C1 阶段特点，为“专业领域交流（医学 / 法律 / IT / 教育）”匹配最实用的语法重点与表达结构。","20","C1|专业领域交流-医学-法律-it-教育","Professional Communication"
"scene:c1-08:stage:concept-frame","scene:c1-08","stage","C1","高级（学术 / 专业交流）","c1-08","专业领域交流（医学 / 法律 / IT / 教育）","concept-frame","第 1 关 · 概念框架","1","true","专业领域交流（医学 / 法律 / IT / 教育）","先建立概念、边界和讨论框架，避免只停留在结论表态。","能围绕“专业领域交流（医学 / 法律 / IT / 教育）”定义问题、说明边界，并建立讨论框架。","围绕“专业领域交流（医学 / 法律 / IT / 教育）”设计 2 轮框架型对话，突出概念界定和讨论入口。","提取“专业领域交流（医学 / 法律 / IT / 教育）”里用于界定概念、限定范围和引出论证的表达。","聚焦名词化、定语从句、插入结构和抽象表达。","4","C1|专业领域交流-医学-法律-it-教育|concept-frame","Professional Communication"
"scene:c1-08:stage:argument-development","scene:c1-08","stage","C1","高级（学术 / 专业交流）","c1-08","专业领域交流（医学 / 法律 / IT / 教育）","argument-development","第 2 关 · 展开论证","2","true","专业领域交流（医学 / 法律 / IT / 教育）","把观点发展成论点链，而不是只给单一句子答案。","能针对“专业领域交流（医学 / 法律 / IT / 教育）”给出清晰论点、支撑理由和反面考虑。","围绕“专业领域交流（医学 / 法律 / IT / 教育）”设计 3 轮论证型互动，要求学习者展开论点和例证。","提取“专业领域交流（医学 / 法律 / IT / 教育）”里用于论证、引用、限定和评价的表达。","聚焦高级连接词、让步结构、条件推演和抽象评价句。","5","C1|专业领域交流-医学-法律-it-教育|argument-development","Professional Communication"
"scene:c1-08:stage:counter-response","scene:c1-08","stage","C1","高级（学术 / 专业交流）","c1-08","专业领域交流（医学 / 法律 / IT / 教育）","counter-response","第 3 关 · 回应挑战","3","true","专业领域交流（医学 / 法律 / IT / 教育）","面对质疑时能修正、反驳或重构自己的表达。","能在“专业领域交流（医学 / 法律 / IT / 教育）”中回应质疑、整合不同观点，并保持表达精确。","围绕“专业领域交流（医学 / 法律 / IT / 教育）”设计 4 轮交锋式对话，加入反驳、追问和立场调整。","提取“专业领域交流（医学 / 法律 / IT / 教育）”里用于反驳、部分同意、重述和澄清的表达。","聚焦倒装、强调结构、被动表达和高阶逻辑衔接。","5","C1|专业领域交流-医学-法律-it-教育|counter-response","Professional Communication"
"scene:c1-08:stage:professional-delivery","scene:c1-08","stage","C1","高级（学术 / 专业交流）","c1-08","专业领域交流（医学 / 法律 / IT / 教育）","professional-delivery","第 4 关 · 专业输出","4","true","专业领域交流（医学 / 法律 / IT / 教育）","最终形成可以在课堂、会议或正式交流中使用的完整表达。","能围绕“专业领域交流（医学 / 法律 / IT / 教育）”完成一段专业级输出，兼顾清晰度、逻辑性和语域控制。","围绕“专业领域交流（医学 / 法律 / IT / 教育）”设计 5 轮正式互动，要求学习者完成专业说明、回应和总结。","提取“专业领域交流（医学 / 法律 / IT / 教育）”里高频但高级的学术或专业表达。","聚焦复杂长句、限定性表达、模糊限制语和正式输出语域。","6","C1|专业领域交流-医学-法律-it-教育|professional-delivery","Professional Communication"
"scene:c1-09","band:C1","scene","C1","高级（学术 / 专业交流）","c1-09","媒体批判与信息素养","","","9","true","媒体批判与信息素养","高级（学术 / 专业交流） 场景：媒体批判与信息素养","围绕“媒体批判与信息素养”完成从输入、搭建、互动到输出的关卡训练。","围绕“媒体批判与信息素养”生成难度递进的场景对话，确保每一关只聚焦一个核心任务。","围绕“媒体批判与信息素养”提炼高频词、功能短语、可替换句型和复用表达。","根据 C1 阶段特点，为“媒体批判与信息素养”匹配最实用的语法重点与表达结构。","20","C1|媒体批判与信息素养","Media Criticism and Information Literacy"
"scene:c1-09:stage:concept-frame","scene:c1-09","stage","C1","高级（学术 / 专业交流）","c1-09","媒体批判与信息素养","concept-frame","第 1 关 · 概念框架","1","true","媒体批判与信息素养","先建立概念、边界和讨论框架，避免只停留在结论表态。","能围绕“媒体批判与信息素养”定义问题、说明边界，并建立讨论框架。","围绕“媒体批判与信息素养”设计 2 轮框架型对话，突出概念界定和讨论入口。","提取“媒体批判与信息素养”里用于界定概念、限定范围和引出论证的表达。","聚焦名词化、定语从句、插入结构和抽象表达。","4","C1|媒体批判与信息素养|concept-frame","Media Criticism and Information Literacy"
"scene:c1-09:stage:argument-development","scene:c1-09","stage","C1","高级（学术 / 专业交流）","c1-09","媒体批判与信息素养","argument-development","第 2 关 · 展开论证","2","true","媒体批判与信息素养","把观点发展成论点链，而不是只给单一句子答案。","能针对“媒体批判与信息素养”给出清晰论点、支撑理由和反面考虑。","围绕“媒体批判与信息素养”设计 3 轮论证型互动，要求学习者展开论点和例证。","提取“媒体批判与信息素养”里用于论证、引用、限定和评价的表达。","聚焦高级连接词、让步结构、条件推演和抽象评价句。","5","C1|媒体批判与信息素养|argument-development","Media Criticism and Information Literacy"
"scene:c1-09:stage:counter-response","scene:c1-09","stage","C1","高级（学术 / 专业交流）","c1-09","媒体批判与信息素养","counter-response","第 3 关 · 回应挑战","3","true","媒体批判与信息素养","面对质疑时能修正、反驳或重构自己的表达。","能在“媒体批判与信息素养”中回应质疑、整合不同观点，并保持表达精确。","围绕“媒体批判与信息素养”设计 4 轮交锋式对话，加入反驳、追问和立场调整。","提取“媒体批判与信息素养”里用于反驳、部分同意、重述和澄清的表达。","聚焦倒装、强调结构、被动表达和高阶逻辑衔接。","5","C1|媒体批判与信息素养|counter-response","Media Criticism and Information Literacy"
"scene:c1-09:stage:professional-delivery","scene:c1-09","stage","C1","高级（学术 / 专业交流）","c1-09","媒体批判与信息素养","professional-delivery","第 4 关 · 专业输出","4","true","媒体批判与信息素养","最终形成可以在课堂、会议或正式交流中使用的完整表达。","能围绕“媒体批判与信息素养”完成一段专业级输出，兼顾清晰度、逻辑性和语域控制。","围绕“媒体批判与信息素养”设计 5 轮正式互动，要求学习者完成专业说明、回应和总结。","提取“媒体批判与信息素养”里高频但高级的学术或专业表达。","聚焦复杂长句、限定性表达、模糊限制语和正式输出语域。","6","C1|媒体批判与信息素养|professional-delivery","Media Criticism and Information Literacy"
"scene:c1-10","band:C1","scene","C1","高级（学术 / 专业交流）","c1-10","深度心理与情感沟通","","","10","true","深度心理与情感沟通","高级（学术 / 专业交流） 场景：深度心理与情感沟通","围绕“深度心理与情感沟通”完成从输入、搭建、互动到输出的关卡训练。","围绕“深度心理与情感沟通”生成难度递进的场景对话，确保每一关只聚焦一个核心任务。","围绕“深度心理与情感沟通”提炼高频词、功能短语、可替换句型和复用表达。","根据 C1 阶段特点，为“深度心理与情感沟通”匹配最实用的语法重点与表达结构。","20","C1|深度心理与情感沟通","Deep Psychological and Emotional Communication"
"scene:c1-10:stage:concept-frame","scene:c1-10","stage","C1","高级（学术 / 专业交流）","c1-10","深度心理与情感沟通","concept-frame","第 1 关 · 概念框架","1","true","深度心理与情感沟通","先建立概念、边界和讨论框架，避免只停留在结论表态。","能围绕“深度心理与情感沟通”定义问题、说明边界，并建立讨论框架。","围绕“深度心理与情感沟通”设计 2 轮框架型对话，突出概念界定和讨论入口。","提取“深度心理与情感沟通”里用于界定概念、限定范围和引出论证的表达。","聚焦名词化、定语从句、插入结构和抽象表达。","4","C1|深度心理与情感沟通|concept-frame","Deep Psychological and Emotional Communication"
"scene:c1-10:stage:argument-development","scene:c1-10","stage","C1","高级（学术 / 专业交流）","c1-10","深度心理与情感沟通","argument-development","第 2 关 · 展开论证","2","true","深度心理与情感沟通","把观点发展成论点链，而不是只给单一句子答案。","能针对“深度心理与情感沟通”给出清晰论点、支撑理由和反面考虑。","围绕“深度心理与情感沟通”设计 3 轮论证型互动，要求学习者展开论点和例证。","提取“深度心理与情感沟通”里用于论证、引用、限定和评价的表达。","聚焦高级连接词、让步结构、条件推演和抽象评价句。","5","C1|深度心理与情感沟通|argument-development","Deep Psychological and Emotional Communication"
"scene:c1-10:stage:counter-response","scene:c1-10","stage","C1","高级（学术 / 专业交流）","c1-10","深度心理与情感沟通","counter-response","第 3 关 · 回应挑战","3","true","深度心理与情感沟通","面对质疑时能修正、反驳或重构自己的表达。","能在“深度心理与情感沟通”中回应质疑、整合不同观点，并保持表达精确。","围绕“深度心理与情感沟通”设计 4 轮交锋式对话，加入反驳、追问和立场调整。","提取“深度心理与情感沟通”里用于反驳、部分同意、重述和澄清的表达。","聚焦倒装、强调结构、被动表达和高阶逻辑衔接。","5","C1|深度心理与情感沟通|counter-response","Deep Psychological and Emotional Communication"
"scene:c1-10:stage:professional-delivery","scene:c1-10","stage","C1","高级（学术 / 专业交流）","c1-10","深度心理与情感沟通","professional-delivery","第 4 关 · 专业输出","4","true","深度心理与情感沟通","最终形成可以在课堂、会议或正式交流中使用的完整表达。","能围绕“深度心理与情感沟通”完成一段专业级输出，兼顾清晰度、逻辑性和语域控制。","围绕“深度心理与情感沟通”设计 5 轮正式互动，要求学习者完成专业说明、回应和总结。","提取“深度心理与情感沟通”里高频但高级的学术或专业表达。","聚焦复杂长句、限定性表达、模糊限制语和正式输出语域。","6","C1|深度心理与情感沟通|professional-delivery","Deep Psychological and Emotional Communication"
"band:C2","root","band","C2","精通级（母语级精准交流）","","精通级（母语级精准交流）","","","6","true","精通级（母语级精准交流）","以高精度、高复杂度、高语域切换能力为目标，追求接近母语使用者的表达控制力。","完成 C2 阶段的场景训练，形成可迁移的真实沟通能力。","","","","","C2",""
"scene:c2-01","band:C2","scene","C2","精通级（母语级精准交流）","c2-01","文学、语言学深度探讨","","","1","true","文学、语言学深度探讨","精通级（母语级精准交流） 场景：文学、语言学深度探讨","围绕“文学、语言学深度探讨”完成从输入、搭建、互动到输出的关卡训练。","围绕“文学、语言学深度探讨”生成难度递进的场景对话，确保每一关只聚焦一个核心任务。","围绕“文学、语言学深度探讨”提炼高频词、功能短语、可替换句型和复用表达。","根据 C2 阶段特点，为“文学、语言学深度探讨”匹配最实用的语法重点与表达结构。","20","C2|文学-语言学深度探讨","Literature and Linguistics"
"scene:c2-01:stage:precision-orientation","scene:c2-01","stage","C2","精通级（母语级精准交流）","c2-01","文学、语言学深度探讨","precision-orientation","第 1 关 · 精确定位","1","true","文学、语言学深度探讨","先确定语域、立场和表达精度，避免只求“大概能说”。","能针对“文学、语言学深度探讨”选择合适语域，并准确界定表达目标与受众。","围绕“文学、语言学深度探讨”设计 2 轮高语域对话，突出语境判断和表达取舍。","提取“文学、语言学深度探讨”中高精度、高区分度的关键词和短语。","聚焦语域切换、修饰层次、抽象名词结构和复杂限定表达。","4","C2|文学-语言学深度探讨|precision-orientation","Literature and Linguistics"
"scene:c2-01:stage:nuanced-expression","scene:c2-01","stage","C2","精通级（母语级精准交流）","c2-01","文学、语言学深度探讨","nuanced-expression","第 2 关 · 细腻表达","2","true","文学、语言学深度探讨","学会表达分寸、保留、暗含立场与微妙差异。","能围绕“文学、语言学深度探讨”表达细微差别、程度变化和隐含态度。","围绕“文学、语言学深度探讨”设计 3 轮细腻表达互动，要求学习者做语义区分与风格调整。","提取“文学、语言学深度探讨”里用于微调语气、限定范围和表达复杂态度的词组。","聚焦高级虚拟语气、评价性从句、插入评注和多重从属结构。","5","C2|文学-语言学深度探讨|nuanced-expression","Literature and Linguistics"
"scene:c2-01:stage:high-stakes-response","scene:c2-01","stage","C2","精通级（母语级精准交流）","c2-01","文学、语言学深度探讨","high-stakes-response","第 3 关 · 高压应对","3","true","文学、语言学深度探讨","在高压力或高复杂度追问下保持稳定与精准。","能在“文学、语言学深度探讨”中面对追问、反驳或高压互动时保持精确和控制力。","围绕“文学、语言学深度探讨”设计 4 轮高压互动，加入追问、博弈和表述修正。","提取“文学、语言学深度探讨”里用于高风险表达、反驳、缓冲和重构的高级表达。","聚焦倒装、强调、对比平衡结构和长程逻辑控制。","5","C2|文学-语言学深度探讨|high-stakes-response","Literature and Linguistics"
"scene:c2-01:stage:mastery-performance","scene:c2-01","stage","C2","精通级（母语级精准交流）","c2-01","文学、语言学深度探讨","mastery-performance","第 4 关 · 母语级输出","4","true","文学、语言学深度探讨","形成能够直接用于正式场合的高完成度表达。","能围绕“文学、语言学深度探讨”完成母语级精准输出，兼顾逻辑、语感、风格与目的。","围绕“文学、语言学深度探讨”设计 5 轮高完成度互动，要求学习者完成精确、自然且有风格的输出。","提取“文学、语言学深度探讨”里能体现高级表达控制力的代表性表达。","聚焦高级修辞、长句节奏控制、风格塑造和表达精修。","6","C2|文学-语言学深度探讨|mastery-performance","Literature and Linguistics"
"scene:c2-02","band:C2","scene","C2","精通级（母语级精准交流）","c2-02","国际会议与外交谈判","","","2","true","国际会议与外交谈判","精通级（母语级精准交流） 场景：国际会议与外交谈判","围绕“国际会议与外交谈判”完成从输入、搭建、互动到输出的关卡训练。","围绕“国际会议与外交谈判”生成难度递进的场景对话，确保每一关只聚焦一个核心任务。","围绕“国际会议与外交谈判”提炼高频词、功能短语、可替换句型和复用表达。","根据 C2 阶段特点，为“国际会议与外交谈判”匹配最实用的语法重点与表达结构。","20","C2|国际会议与外交谈判","International Conferences and Diplomacy"
"scene:c2-02:stage:precision-orientation","scene:c2-02","stage","C2","精通级（母语级精准交流）","c2-02","国际会议与外交谈判","precision-orientation","第 1 关 · 精确定位","1","true","国际会议与外交谈判","先确定语域、立场和表达精度，避免只求“大概能说”。","能针对“国际会议与外交谈判”选择合适语域，并准确界定表达目标与受众。","围绕“国际会议与外交谈判”设计 2 轮高语域对话，突出语境判断和表达取舍。","提取“国际会议与外交谈判”中高精度、高区分度的关键词和短语。","聚焦语域切换、修饰层次、抽象名词结构和复杂限定表达。","4","C2|国际会议与外交谈判|precision-orientation","International Conferences and Diplomacy"
"scene:c2-02:stage:nuanced-expression","scene:c2-02","stage","C2","精通级（母语级精准交流）","c2-02","国际会议与外交谈判","nuanced-expression","第 2 关 · 细腻表达","2","true","国际会议与外交谈判","学会表达分寸、保留、暗含立场与微妙差异。","能围绕“国际会议与外交谈判”表达细微差别、程度变化和隐含态度。","围绕“国际会议与外交谈判”设计 3 轮细腻表达互动，要求学习者做语义区分与风格调整。","提取“国际会议与外交谈判”里用于微调语气、限定范围和表达复杂态度的词组。","聚焦高级虚拟语气、评价性从句、插入评注和多重从属结构。","5","C2|国际会议与外交谈判|nuanced-expression","International Conferences and Diplomacy"
"scene:c2-02:stage:high-stakes-response","scene:c2-02","stage","C2","精通级（母语级精准交流）","c2-02","国际会议与外交谈判","high-stakes-response","第 3 关 · 高压应对","3","true","国际会议与外交谈判","在高压力或高复杂度追问下保持稳定与精准。","能在“国际会议与外交谈判”中面对追问、反驳或高压互动时保持精确和控制力。","围绕“国际会议与外交谈判”设计 4 轮高压互动，加入追问、博弈和表述修正。","提取“国际会议与外交谈判”里用于高风险表达、反驳、缓冲和重构的高级表达。","聚焦倒装、强调、对比平衡结构和长程逻辑控制。","5","C2|国际会议与外交谈判|high-stakes-response","International Conferences and Diplomacy"
"scene:c2-02:stage:mastery-performance","scene:c2-02","stage","C2","精通级（母语级精准交流）","c2-02","国际会议与外交谈判","mastery-performance","第 4 关 · 母语级输出","4","true","国际会议与外交谈判","形成能够直接用于正式场合的高完成度表达。","能围绕“国际会议与外交谈判”完成母语级精准输出，兼顾逻辑、语感、风格与目的。","围绕“国际会议与外交谈判”设计 5 轮高完成度互动，要求学习者完成精确、自然且有风格的输出。","提取“国际会议与外交谈判”里能体现高级表达控制力的代表性表达。","聚焦高级修辞、长句节奏控制、风格塑造和表达精修。","6","C2|国际会议与外交谈判|mastery-performance","International Conferences and Diplomacy"
"scene:c2-03","band:C2","scene","C2","精通级（母语级精准交流）","c2-03","高精专业表达（法律、医学）","","","3","true","高精专业表达（法律、医学）","精通级（母语级精准交流） 场景：高精专业表达（法律、医学）","围绕“高精专业表达（法律、医学）”完成从输入、搭建、互动到输出的关卡训练。","围绕“高精专业表达（法律、医学）”生成难度递进的场景对话，确保每一关只聚焦一个核心任务。","围绕“高精专业表达（法律、医学）”提炼高频词、功能短语、可替换句型和复用表达。","根据 C2 阶段特点，为“高精专业表达（法律、医学）”匹配最实用的语法重点与表达结构。","20","C2|高精专业表达-法律-医学","High-Precision Professional Communication"
"scene:c2-03:stage:precision-orientation","scene:c2-03","stage","C2","精通级（母语级精准交流）","c2-03","高精专业表达（法律、医学）","precision-orientation","第 1 关 · 精确定位","1","true","高精专业表达（法律、医学）","先确定语域、立场和表达精度，避免只求“大概能说”。","能针对“高精专业表达（法律、医学）”选择合适语域，并准确界定表达目标与受众。","围绕“高精专业表达（法律、医学）”设计 2 轮高语域对话，突出语境判断和表达取舍。","提取“高精专业表达（法律、医学）”中高精度、高区分度的关键词和短语。","聚焦语域切换、修饰层次、抽象名词结构和复杂限定表达。","4","C2|高精专业表达-法律-医学|precision-orientation","High-Precision Professional Communication"
"scene:c2-03:stage:nuanced-expression","scene:c2-03","stage","C2","精通级（母语级精准交流）","c2-03","高精专业表达（法律、医学）","nuanced-expression","第 2 关 · 细腻表达","2","true","高精专业表达（法律、医学）","学会表达分寸、保留、暗含立场与微妙差异。","能围绕“高精专业表达（法律、医学）”表达细微差别、程度变化和隐含态度。","围绕“高精专业表达（法律、医学）”设计 3 轮细腻表达互动，要求学习者做语义区分与风格调整。","提取“高精专业表达（法律、医学）”里用于微调语气、限定范围和表达复杂态度的词组。","聚焦高级虚拟语气、评价性从句、插入评注和多重从属结构。","5","C2|高精专业表达-法律-医学|nuanced-expression","High-Precision Professional Communication"
"scene:c2-03:stage:high-stakes-response","scene:c2-03","stage","C2","精通级（母语级精准交流）","c2-03","高精专业表达（法律、医学）","high-stakes-response","第 3 关 · 高压应对","3","true","高精专业表达（法律、医学）","在高压力或高复杂度追问下保持稳定与精准。","能在“高精专业表达（法律、医学）”中面对追问、反驳或高压互动时保持精确和控制力。","围绕“高精专业表达（法律、医学）”设计 4 轮高压互动，加入追问、博弈和表述修正。","提取“高精专业表达（法律、医学）”里用于高风险表达、反驳、缓冲和重构的高级表达。","聚焦倒装、强调、对比平衡结构和长程逻辑控制。","5","C2|高精专业表达-法律-医学|high-stakes-response","High-Precision Professional Communication"
"scene:c2-03:stage:mastery-performance","scene:c2-03","stage","C2","精通级（母语级精准交流）","c2-03","高精专业表达（法律、医学）","mastery-performance","第 4 关 · 母语级输出","4","true","高精专业表达（法律、医学）","形成能够直接用于正式场合的高完成度表达。","能围绕“高精专业表达（法律、医学）”完成母语级精准输出，兼顾逻辑、语感、风格与目的。","围绕“高精专业表达（法律、医学）”设计 5 轮高完成度互动，要求学习者完成精确、自然且有风格的输出。","提取“高精专业表达（法律、医学）”里能体现高级表达控制力的代表性表达。","聚焦高级修辞、长句节奏控制、风格塑造和表达精修。","6","C2|高精专业表达-法律-医学|mastery-performance","High-Precision Professional Communication"
"scene:c2-04","band:C2","scene","C2","精通级（母语级精准交流）","c2-04","修辞、写作与创作","","","4","true","修辞、写作与创作","精通级（母语级精准交流） 场景：修辞、写作与创作","围绕“修辞、写作与创作”完成从输入、搭建、互动到输出的关卡训练。","围绕“修辞、写作与创作”生成难度递进的场景对话，确保每一关只聚焦一个核心任务。","围绕“修辞、写作与创作”提炼高频词、功能短语、可替换句型和复用表达。","根据 C2 阶段特点，为“修辞、写作与创作”匹配最实用的语法重点与表达结构。","20","C2|修辞-写作与创作","Rhetoric, Writing, and Creative Expression"
"scene:c2-04:stage:precision-orientation","scene:c2-04","stage","C2","精通级（母语级精准交流）","c2-04","修辞、写作与创作","precision-orientation","第 1 关 · 精确定位","1","true","修辞、写作与创作","先确定语域、立场和表达精度，避免只求“大概能说”。","能针对“修辞、写作与创作”选择合适语域，并准确界定表达目标与受众。","围绕“修辞、写作与创作”设计 2 轮高语域对话，突出语境判断和表达取舍。","提取“修辞、写作与创作”中高精度、高区分度的关键词和短语。","聚焦语域切换、修饰层次、抽象名词结构和复杂限定表达。","4","C2|修辞-写作与创作|precision-orientation","Rhetoric, Writing, and Creative Expression"
"scene:c2-04:stage:nuanced-expression","scene:c2-04","stage","C2","精通级（母语级精准交流）","c2-04","修辞、写作与创作","nuanced-expression","第 2 关 · 细腻表达","2","true","修辞、写作与创作","学会表达分寸、保留、暗含立场与微妙差异。","能围绕“修辞、写作与创作”表达细微差别、程度变化和隐含态度。","围绕“修辞、写作与创作”设计 3 轮细腻表达互动，要求学习者做语义区分与风格调整。","提取“修辞、写作与创作”里用于微调语气、限定范围和表达复杂态度的词组。","聚焦高级虚拟语气、评价性从句、插入评注和多重从属结构。","5","C2|修辞-写作与创作|nuanced-expression","Rhetoric, Writing, and Creative Expression"
"scene:c2-04:stage:high-stakes-response","scene:c2-04","stage","C2","精通级（母语级精准交流）","c2-04","修辞、写作与创作","high-stakes-response","第 3 关 · 高压应对","3","true","修辞、写作与创作","在高压力或高复杂度追问下保持稳定与精准。","能在“修辞、写作与创作”中面对追问、反驳或高压互动时保持精确和控制力。","围绕“修辞、写作与创作”设计 4 轮高压互动，加入追问、博弈和表述修正。","提取“修辞、写作与创作”里用于高风险表达、反驳、缓冲和重构的高级表达。","聚焦倒装、强调、对比平衡结构和长程逻辑控制。","5","C2|修辞-写作与创作|high-stakes-response","Rhetoric, Writing, and Creative Expression"
"scene:c2-04:stage:mastery-performance","scene:c2-04","stage","C2","精通级（母语级精准交流）","c2-04","修辞、写作与创作","mastery-performance","第 4 关 · 母语级输出","4","true","修辞、写作与创作","形成能够直接用于正式场合的高完成度表达。","能围绕“修辞、写作与创作”完成母语级精准输出，兼顾逻辑、语感、风格与目的。","围绕“修辞、写作与创作”设计 5 轮高完成度互动，要求学习者完成精确、自然且有风格的输出。","提取“修辞、写作与创作”里能体现高级表达控制力的代表性表达。","聚焦高级修辞、长句节奏控制、风格塑造和表达精修。","6","C2|修辞-写作与创作|mastery-performance","Rhetoric, Writing, and Creative Expression"
"scene:c2-05","band:C2","scene","C2","精通级（母语级精准交流）","c2-05","全球化、气候等顶层议题","","","5","true","全球化、气候等顶层议题","精通级（母语级精准交流） 场景：全球化、气候等顶层议题","围绕“全球化、气候等顶层议题”完成从输入、搭建、互动到输出的关卡训练。","围绕“全球化、气候等顶层议题”生成难度递进的场景对话，确保每一关只聚焦一个核心任务。","围绕“全球化、气候等顶层议题”提炼高频词、功能短语、可替换句型和复用表达。","根据 C2 阶段特点，为“全球化、气候等顶层议题”匹配最实用的语法重点与表达结构。","20","C2|全球化-气候等顶层议题","Globalization, Climate, and Macro Issues"
"scene:c2-05:stage:precision-orientation","scene:c2-05","stage","C2","精通级（母语级精准交流）","c2-05","全球化、气候等顶层议题","precision-orientation","第 1 关 · 精确定位","1","true","全球化、气候等顶层议题","先确定语域、立场和表达精度，避免只求“大概能说”。","能针对“全球化、气候等顶层议题”选择合适语域，并准确界定表达目标与受众。","围绕“全球化、气候等顶层议题”设计 2 轮高语域对话，突出语境判断和表达取舍。","提取“全球化、气候等顶层议题”中高精度、高区分度的关键词和短语。","聚焦语域切换、修饰层次、抽象名词结构和复杂限定表达。","4","C2|全球化-气候等顶层议题|precision-orientation","Globalization, Climate, and Macro Issues"
"scene:c2-05:stage:nuanced-expression","scene:c2-05","stage","C2","精通级（母语级精准交流）","c2-05","全球化、气候等顶层议题","nuanced-expression","第 2 关 · 细腻表达","2","true","全球化、气候等顶层议题","学会表达分寸、保留、暗含立场与微妙差异。","能围绕“全球化、气候等顶层议题”表达细微差别、程度变化和隐含态度。","围绕“全球化、气候等顶层议题”设计 3 轮细腻表达互动，要求学习者做语义区分与风格调整。","提取“全球化、气候等顶层议题”里用于微调语气、限定范围和表达复杂态度的词组。","聚焦高级虚拟语气、评价性从句、插入评注和多重从属结构。","5","C2|全球化-气候等顶层议题|nuanced-expression","Globalization, Climate, and Macro Issues"
"scene:c2-05:stage:high-stakes-response","scene:c2-05","stage","C2","精通级（母语级精准交流）","c2-05","全球化、气候等顶层议题","high-stakes-response","第 3 关 · 高压应对","3","true","全球化、气候等顶层议题","在高压力或高复杂度追问下保持稳定与精准。","能在“全球化、气候等顶层议题”中面对追问、反驳或高压互动时保持精确和控制力。","围绕“全球化、气候等顶层议题”设计 4 轮高压互动，加入追问、博弈和表述修正。","提取“全球化、气候等顶层议题”里用于高风险表达、反驳、缓冲和重构的高级表达。","聚焦倒装、强调、对比平衡结构和长程逻辑控制。","5","C2|全球化-气候等顶层议题|high-stakes-response","Globalization, Climate, and Macro Issues"
"scene:c2-05:stage:mastery-performance","scene:c2-05","stage","C2","精通级（母语级精准交流）","c2-05","全球化、气候等顶层议题","mastery-performance","第 4 关 · 母语级输出","4","true","全球化、气候等顶层议题","形成能够直接用于正式场合的高完成度表达。","能围绕“全球化、气候等顶层议题”完成母语级精准输出，兼顾逻辑、语感、风格与目的。","围绕“全球化、气候等顶层议题”设计 5 轮高完成度互动，要求学习者完成精确、自然且有风格的输出。","提取“全球化、气候等顶层议题”里能体现高级表达控制力的代表性表达。","聚焦高级修辞、长句节奏控制、风格塑造和表达精修。","6","C2|全球化-气候等顶层议题|mastery-performance","Globalization, Climate, and Macro Issues"
