row_id,book_slug,book_title,topic,subtopic,word,phonetic,chinese,example,sort_order
"1","categorized-collection","按类型区分（4000词）","气象","气象","arid","ˈærɪd","adj. 干旱的；贫瘠的；枯燥无趣的","Try using ""arid"" in a sentence related to 气象.","1"
"2","categorized-collection","按类型区分（4000词）","气象","气象","atmosphere","ˈætməsfɪə(r)","n. 大气；气氛；氛围","Try using ""atmosphere"" in a sentence related to 气象.","2"
"3","categorized-collection","按类型区分（4000词）","气象","气象","balmy","ˈbɑːmi","adj. 温和宜人的（气候）；芳香的","Try using ""balmy"" in a sentence related to 气象.","3"
"4","categorized-collection","按类型区分（4000词）","气象","气象","barometer","bəˈrɒmɪtə(r)","n. 晴雨表；气压计","Try using ""barometer"" in a sentence related to 气象.","4"
"5","categorized-collection","按类型区分（4000词）","气象","气象","blast","blɑːst","n. 爆炸；一阵强劲的气流；突然的响声 v. 爆破；产生巨大响声","Try using ""blast"" in a sentence related to 气象.","5"
"6","categorized-collection","按类型区分（4000词）","气象","气象","blizzard","ˈblɪzəd","n. 暴风雪；大量","Try using ""blizzard"" in a sentence related to 气象.","6"
"7","categorized-collection","按类型区分（4000词）","气象","气象","breeze","briːz","n. 微风；和风","Try using ""breeze"" in a sentence related to 气象.","7"
"8","categorized-collection","按类型区分（4000词）","气象","气象","chill","tʃɪl","n. 寒冷；寒意 v. 变冷；使冰冷 adj. 寒冷的","Try using ""chill"" in a sentence related to 气象.","8"
"9","categorized-collection","按类型区分（4000词）","气象","气象","chilly","ˈtʃɪli","adj. 寒冷的；冷淡的；冷漠的","Try using ""chilly"" in a sentence related to 气象.","9"
"10","categorized-collection","按类型区分（4000词）","气象","气象","climate","ˈklaɪmət","n. 气候；（社会）风气；一般（社会）趋势","Try using ""climate"" in a sentence related to 气象.","10"
"11","categorized-collection","按类型区分（4000词）","气象","气象","condense","kənˈdens","v. （使）冷凝；浓缩；删节以求精简","Try using ""condense"" in a sentence related to 气象.","11"
"12","categorized-collection","按类型区分（4000词）","气象","气象","convection zone","kənˈvekʃ(ə)n zəʊn","phrase. 对流层；对流区","Try using ""convection zone"" in a sentence related to 气象.","12"
"13","categorized-collection","按类型区分（4000词）","气象","气象","crystal","ˈkrɪst(ə)l","n. 水晶；结晶 adj. 晶体的","Try using ""crystal"" in a sentence related to 气象.","13"
"14","categorized-collection","按类型区分（4000词）","气象","气象","current","ˈkʌrənt","n. （水、气、电）流；趋势 adj. 当前的；流通的","Try using ""current"" in a sentence related to 气象.","14"
"15","categorized-collection","按类型区分（4000词）","气象","气象","damp","dæmp","adj. 潮湿的 n. 潮湿 v. 使潮湿","Try using ""damp"" in a sentence related to 气象.","15"
"16","categorized-collection","按类型区分（4000词）","气象","气象","dank","dæŋk","adj. 阴湿的","Try using ""dank"" in a sentence related to 气象.","16"
"17","categorized-collection","按类型区分（4000词）","气象","气象","dew","djuː","n. 露；露水","Try using ""dew"" in a sentence related to 气象.","17"
"18","categorized-collection","按类型区分（4000词）","气象","气象","downpour","ˈdaʊnpɔː(r)","n. 倾盆大雨；暴雨","Try using ""downpour"" in a sentence related to 气象.","18"
"19","categorized-collection","按类型区分（4000词）","气象","气象","drizzle","ˈdrɪz(ə)l","v. 下毛毛雨；（毛毛雨似的）洒落 n. 毛毛细雨","Try using ""drizzle"" in a sentence related to 气象.","19"
"20","categorized-collection","按类型区分（4000词）","气象","气象","droplet","ˈdrɒplət","n. 小滴","Try using ""droplet"" in a sentence related to 气象.","20"
"21","categorized-collection","按类型区分（4000词）","气象","气象","drought","draʊt","n. 旱灾；干旱","Try using ""drought"" in a sentence related to 气象.","21"
"22","categorized-collection","按类型区分（4000词）","气象","气象","frigid","ˈfrɪdʒɪd","adj. 寒冷的；冷淡的；性冷淡的（女子）","Try using ""frigid"" in a sentence related to 气象.","22"
"23","categorized-collection","按类型区分（4000词）","气象","气象","frost","frɒst","n. 霜；霜冻；严寒 v. 结霜","Try using ""frost"" in a sentence related to 气象.","23"
"24","categorized-collection","按类型区分（4000词）","气象","气象","funnel","ˈfʌn(ə)l","n. 漏斗；烟筒 v. 通过狭窄空间；输送","Try using ""funnel"" in a sentence related to 气象.","24"
"25","categorized-collection","按类型区分（4000词）","气象","气象","gale","ɡeɪl","n. 大风；一阵（喧闹）","Try using ""gale"" in a sentence related to 气象.","25"
"26","categorized-collection","按类型区分（4000词）","气象","气象","greenhouse effect","ˈɡriːnhaʊs ɪfekt","phrase. 温室效应","Try using ""greenhouse effect"" in a sentence related to 气象.","26"
"27","categorized-collection","按类型区分（4000词）","气象","气象","hail","heɪl","n. 冰雹 v. 下冰雹；呼喊；欢呼；把…誉为","Try using ""hail"" in a sentence related to 气象.","27"
"28","categorized-collection","按类型区分（4000词）","气象","气象","humid","ˈhjuːmɪd","adj. 潮湿的；湿润的","Try using ""humid"" in a sentence related to 气象.","28"
"29","categorized-collection","按类型区分（4000词）","气象","气象","humidity","hjuːˈmɪdəti","n. 湿度；湿气","Try using ""humidity"" in a sentence related to 气象.","29"
"30","categorized-collection","按类型区分（4000词）","气象","气象","hurricane","ˈhʌrɪkən","n. 飓风","Try using ""hurricane"" in a sentence related to 气象.","30"
"31","categorized-collection","按类型区分（4000词）","气象","气象","meteorology","ˌmiːtiəˈrɒlədʒi","n. 气象学","Try using ""meteorology"" in a sentence related to 气象.","31"
"32","categorized-collection","按类型区分（4000词）","气象","气象","moisture","ˈmɔɪstʃə(r)","n. 湿气；潮湿","Try using ""moisture"" in a sentence related to 气象.","32"
"33","categorized-collection","按类型区分（4000词）","气象","气象","oxygen","ˈɒksɪdʒən","n. 氧；氧气","Try using ""oxygen"" in a sentence related to 气象.","33"
"34","categorized-collection","按类型区分（4000词）","气象","气象","ozone layer","ˈəʊzəʊn leɪə(r)","phrase. 臭氧层","Try using ""ozone layer"" in a sentence related to 气象.","34"
"35","categorized-collection","按类型区分（4000词）","气象","气象","precipitate","prɪˈsɪpɪteɪt","v. 加速（坏事的发生） n. 沉淀物；冷凝物 adj. 轻率的；仓促的","Try using ""precipitate"" in a sentence related to 气象.","35"
"36","categorized-collection","按类型区分（4000词）","气象","气象","precipitation","prɪˌsɪpɪˈteɪʃ(ə)n","n. 降水；沉淀；匆促","Try using ""precipitation"" in a sentence related to 气象.","36"
"37","categorized-collection","按类型区分（4000词）","气象","气象","saturate","ˈsætʃəreɪt","v. 使浸透；使湿透；使满；使饱和","Try using ""saturate"" in a sentence related to 气象.","37"
"38","categorized-collection","按类型区分（4000词）","气象","气象","fog","fɒɡ","n. 雾","Try using ""fog"" in a sentence related to 气象.","38"
"39","categorized-collection","按类型区分（4000词）","气象","气象","serene","səˈriːn","adj. 平静的；宁静的；安详的","Try using ""serene"" in a sentence related to 气象.","39"
"40","categorized-collection","按类型区分（4000词）","气象","气象","smog","smɒɡ","n. 烟雾","Try using ""smog"" in a sentence related to 气象.","40"
"41","categorized-collection","按类型区分（4000词）","气象","气象","temperature","ˈtemprətʃə(r)","n. 温度；气温；体温","Try using ""temperature"" in a sentence related to 气象.","41"
"42","categorized-collection","按类型区分（4000词）","气象","气象","tempest","ˈtempɪst","n. 暴风雨；骚动","Try using ""tempest"" in a sentence related to 气象.","42"
"43","categorized-collection","按类型区分（4000词）","气象","气象","tepid","ˈtepɪd","adj. 微温的；不冷不热的；不热情的","Try using ""tepid"" in a sentence related to 气象.","43"
"44","categorized-collection","按类型区分（4000词）","气象","气象","tornado","tɔːˈneɪdəʊ","n. 龙卷风；旋风","Try using ""tornado"" in a sentence related to 气象.","44"
"45","categorized-collection","按类型区分（4000词）","气象","气象","troposphere","ˈtrɒpəsfɪə(r)","n. 对流层","Try using ""troposphere"" in a sentence related to 气象.","45"
"46","categorized-collection","按类型区分（4000词）","气象","气象","typhoon","taɪˈfuːn","n. 台风","Try using ""typhoon"" in a sentence related to 气象.","46"
"47","categorized-collection","按类型区分（4000词）","气象","气象","vapor","ˈveɪpə(r)","n. 蒸汽","Try using ""vapor"" in a sentence related to 气象.","47"
"48","categorized-collection","按类型区分（4000词）","气象","气象","whirlwind","ˈwɜːlwɪnd","n. 旋风；一片忙乱 adj. 旋风似的；快速的；匆匆忙忙的","Try using ""whirlwind"" in a sentence related to 气象.","48"
"49","categorized-collection","按类型区分（4000词）","数学","数学","error","ˈerə(r)","n. 错误；差错","Try using ""error"" in a sentence related to 数学.","49"
"50","categorized-collection","按类型区分（4000词）","数学","数学","accuracy","ˈækjərəsi","n. 精确性；准确度","Try using ""accuracy"" in a sentence related to 数学.","50"
"51","categorized-collection","按类型区分（4000词）","数学","数学","angle","ˈæŋɡl","n. 角；角度；视角 v. 斜放；运用手段获得","Try using ""angle"" in a sentence related to 数学.","51"
"52","categorized-collection","按类型区分（4000词）","数学","数学","formula","ˈfɔːmjələ","n. 公式；配方；方案；分子式","Try using ""formula"" in a sentence related to 数学.","52"
"53","categorized-collection","按类型区分（4000词）","数学","数学","function","ˈfʌŋkʃ(ə)n","n. 功能；职责；函数 v. 起作用； 运行；行使职责","Try using ""function"" in a sentence related to 数学.","53"
"54","categorized-collection","按类型区分（4000词）","数学","数学","addition","əˈdɪʃ(ə)n","n. 增加；加法；附加物","Try using ""addition"" in a sentence related to 数学.","54"
"55","categorized-collection","按类型区分（4000词）","数学","数学","divide","dɪˈvaɪd","v. 分开；分隔；除以","Try using ""divide"" in a sentence related to 数学.","55"
"56","categorized-collection","按类型区分（4000词）","数学","数学","multiply","ˈmʌltɪplaɪ","v. 乘；增加；繁殖","Try using ""multiply"" in a sentence related to 数学.","56"
"57","categorized-collection","按类型区分（4000词）","数学","数学","subtract","səbˈtrækt","v. 减去；扣除","Try using ""subtract"" in a sentence related to 数学.","57"
"58","categorized-collection","按类型区分（4000词）","数学","数学","adjacent","əˈdʒeɪs(ə)nt","adj. 相邻的；邻近的","Try using ""adjacent"" in a sentence related to 数学.","58"
"59","categorized-collection","按类型区分（4000词）","数学","数学","algebra","ˈældʒɪbrə","n. 代数","Try using ""algebra"" in a sentence related to 数学.","59"
"60","categorized-collection","按类型区分（4000词）","数学","数学","arithmetic","əˈrɪθmətɪk","n. 算术","Try using ""arithmetic"" in a sentence related to 数学.","60"
"61","categorized-collection","按类型区分（4000词）","数学","数学","equation","ɪˈkweɪʒ(ə)n","n. 方程式；等式","Try using ""equation"" in a sentence related to 数学.","61"
"62","categorized-collection","按类型区分（4000词）","数学","数学","altitude","ˈæltɪtjuːd","n. 海拔；高度","Try using ""altitude"" in a sentence related to 数学.","62"
"63","categorized-collection","按类型区分（4000词）","数学","数学","geometry","dʒiˈɒmətri","n. 几何学","Try using ""geometry"" in a sentence related to 数学.","63"
"64","categorized-collection","按类型区分（4000词）","数学","数学","circumference","səˈkʌmfərəns","n. 圆周；周围；周长","Try using ""circumference"" in a sentence related to 数学.","64"
"65","categorized-collection","按类型区分（4000词）","数学","数学","slope","sləʊp","n. 斜坡；坡度 v. 倾斜；有坡度","Try using ""slope"" in a sentence related to 数学.","65"
"66","categorized-collection","按类型区分（4000词）","数学","数学","summation","sʌˈmeɪʃ(ə)n","n. 结论；总结；求和","Try using ""summation"" in a sentence related to 数学.","66"
"67","categorized-collection","按类型区分（4000词）","数学","数学","symmetry","ˈsɪmətri","n. 对称","Try using ""symmetry"" in a sentence related to 数学.","67"
"68","categorized-collection","按类型区分（4000词）","数学","数学","approximate","əˈprɒksɪmət","adj. 近似的；大约的 v. 接近；粗略估计","Try using ""approximate"" in a sentence related to 数学.","68"
"69","categorized-collection","按类型区分（4000词）","数学","数学","sequence","ˈsiːkwəns","n. 一系列；顺序；次序","Try using ""sequence"" in a sentence related to 数学.","69"
"70","categorized-collection","按类型区分（4000词）","数学","数学","progression","prəˈɡreʃ(ə)n","n. 进步；进展","Try using ""progression"" in a sentence related to 数学.","70"
"71","categorized-collection","按类型区分（4000词）","数学","数学","ascending","əˈsendɪŋ","adj. 上升的；向上的 v. 上升；升高；登高；“ascend”的现在分词","Try using ""ascending"" in a sentence related to 数学.","71"
"72","categorized-collection","按类型区分（4000词）","数学","数学","assumption","əˈsʌmpʃ(ə)n","n. 假设；假想","Try using ""assumption"" in a sentence related to 数学.","72"
"73","categorized-collection","按类型区分（4000词）","数学","数学","probability","ˌprɒbəˈbɪləti","n. 概率；可能性；几率","Try using ""probability"" in a sentence related to 数学.","73"
"74","categorized-collection","按类型区分（4000词）","数学","数学","calculation","ˌkælkjuˈleɪʃ(ə)n","n. 计算；计算结果；推测；算计","Try using ""calculation"" in a sentence related to 数学.","74"
"75","categorized-collection","按类型区分（4000词）","数学","数学","classification","ˌklæsɪfɪˈkeɪʃ(ə)n","n. 分类；分级","Try using ""classification"" in a sentence related to 数学.","75"
"76","categorized-collection","按类型区分（4000词）","数学","数学","combination","ˌkɒmbɪˈneɪʃ(ə)n","n. 组合；结合","Try using ""combination"" in a sentence related to 数学.","76"
"77","categorized-collection","按类型区分（4000词）","数学","数学","logarithm","ˈlɒɡərɪðəm","n. 对数","Try using ""logarithm"" in a sentence related to 数学.","77"
"78","categorized-collection","按类型区分（4000词）","数学","数学","complementary","ˌkɒmplɪˈmentri","adj. 互补的；补充的","Try using ""complementary"" in a sentence related to 数学.","78"
"79","categorized-collection","按类型区分（4000词）","数学","数学","square","skweə(r)","n. 平方；正方形；四方形；广场 v. 使成平方；与...一致 adj. 正方形的；四方形的；成直角的；平方的 adv. 成直角地","Try using ""square"" in a sentence related to 数学.","79"
"80","categorized-collection","按类型区分（4000词）","数学","数学","Congruent","ˈkɒŋɡruənt","adj. 符合的；一致的；全等的","Try using ""Congruent"" in a sentence related to 数学.","80"
"81","categorized-collection","按类型区分（4000词）","数学","数学","constant","ˈkɒnstənt","adj. 恒定的；不变的；持续的 n. 常数；常量","Try using ""constant"" in a sentence related to 数学.","81"
"82","categorized-collection","按类型区分（4000词）","数学","数学","coordinate","kəʊˈɔːdɪneɪt","v. 协调；使配合；搭配 n. 坐标 adj. （在句子中）并列的；坐标的","Try using ""coordinate"" in a sentence related to 数学.","82"
"83","categorized-collection","按类型区分（4000词）","数学","数学","cylinder","ˈsɪlɪndə(r)","n. 圆柱；圆筒；气缸","Try using ""cylinder"" in a sentence related to 数学.","83"
"84","categorized-collection","按类型区分（4000词）","数学","数学","Denominator","dɪˈnɒmɪneɪtə(r)","n. 分母","Try using ""Denominator"" in a sentence related to 数学.","84"
"85","categorized-collection","按类型区分（4000词）","数学","数学","deviation","ˌdiːviˈeɪʃ(ə)n","n. 偏离；出轨；背弃","Try using ""deviation"" in a sentence related to 数学.","85"
"86","categorized-collection","按类型区分（4000词）","数学","数学","dimension","daɪˈmenʃ(ə)n","n. 尺寸；维度","Try using ""dimension"" in a sentence related to 数学.","86"
"87","categorized-collection","按类型区分（4000词）","数学","数学","evaluate","ɪˈvæljueɪt","v. 估价；评价","Try using ""evaluate"" in a sentence related to 数学.","87"
"88","categorized-collection","按类型区分（4000词）","数学","数学","hemisphere","ˈhemɪsfɪə(r)","n. 半球体；半个球","Try using ""hemisphere"" in a sentence related to 数学.","88"
"89","categorized-collection","按类型区分（4000词）","数学","数学","horizontal","ˌhɒrɪˈzɒnt(ə)l","adj. 水平的","Try using ""horizontal"" in a sentence related to 数学.","89"
"90","categorized-collection","按类型区分（4000词）","数学","数学","hyperbola","haɪˈpɜːbələ","n. 双曲线","Try using ""hyperbola"" in a sentence related to 数学.","90"
"91","categorized-collection","按类型区分（4000词）","数学","数学","intersect","ˌɪntəˈsekt","v. 相交；交叉；横穿","Try using ""intersect"" in a sentence related to 数学.","91"
"92","categorized-collection","按类型区分（4000词）","数学","数学","invariance","ɪnˈveərɪəns","n. 不变性；恒常性","Try using ""invariance"" in a sentence related to 数学.","92"
"93","categorized-collection","按类型区分（4000词）","数学","数学","increment","ˈɪŋkrəmənt","n. 增加；增量","Try using ""increment"" in a sentence related to 数学.","93"
"94","categorized-collection","按类型区分（4000词）","数学","数学","maximize","ˈmæksɪmaɪz","v. 使增加至最大限度；最大化","Try using ""maximize"" in a sentence related to 数学.","94"
"95","categorized-collection","按类型区分（4000词）","数学","数学","negative","ˈneɡətɪv","adj. 否定的；消极的；负面的 n. 否定的表达；负数；底片","Try using ""negative"" in a sentence related to 数学.","95"
"96","categorized-collection","按类型区分（4000词）","数学","数学","Numerator","ˈnjuːməreɪtə(r)","n. （分数中的）分子","Try using ""Numerator"" in a sentence related to 数学.","96"
"97","categorized-collection","按类型区分（4000词）","数学","数学","pentagon","ˈpentəɡən","n. 五边形；五角形","Try using ""pentagon"" in a sentence related to 数学.","97"
"98","categorized-collection","按类型区分（4000词）","数学","数学","perimeter","pəˈrɪmɪtə(r)","n. 周长；周围，边界","Try using ""perimeter"" in a sentence related to 数学.","98"
"99","categorized-collection","按类型区分（4000词）","数学","数学","permutation","ˌpɜːmjuˈteɪʃ(ə)n","n. 排列；排列中的任一组数字或文字","Try using ""permutation"" in a sentence related to 数学.","99"
"100","categorized-collection","按类型区分（4000词）","数学","数学","quadrant","ˈkwɒdrənt","n. 四分之一圆周；象限；四分仪","Try using ""quadrant"" in a sentence related to 数学.","100"
"101","categorized-collection","按类型区分（4000词）","数学","数学","quotient","ˈkwəʊʃ(ə)nt","n. 商（数学）；份额；系数","Try using ""quotient"" in a sentence related to 数学.","101"
"102","categorized-collection","按类型区分（4000词）","数学","数学","fraction","ˈfrækʃ(ə)n","n. 小部分；分数","Try using ""fraction"" in a sentence related to 数学.","102"
"103","categorized-collection","按类型区分（4000词）","数学","数学","decimal","ˈdesɪm(ə)l","adj. 小数的；十进位的 n. 小数","Try using ""decimal"" in a sentence related to 数学.","103"
"104","categorized-collection","按类型区分（4000词）","数学","数学","diameter","daɪˈæmɪtə(r)","n. 直径","Try using ""diameter"" in a sentence related to 数学.","104"
"105","categorized-collection","按类型区分（4000词）","数学","数学","Ellipse","ɪˈlɪps","n. 椭圆","Try using ""Ellipse"" in a sentence related to 数学.","105"
"106","categorized-collection","按类型区分（4000词）","数学","数学","radius","ˈreɪdiəs","n. 半径；范围","Try using ""radius"" in a sentence related to 数学.","106"
"107","categorized-collection","按类型区分（4000词）","数学","数学","vertical","ˈvɜːtɪk(ə)l","adj. 竖的；垂直的","Try using ""vertical"" in a sentence related to 数学.","107"
"108","categorized-collection","按类型区分（4000词）","数学","数学","deduction","dɪˈdʌkʃ(ə)n","n. 扣除（额）；推论；演绎","Try using ""deduction"" in a sentence related to 数学.","108"
"109","categorized-collection","按类型区分（4000词）","数学","数学","statistics","stəˈtɪstɪks","n. 统计学；统计数字","Try using ""statistics"" in a sentence related to 数学.","109"
"110","categorized-collection","按类型区分（4000词）","数学","数学","even","ˈiːv(ə)n","adv. 甚至；甚至于 adj. 偶数的；平坦的 v. 使平均；使相等；使平坦","Try using ""even"" in a sentence related to 数学.","110"
"111","categorized-collection","按类型区分（4000词）","数学","数学","odd","ɒd","adj. 奇怪的；奇数的；临时的；带零头的；余的","Try using ""odd"" in a sentence related to 数学.","111"
"112","categorized-collection","按类型区分（4000词）","数学","数学","enumerate","ɪˈnjuːməreɪt","v. 列举；枚举","Try using ""enumerate"" in a sentence related to 数学.","112"
"113","categorized-collection","按类型区分（4000词）","数学","数学","calculate","ˈkælkjuleɪt","v. 计算；推测","Try using ""calculate"" in a sentence related to 数学.","113"
"114","categorized-collection","按类型区分（4000词）","数学","数学","calculus","ˈkælkjələs","n. 微积分学；（人体内的）结石","Try using ""calculus"" in a sentence related to 数学.","114"
"115","categorized-collection","按类型区分（4000词）","数学","数学","percentage","pəˈsentɪdʒ","n. 百分比；百分率","Try using ""percentage"" in a sentence related to 数学.","115"
"116","categorized-collection","按类型区分（4000词）","数学","数学","proportion","prəˈpɔːʃ(ə)n","n. 比例；份额","Try using ""proportion"" in a sentence related to 数学.","116"
"117","categorized-collection","按类型区分（4000词）","数学","数学","exponent","ɪkˈspəʊnənt","n. 阐述者；拥护者；代表者；指数","Try using ""exponent"" in a sentence related to 数学.","117"
"118","categorized-collection","按类型区分（4000词）","数学","数学","derivative","dɪˈrɪvətɪv","n. 派生物；衍生物 adj. 派生的；缺乏创意的","Try using ""derivative"" in a sentence related to 数学.","118"
"119","categorized-collection","按类型区分（4000词）","数学","数学","power","ˈpaʊə(r)","n. 权力；力量；电源；强国；乘方；幂 v. 给…提供能量；供以动力","Try using ""power"" in a sentence related to 数学.","119"
"120","categorized-collection","按类型区分（4000词）","数学","数学","arc","ɑːk","n. 弧；弧形物 v. 成弧线","Try using ""arc"" in a sentence related to 数学.","120"
"121","categorized-collection","按类型区分（4000词）","数学","数学","infinity","ɪnˈfɪnəti","n. 无限；无穷","Try using ""infinity"" in a sentence related to 数学.","121"
"122","categorized-collection","按类型区分（4000词）","音乐","音乐","composer","kəmˈpəʊzə(r)","n. 作曲家","Try using ""composer"" in a sentence related to 音乐.","122"
"123","categorized-collection","按类型区分（4000词）","音乐","音乐","alto","ˈæltəʊ","n. 男声最高音；女低音 adj. 中音部的","Try using ""alto"" in a sentence related to 音乐.","123"
"124","categorized-collection","按类型区分（4000词）","音乐","音乐","tenor","ˈtenə(r)","n. 男高音；次中音乐器；大意","Try using ""tenor"" in a sentence related to 音乐.","124"
"125","categorized-collection","按类型区分（4000词）","音乐","音乐","baritone","ˈbærɪtəʊn","n. 男中音；男中音歌手","Try using ""baritone"" in a sentence related to 音乐.","125"
"126","categorized-collection","按类型区分（4000词）","音乐","音乐","soprano","səˈprɑːnəʊ","n. 女高音；最高音","Try using ""soprano"" in a sentence related to 音乐.","126"
"127","categorized-collection","按类型区分（4000词）","音乐","音乐","rest","rest","v. （使）休息；（使）倚靠；停留在；中止 n. 休息；其他；剩余部分；宁静","Try using ""rest"" in a sentence related to 音乐.","127"
"128","categorized-collection","按类型区分（4000词）","音乐","音乐","rhythm","ˈrɪðəm","n. 节奏；韵律","Try using ""rhythm"" in a sentence related to 音乐.","128"
"129","categorized-collection","按类型区分（4000词）","音乐","音乐","tone","təʊn","n. 音调；色调；语气；氛围；强健状况 v. 使协调；使健壮","Try using ""tone"" in a sentence related to 音乐.","129"
"130","categorized-collection","按类型区分（4000词）","音乐","音乐","pitch","pɪtʃ","v. 投掷；扎营；（猛地）向前倾跌；力荐（某主张） n. 球场；程度（最高点）；音高；沥青；宣传论点","Try using ""pitch"" in a sentence related to 音乐.","130"
"131","categorized-collection","按类型区分（4000词）","音乐","音乐","scale","skeɪl","n. 规模；等级；秤；刻度；比例（尺） v. 改变…大小；攀登","Try using ""scale"" in a sentence related to 音乐.","131"
"132","categorized-collection","按类型区分（4000词）","音乐","音乐","chord","kɔːd","n. 弦；和弦；心弦","Try using ""chord"" in a sentence related to 音乐.","132"
"133","categorized-collection","按类型区分（4000词）","音乐","音乐","orchestra","ˈɔːkɪstrə","n. 管弦乐队","Try using ""orchestra"" in a sentence related to 音乐.","133"
"134","categorized-collection","按类型区分（4000词）","音乐","音乐","band","bænd","n. 乐队；带子；一伙","Try using ""band"" in a sentence related to 音乐.","134"
"135","categorized-collection","按类型区分（4000词）","音乐","音乐","solo","ˈsəʊləʊ","n. 独奏；独唱；独舞；单独表演 adj. 单独的；独唱的；独奏的 adv. 单独地；独自地；独奏地","Try using ""solo"" in a sentence related to 音乐.","135"
"136","categorized-collection","按类型区分（4000词）","音乐","音乐","duet","djuˈet","n. 二重唱；二重奏","Try using ""duet"" in a sentence related to 音乐.","136"
"137","categorized-collection","按类型区分（4000词）","音乐","音乐","choir","ˈkwaɪə(r)","n. 唱诗班；合唱","Try using ""choir"" in a sentence related to 音乐.","137"
"138","categorized-collection","按类型区分（4000词）","音乐","音乐","plainsong","ˈpleɪnsɒŋ","n. 素歌；单旋律圣歌","Try using ""plainsong"" in a sentence related to 音乐.","138"
"139","categorized-collection","按类型区分（4000词）","音乐","音乐","cantata","kænˈtɑːtə","n. 康塔塔；清唱剧；大合唱","Try using ""cantata"" in a sentence related to 音乐.","139"
"140","categorized-collection","按类型区分（4000词）","音乐","音乐","Sonata","səˈnɑːtə","n. 奏鸣曲","Try using ""Sonata"" in a sentence related to 音乐.","140"
"141","categorized-collection","按类型区分（4000词）","音乐","音乐","symphony","ˈsɪmfəni","n. 交响乐；交响曲","Try using ""symphony"" in a sentence related to 音乐.","141"
"142","categorized-collection","按类型区分（4000词）","音乐","音乐","concerto","kənˈtʃeətəʊ","n. 协奏曲","Try using ""concerto"" in a sentence related to 音乐.","142"
"143","categorized-collection","按类型区分（4000词）","音乐","音乐","prelude","ˈpreljuːd","n. 前奏；序曲；序幕","Try using ""prelude"" in a sentence related to 音乐.","143"
"144","categorized-collection","按类型区分（4000词）","音乐","音乐","overture","ˈəʊvətʃʊə(r)","n. 前奏曲；主动表示；提议；提案","Try using ""overture"" in a sentence related to 音乐.","144"
"145","categorized-collection","按类型区分（4000词）","音乐","音乐","opera","ˈɒpərə","n. 歌剧","Try using ""opera"" in a sentence related to 音乐.","145"
"146","categorized-collection","按类型区分（4000词）","音乐","音乐","melody","ˈmelədi","n. 旋律；曲调","Try using ""melody"" in a sentence related to 音乐.","146"
"147","categorized-collection","按类型区分（4000词）","音乐","音乐","lullaby","ˈlʌləbaɪ","n. 摇篮曲；催眠曲","Try using ""lullaby"" in a sentence related to 音乐.","147"
"148","categorized-collection","按类型区分（4000词）","音乐","音乐","euphonious","juːˈfəʊniəs","adj. 悦耳的；动听的；和谐的","Try using ""euphonious"" in a sentence related to 音乐.","148"
"149","categorized-collection","按类型区分（4000词）","音乐","音乐","movement","ˈmuːvmənt","n. 活动；运动；动作；乐章","Try using ""movement"" in a sentence related to 音乐.","149"
"150","categorized-collection","按类型区分（4000词）","音乐","音乐","instrument","ˈɪnstrəmənt","n. 仪器；乐器；工具；手段；法律文件","Try using ""instrument"" in a sentence related to 音乐.","150"
"151","categorized-collection","按类型区分（4000词）","音乐","音乐","episode","ˈepɪsəʊd","n. 一集；事件；一段经历；一段时期","Try using ""episode"" in a sentence related to 音乐.","151"
"152","categorized-collection","按类型区分（4000词）","音乐","音乐","percussion","pəˈkʌʃ(ə)n","n. 碰撞；打击乐器","Try using ""percussion"" in a sentence related to 音乐.","152"
"153","categorized-collection","按类型区分（4000词）","音乐","音乐","wind","wɪnd","n. 风 v. 蜿蜒；缠绕","Try using ""wind"" in a sentence related to 音乐.","153"
"154","categorized-collection","按类型区分（4000词）","音乐","音乐","string","strɪŋ","n. 弦；线；一连串","Try using ""string"" in a sentence related to 音乐.","154"
"155","categorized-collection","按类型区分（4000词）","法律","法律","draft","drɑːft","n. 草稿 v. 起草；草拟","Try using ""draft"" in a sentence related to 法律.","155"
"156","categorized-collection","按类型区分（4000词）","法律","法律","bill","bɪl","n. 账单；钞票；议案 v. 给…开账单","Try using ""bill"" in a sentence related to 法律.","156"
"157","categorized-collection","按类型区分（4000词）","法律","法律","enact","ɪˈnækt","v. 制定（法律）；通过（法律）；扮演（角色）","Try using ""enact"" in a sentence related to 法律.","157"
"158","categorized-collection","按类型区分（4000词）","法律","法律","ratification","ˌrætɪfɪˈkeɪʃ(ə)n","n. 批准；认可","Try using ""ratification"" in a sentence related to 法律.","158"
"159","categorized-collection","按类型区分（4000词）","法律","法律","confirmation","ˌkɒnfəˈmeɪʃ(ə)n","n. 证实；确认；批准；确认书","Try using ""confirmation"" in a sentence related to 法律.","159"
"160","categorized-collection","按类型区分（4000词）","法律","法律","enforcement","ɪnˈfɔːsmənt","n. 执行；实施","Try using ""enforcement"" in a sentence related to 法律.","160"
"161","categorized-collection","按类型区分（4000词）","法律","法律","decree","dɪˈkriː","n. 法令；判决 v. 判决；颁布；裁定","Try using ""decree"" in a sentence related to 法律.","161"
"162","categorized-collection","按类型区分（4000词）","法律","法律","clause","klɔːz","n. 从句；条款","Try using ""clause"" in a sentence related to 法律.","162"
"163","categorized-collection","按类型区分（4000词）","法律","法律","provision","prəˈvɪʒ(ə)n","n. 供应；预备；储粮；规定；条款","Try using ""provision"" in a sentence related to 法律.","163"
"164","categorized-collection","按类型区分（4000词）","法律","法律","prescribe","prɪˈskraɪb","v. 开药方；规定","Try using ""prescribe"" in a sentence related to 法律.","164"
"165","categorized-collection","按类型区分（4000词）","法律","法律","codification","ˌkəʊdɪfɪˈkeɪʃ(ə)n","n. 法典编纂；编码；法典化","Try using ""codification"" in a sentence related to 法律.","165"
"166","categorized-collection","按类型区分（4000词）","法律","法律","legislation","ˌledʒɪsˈleɪʃ(ə)n","n. 立法；法规","Try using ""legislation"" in a sentence related to 法律.","166"
"167","categorized-collection","按类型区分（4000词）","法律","法律","legitimate","lɪˈdʒɪtɪmət","adj. 合法的；合理的；法律认可的 v. 使合法；认为正当","Try using ""legitimate"" in a sentence related to 法律.","167"
"168","categorized-collection","按类型区分（4000词）","法律","法律","legal","ˈliːɡ(ə)l","adj. 法律的；合法的","Try using ""legal"" in a sentence related to 法律.","168"
"169","categorized-collection","按类型区分（4000词）","法律","法律","jurisprudence","ˌdʒʊərɪsˈpruːd(ə)ns","n. 法学；法律学","Try using ""jurisprudence"" in a sentence related to 法律.","169"
"170","categorized-collection","按类型区分（4000词）","法律","法律","legality","lɪˈɡæləti","n. 合法","Try using ""legality"" in a sentence related to 法律.","170"
"171","categorized-collection","按类型区分（4000词）","法律","法律","contravene","ˌkɒntrəˈviːn","v. 违反；触犯","Try using ""contravene"" in a sentence related to 法律.","171"
"172","categorized-collection","按类型区分（4000词）","法律","法律","infringe","ɪnˈfrɪndʒ","v. 侵犯；违反；侵害","Try using ""infringe"" in a sentence related to 法律.","172"
"173","categorized-collection","按类型区分（4000词）","法律","法律","offend","əˈfend","v. 冒犯；得罪；违反；犯罪","Try using ""offend"" in a sentence related to 法律.","173"
"174","categorized-collection","按类型区分（4000词）","法律","法律","abolish","əˈbɒlɪʃ","v. 取消；废除；废止","Try using ""abolish"" in a sentence related to 法律.","174"
"175","categorized-collection","按类型区分（4000词）","法律","法律","annulment","əˈnʌlmənt","n. 取消；废除；宣布无效","Try using ""annulment"" in a sentence related to 法律.","175"
"176","categorized-collection","按类型区分（4000词）","法律","法律","cancellation","ˌkænsəˈleɪʃ(ə)n","n. 取消；撤销；作废；中止","Try using ""cancellation"" in a sentence related to 法律.","176"
"177","categorized-collection","按类型区分（4000词）","法律","法律","revocation","ˌrevəˈkeɪʃ(ə)n","n. 撤回；撤销；取消","Try using ""revocation"" in a sentence related to 法律.","177"
"178","categorized-collection","按类型区分（4000词）","法律","法律","immunity","ɪˈmjuːnəti","n. 免疫力；豁免；免除","Try using ""immunity"" in a sentence related to 法律.","178"
"179","categorized-collection","按类型区分（4000词）","法律","法律","constitution","ˌkɒnstɪˈtjuːʃ(ə)n","n. 宪法；制定；设立；构成；体格；体质","Try using ""constitution"" in a sentence related to 法律.","179"
"180","categorized-collection","按类型区分（4000词）","法律","法律","copyright","ˈkɒpiraɪt","n. 版权；著作权","Try using ""copyright"" in a sentence related to 法律.","180"
"181","categorized-collection","按类型区分（4000词）","法律","法律","patent","ˈpæt(ə)nt","n. 专利；专利权；专利证书 adj. 有专利的；受专利保护的 v. 获得专利","Try using ""patent"" in a sentence related to 法律.","181"
"182","categorized-collection","按类型区分（4000词）","法律","法律","penalty","ˈpenəlti","n. 惩罚；刑罚","Try using ""penalty"" in a sentence related to 法律.","182"
"183","categorized-collection","按类型区分（4000词）","法律","法律","royalties","ˈrɔɪəltiːz","n. 版税；稿酬（royalty 的复数形式）","Try using ""royalties"" in a sentence related to 法律.","183"
"184","categorized-collection","按类型区分（4000词）","法律","法律","tariff","ˈtærɪf","n. 关税；税率；（旅馆、饭店等的）价目表","Try using ""tariff"" in a sentence related to 法律.","184"
"185","categorized-collection","按类型区分（4000词）","法律","法律","taxation","tækˈseɪʃ(ə)n","n. 征税；税款","Try using ""taxation"" in a sentence related to 法律.","185"
"186","categorized-collection","按类型区分（4000词）","法律","法律","court","kɔːt","n. 法院；球场；宫廷 v. 求爱；献殷勤；招致","Try using ""court"" in a sentence related to 法律.","186"
"187","categorized-collection","按类型区分（4000词）","法律","法律","arbitration","ˌɑːbɪˈtreɪʃ(ə)n","n. 仲裁；公断","Try using ""arbitration"" in a sentence related to 法律.","187"
"188","categorized-collection","按类型区分（4000词）","法律","法律","delinquency","dɪˈlɪŋkwənsi","n. （常指青年人的）犯罪","Try using ""delinquency"" in a sentence related to 法律.","188"
"189","categorized-collection","按类型区分（4000词）","法律","法律","solicitor","səˈlɪsɪtə(r)","n. 事务律师；初级律师","Try using ""solicitor"" in a sentence related to 法律.","189"
"190","categorized-collection","按类型区分（4000词）","法律","法律","attorney","əˈtɜːni","n. 律师；辩护律师；代理人","Try using ""attorney"" in a sentence related to 法律.","190"
"191","categorized-collection","按类型区分（4000词）","法律","法律","notary","ˈnəʊtəri","n. 公证人；公证员","Try using ""notary"" in a sentence related to 法律.","191"
"192","categorized-collection","按类型区分（4000词）","法律","法律","defendant","dɪˈfendənt","n. 被告人；被诉方 adj. 被告的；辩护的","Try using ""defendant"" in a sentence related to 法律.","192"
"193","categorized-collection","按类型区分（4000词）","法律","法律","proceeding","prəˈsiːdɪŋ","n. 进程；事件；诉讼程序 v. 进行；继续；继续进行；“proceed”的现在分词","Try using ""proceeding"" in a sentence related to 法律.","193"
"194","categorized-collection","按类型区分（4000词）","法律","法律","hearing","ˈhɪərɪŋ","n. 听力；听觉 v. 听；听见；“hear”的现在分词","Try using ""hearing"" in a sentence related to 法律.","194"
"195","categorized-collection","按类型区分（4000词）","法律","法律","interrogatory","ˌɪntəˈrɒɡətri","n. 质问；讯问 adj. 质问的；疑问的","Try using ""interrogatory"" in a sentence related to 法律.","195"
"196","categorized-collection","按类型区分（4000词）","法律","法律","evidence","ˈevɪdəns","n. 证据；证明","Try using ""evidence"" in a sentence related to 法律.","196"
"197","categorized-collection","按类型区分（4000词）","法律","法律","summons","ˈsʌmənz","n. 召唤；传票；召见令 v. 召唤；召集；鼓起（勇气）；“summon”的第三人称单数","Try using ""summons"" in a sentence related to 法律.","197"
"198","categorized-collection","按类型区分（4000词）","法律","法律","liability","ˌlaɪəˈbɪləti","n. 责任；义务；负债","Try using ""liability"" in a sentence related to 法律.","198"
"199","categorized-collection","按类型区分（4000词）","法律","法律","eyewitness","ˈaɪwɪtnəs","n. 目击者；目击证人","Try using ""eyewitness"" in a sentence related to 法律.","199"
"200","categorized-collection","按类型区分（4000词）","法律","法律","accusation","ˌækjuˈzeɪʃ(ə)n","n. 控告；起诉；指控","Try using ""accusation"" in a sentence related to 法律.","200"
"201","categorized-collection","按类型区分（4000词）","法律","法律","prosecute","ˈprɒsɪkjuːt","v. 起诉；控告；检举；指控；继续从事","Try using ""prosecute"" in a sentence related to 法律.","201"
"202","categorized-collection","按类型区分（4000词）","法律","法律","sue","suː","v. 起诉；控告；请求","Try using ""sue"" in a sentence related to 法律.","202"
"203","categorized-collection","按类型区分（4000词）","法律","法律","complaint","kəmˈpleɪnt","n. 投诉；抱怨","Try using ""complaint"" in a sentence related to 法律.","203"
"204","categorized-collection","按类型区分（4000词）","法律","法律","lawsuit","ˈlɔːsuːt","n. 诉讼","Try using ""lawsuit"" in a sentence related to 法律.","204"
"205","categorized-collection","按类型区分（4000词）","法律","法律","plea","pliː","n. 恳求；申诉；抗辩；借口","Try using ""plea"" in a sentence related to 法律.","205"
"206","categorized-collection","按类型区分（4000词）","法律","法律","deposition","ˌdepəˈzɪʃ(ə)n","n. 沉积（物）；革职；宣誓证词；作证书","Try using ""deposition"" in a sentence related to 法律.","206"
"207","categorized-collection","按类型区分（4000词）","法律","法律","indictment","ɪnˈdaɪtmənt","n. 起诉；控告；起诉状","Try using ""indictment"" in a sentence related to 法律.","207"
"208","categorized-collection","按类型区分（4000词）","法律","法律","plaintiff","ˈpleɪntɪf","n. 起诉人；原告","Try using ""plaintiff"" in a sentence related to 法律.","208"
"209","categorized-collection","按类型区分（4000词）","法律","法律","culprit","ˈkʌlprɪt","n. 罪犯；犯错的人","Try using ""culprit"" in a sentence related to 法律.","209"
"210","categorized-collection","按类型区分（4000词）","法律","法律","recidivist","rɪˈsɪdɪvɪst","n. 惯犯","Try using ""recidivist"" in a sentence related to 法律.","210"
"211","categorized-collection","按类型区分（4000词）","法律","法律","accomplice","əˈkʌmplɪs","n. 帮凶；共犯；同谋","Try using ""accomplice"" in a sentence related to 法律.","211"
"212","categorized-collection","按类型区分（4000词）","法律","法律","harbour","ˈhɑːbə(r)","n. 海港 v. 庇护；窝藏","Try using ""harbour"" in a sentence related to 法律.","212"
"213","categorized-collection","按类型区分（4000词）","法律","法律","convict","kənˈvɪkt","v. 定罪；宣判有罪 n. 罪犯；囚犯","Try using ""convict"" in a sentence related to 法律.","213"
"214","categorized-collection","按类型区分（4000词）","法律","法律","acquittal","əˈkwɪt(ə)l","n. 宣告无罪；无罪的判决","Try using ""acquittal"" in a sentence related to 法律.","214"
"215","categorized-collection","按类型区分（4000词）","法律","法律","nonsuit","nɒnˈsuːt","n. 诉讼驳回 v. 驳回","Try using ""nonsuit"" in a sentence related to 法律.","215"
"216","categorized-collection","按类型区分（4000词）","法律","法律","verdict","ˈvɜːdɪkt","n. 裁决；判决；定论","Try using ""verdict"" in a sentence related to 法律.","216"
"217","categorized-collection","按类型区分（4000词）","法律","法律","nonobservance","ˌnɒnəbˈzɜːvəns","n. 不遵守；违反","Try using ""nonobservance"" in a sentence related to 法律.","217"
"218","categorized-collection","按类型区分（4000词）","法律","法律","adultery","əˈdʌltəri","n. 通奸；婚外性行为","Try using ""adultery"" in a sentence related to 法律.","218"
"219","categorized-collection","按类型区分（4000词）","法律","法律","perjury","ˈpɜːdʒəri","n. 伪证；伪证罪","Try using ""perjury"" in a sentence related to 法律.","219"
"220","categorized-collection","按类型区分（4000词）","法律","法律","assassination","əˌsæsɪˈneɪʃ(ə)n","n. 暗杀；刺杀","Try using ""assassination"" in a sentence related to 法律.","220"
"221","categorized-collection","按类型区分（4000词）","法律","法律","homicide","ˈhɒmɪsaɪd","n. 凶杀；杀人","Try using ""homicide"" in a sentence related to 法律.","221"
"222","categorized-collection","按类型区分（4000词）","法律","法律","larceny","ˈlɑːsəni","n. 盗窃（罪）","Try using ""larceny"" in a sentence related to 法律.","222"
"223","categorized-collection","按类型区分（4000词）","法律","法律","swindle","ˈswɪnd(ə)l","v. 诈骗；骗取 n. 诈取；骗局","Try using ""swindle"" in a sentence related to 法律.","223"
"224","categorized-collection","按类型区分（4000词）","法律","法律","abduction","æbˈdʌkʃ(ə)n","n. 诱拐；绑架","Try using ""abduction"" in a sentence related to 法律.","224"
"225","categorized-collection","按类型区分（4000词）","法律","法律","smuggle","ˈsmʌɡ(ə)l","v. 走私；偷运","Try using ""smuggle"" in a sentence related to 法律.","225"
"226","categorized-collection","按类型区分（4000词）","法律","法律","embezzlement","ɪmˈbez(ə)lmənt","n. 盗用公款；贪污；挪用","Try using ""embezzlement"" in a sentence related to 法律.","226"
"227","categorized-collection","按类型区分（4000词）","法律","法律","bribery","ˈbraɪbəri","n. 行贿；受贿","Try using ""bribery"" in a sentence related to 法律.","227"
"228","categorized-collection","按类型区分（4000词）","法律","法律","breach","briːtʃ","n. 缺口；（关系）破裂；违背 v. 在…上造成缺口；违反；攻破","Try using ""breach"" in a sentence related to 法律.","228"
"229","categorized-collection","按类型区分（4000词）","法律","法律","corruption","kəˈrʌpʃ(ə)n","n. 贪污；堕落；腐败","Try using ""corruption"" in a sentence related to 法律.","229"
"230","categorized-collection","按类型区分（4000词）","法律","法律","slander","ˈslɑːndə(r)","v. 诋毁；诽谤；中伤 n. 诋毁；诽谤；中伤","Try using ""slander"" in a sentence related to 法律.","230"
"231","categorized-collection","按类型区分（4000词）","法律","法律","calumny","ˈkæləmni","n. 诬蔑；诽谤；中伤","Try using ""calumny"" in a sentence related to 法律.","231"
"232","categorized-collection","按类型区分（4000词）","法律","法律","imprisonment","ɪmˈprɪz(ə)nmənt","n. 监禁；关押；徒刑","Try using ""imprisonment"" in a sentence related to 法律.","232"
"233","categorized-collection","按类型区分（4000词）","法律","法律","embargo","ɪmˈbɑːɡəʊ","n. 禁止贸易令；禁运 v. 禁止…的贸易；禁运","Try using ""embargo"" in a sentence related to 法律.","233"
"234","categorized-collection","按类型区分（4000词）","法律","法律","indemnity","ɪnˈdemnəti","n. 保险；赔款；赔偿","Try using ""indemnity"" in a sentence related to 法律.","234"
"235","categorized-collection","按类型区分（4000词）","法律","法律","indemnification","ɪnˌdemnɪfɪˈkeɪʃ(ə)n","n. 赔偿；保障；赔偿物（或赔偿金）","Try using ""indemnification"" in a sentence related to 法律.","235"
"236","categorized-collection","按类型区分（4000词）","法律","法律","compensation","ˌkɒmpenˈseɪʃ(ə)n","n. 补偿；赔偿；薪酬","Try using ""compensation"" in a sentence related to 法律.","236"
"237","categorized-collection","按类型区分（4000词）","法律","法律","extradition","ˌekstrəˈdɪʃ(ə)n","n. 引渡","Try using ""extradition"" in a sentence related to 法律.","237"
"238","categorized-collection","按类型区分（4000词）","法律","法律","domineering","ˌdɒmɪˈnɪərɪŋ","adj. 专横的；盛气凌人的","Try using ""domineering"" in a sentence related to 法律.","238"
"239","categorized-collection","按类型区分（4000词）","法律","法律","heirship","ˈeəʃɪp","n. 继承权，继承人的地位","Try using ""heirship"" in a sentence related to 法律.","239"
"240","categorized-collection","按类型区分（4000词）","法律","法律","confiscate","ˈkɒnfɪskeɪt","v. 没收；充公","Try using ""confiscate"" in a sentence related to 法律.","240"
"241","categorized-collection","按类型区分（4000词）","法律","法律","invalidate","ɪnˈvælɪdeɪt","v. 使无效；使作废","Try using ""invalidate"" in a sentence related to 法律.","241"
"242","categorized-collection","按类型区分（4000词）","法律","法律","captivity","kæpˈtɪvəti","n. 监禁；关押；困住","Try using ""captivity"" in a sentence related to 法律.","242"
"243","categorized-collection","按类型区分（4000词）","法律","法律","trial","ˈtraɪəl","n. 试验；尝试；审判；试用","Try using ""trial"" in a sentence related to 法律.","243"
"244","categorized-collection","按类型区分（4000词）","法律","法律","detain","dɪˈteɪn","v. 扣留；拘押；耽搁","Try using ""detain"" in a sentence related to 法律.","244"
"245","categorized-collection","按类型区分（4000词）","法律","法律","extenuate","ɪksˈtenjueɪt","v. （找借口）减轻罪过；低估","Try using ""extenuate"" in a sentence related to 法律.","245"
"246","categorized-collection","按类型区分（4000词）","法律","法律","empower","ɪmˈpaʊə(r)","v. 授权；使能够","Try using ""empower"" in a sentence related to 法律.","246"
"247","categorized-collection","按类型区分（4000词）","法律","法律","saddle","ˈsæd(ə)l","n. 马鞍；鞍座 v. 给（马）装鞍","Try using ""saddle"" in a sentence related to 法律.","247"
"248","categorized-collection","按类型区分（4000词）","法律","法律","flee","fliː","v. 逃跑；逃离","Try using ""flee"" in a sentence related to 法律.","248"
"249","categorized-collection","按类型区分（4000词）","法律","法律","abstinence","ˈæbstɪnəns","n. 节制；禁食；戒酒","Try using ""abstinence"" in a sentence related to 法律.","249"
"250","categorized-collection","按类型区分（4000词）","法律","法律","abstain","əbˈsteɪn","v. 戒绝；弃权；自我克制","Try using ""abstain"" in a sentence related to 法律.","250"
"251","categorized-collection","按类型区分（4000词）","法律","法律","veto","ˈviːtəʊ","n. 否决；否决权 v. 否决","Try using ""veto"" in a sentence related to 法律.","251"
"252","categorized-collection","按类型区分（4000词）","法律","法律","stipulate","ˈstɪpjuleɪt","v. 规定；明确要求","Try using ""stipulate"" in a sentence related to 法律.","252"
"253","categorized-collection","按类型区分（4000词）","法律","法律","testify","ˈtestɪfaɪ","v. 作证；证明","Try using ""testify"" in a sentence related to 法律.","253"
"254","categorized-collection","按类型区分（4000词）","法律","法律","substantiate","səbˈstænʃieɪt","v. 证实；实体化","Try using ""substantiate"" in a sentence related to 法律.","254"
"255","categorized-collection","按类型区分（4000词）","法律","法律","observance","əbˈzɜːvəns","n. 遵守；奉行；庆祝","Try using ""observance"" in a sentence related to 法律.","255"
"256","categorized-collection","按类型区分（4000词）","法律","法律","impeach","ɪmˈpiːtʃ","v. 控告；弹劾；怀疑","Try using ""impeach"" in a sentence related to 法律.","256"
"257","categorized-collection","按类型区分（4000词）","法律","法律","incriminate","ɪnˈkrɪmɪneɪt","v. 使负罪；指控…有罪；牵连","Try using ""incriminate"" in a sentence related to 法律.","257"
"258","categorized-collection","按类型区分（4000词）","法律","法律","denounce","dɪˈnaʊns","v. 公开指责；告发；揭发","Try using ""denounce"" in a sentence related to 法律.","258"
"259","categorized-collection","按类型区分（4000词）","法律","法律","query","ˈkwɪəri","n. 询问；疑问；问号 v. 询问；怀疑","Try using ""query"" in a sentence related to 法律.","259"
"260","categorized-collection","按类型区分（4000词）","法律","法律","exempt","ɪɡˈzempt","adj. 被免除的；被豁免的 v. 豁免；免除","Try using ""exempt"" in a sentence related to 法律.","260"
"261","categorized-collection","按类型区分（4000词）","法律","法律","condone","kənˈdəʊn","v. 宽恕；容忍；纵容（不道德行为）","Try using ""condone"" in a sentence related to 法律.","261"
"262","categorized-collection","按类型区分（4000词）","法律","法律","remit","rɪˈmɪt","v. 宽恕；免除；汇寄；减缓；送呈 n. 职权范围","Try using ""remit"" in a sentence related to 法律.","262"
"263","categorized-collection","按类型区分（4000词）","法律","法律","credential","krəˈdenʃ(ə)l","n. 证明书；资格证书；证件","Try using ""credential"" in a sentence related to 法律.","263"
"264","categorized-collection","按类型区分（4000词）","农业","农业","arable","ˈærəb(ə)l","adj. 可耕的；适于耕种","Try using ""arable"" in a sentence related to 农业.","264"
"265","categorized-collection","按类型区分（4000词）","农业","农业","fertile","ˈfɜːtaɪl","adj. 肥沃的；多产的；富饶的；有繁殖力的","Try using ""fertile"" in a sentence related to 农业.","265"
"266","categorized-collection","按类型区分（4000词）","农业","农业","irrigate","ˈɪrɪɡeɪt","v. 灌溉；冲洗","Try using ""irrigate"" in a sentence related to 农业.","266"
"267","categorized-collection","按类型区分（4000词）","农业","农业","barren","ˈbærən","adj. 贫瘠的；不结果实的；不孕的；无价值的","Try using ""barren"" in a sentence related to 农业.","267"
"268","categorized-collection","按类型区分（4000词）","农业","农业","wasteland","ˈweɪstlænd","n. 荒地；荒漠；废墟","Try using ""wasteland"" in a sentence related to 农业.","268"
"269","categorized-collection","按类型区分（4000词）","农业","农业","prairie","ˈpreəri","n. （北美的）大草原","Try using ""prairie"" in a sentence related to 农业.","269"
"270","categorized-collection","按类型区分（4000词）","农业","农业","pasture","ˈpɑːstʃə(r)","n. 牧场；放牧；牧草 v. 放牧；吃草","Try using ""pasture"" in a sentence related to 农业.","270"
"271","categorized-collection","按类型区分（4000词）","农业","农业","follow","ˈfɒləʊ","v. 跟随；遵循","Try using ""follow"" in a sentence related to 农业.","271"
"272","categorized-collection","按类型区分（4000词）","农业","农业","stubble","ˈstʌb(ə)l","n. 短须；麦茬","Try using ""stubble"" in a sentence related to 农业.","272"
"273","categorized-collection","按类型区分（4000词）","农业","农业","straw","strɔː","n. 稻草；吸管","Try using ""straw"" in a sentence related to 农业.","273"
"274","categorized-collection","按类型区分（4000词）","农业","农业","mechanization","ˌmekənaɪˈzeɪʃ(ə)n","n. 机械化；机动化","Try using ""mechanization"" in a sentence related to 农业.","274"
"275","categorized-collection","按类型区分（4000词）","农业","农业","ranch","rɑːntʃ","n. 大牧场；大农场","Try using ""ranch"" in a sentence related to 农业.","275"
"276","categorized-collection","按类型区分（4000词）","农业","农业","hacienda","ˌhæsiˈendə","n. 大庄园","Try using ""hacienda"" in a sentence related to 农业.","276"
"277","categorized-collection","按类型区分（4000词）","农业","农业","agronomist","əˈɡrɒnəmɪst","n. 农艺学家；农学家","Try using ""agronomist"" in a sentence related to 农业.","277"
"278","categorized-collection","按类型区分（4000词）","农业","农业","latifundium","ˌlætɪˈfʌndɪəm","n. 大领地；大庄园；大农场主","Try using ""latifundium"" in a sentence related to 农业.","278"
"279","categorized-collection","按类型区分（4000词）","农业","农业","landlord","ˈlændlɔːd","n. 地主；房东","Try using ""landlord"" in a sentence related to 农业.","279"
"280","categorized-collection","按类型区分（4000词）","农业","农业","tenant","ˈtenənt","n. 房客；租户；佃户","Try using ""tenant"" in a sentence related to 农业.","280"
"281","categorized-collection","按类型区分（4000词）","农业","农业","shepherd","ˈʃepəd","n. 牧羊人；牧师；指导者 v. 照看；引领","Try using ""shepherd"" in a sentence related to 农业.","281"
"282","categorized-collection","按类型区分（4000词）","农业","农业","vinegrower","ˈvaɪnˌɡrəʊə(r)","n.葡萄栽植者","Try using ""vinegrower"" in a sentence related to 农业.","282"
"283","categorized-collection","按类型区分（4000词）","农业","农业","horticulture","ˈhɔːtɪkʌltʃə(r)","n. 园艺（学）","Try using ""horticulture"" in a sentence related to 农业.","283"
"284","categorized-collection","按类型区分（4000词）","农业","农业","dairy","ˈdeəri","adj. 牛奶的；乳品的 n. 乳品店","Try using ""dairy"" in a sentence related to 农业.","284"
"285","categorized-collection","按类型区分（4000词）","农业","农业","foodstuff","ˈfuːdstʌf","n. 食品；粮食","Try using ""foodstuff"" in a sentence related to 农业.","285"
"286","categorized-collection","按类型区分（4000词）","农业","农业","livestock","ˈlaɪvstɒk","n. 家畜；牲畜","Try using ""livestock"" in a sentence related to 农业.","286"
"287","categorized-collection","按类型区分（4000词）","农业","农业","Haystack","ˈheɪstæk","n. 干草垛；干草堆","Try using ""Haystack"" in a sentence related to 农业.","287"
"288","categorized-collection","按类型区分（4000词）","农业","农业","granary","ˈɡrænəri","n. 谷仓；粮仓","Try using ""granary"" in a sentence related to 农业.","288"
"289","categorized-collection","按类型区分（4000词）","农业","农业","windmill","ˈwɪndmɪl","n. 风车；风车房；玩具风车","Try using ""windmill"" in a sentence related to 农业.","289"
"290","categorized-collection","按类型区分（4000词）","农业","农业","Cowshed","ˈkaʊʃed","n. 牛棚；牛栏；牛舍","Try using ""Cowshed"" in a sentence related to 农业.","290"
"291","categorized-collection","按类型区分（4000词）","农业","农业","nursery","ˈnɜːsəri","n. 托儿所；苗圃 adj. 幼儿教育的","Try using ""nursery"" in a sentence related to 农业.","291"
"292","categorized-collection","按类型区分（4000词）","农业","农业","Seedbed","ˈsiːdbed","n. 苗床；苗圃；发源地；温床","Try using ""Seedbed"" in a sentence related to 农业.","292"
"293","categorized-collection","按类型区分（4000词）","农业","农业","furrow","ˈfʌrəʊ","n. 犁沟；车辙；皱纹 v. 犁耕；使皱眉头","Try using ""furrow"" in a sentence related to 农业.","293"
"294","categorized-collection","按类型区分（4000词）","农业","农业","terrace","ˈterəs","n. 平台；梯田；阳台 v. 使成台地","Try using ""terrace"" in a sentence related to 农业.","294"
"295","categorized-collection","按类型区分（4000词）","农业","农业","plantation","plɑːnˈteɪʃ(ə)n","n. 耕地；种植园","Try using ""plantation"" in a sentence related to 农业.","295"
"296","categorized-collection","按类型区分（4000词）","农业","农业","orchard","ˈɔːtʃəd","n. 果园","Try using ""orchard"" in a sentence related to 农业.","296"
"297","categorized-collection","按类型区分（4000词）","农业","农业","vineyard","ˈvɪnjəd","n. 葡萄园；葡萄酒厂","Try using ""vineyard"" in a sentence related to 农业.","297"
"298","categorized-collection","按类型区分（4000词）","农业","农业","tenure","ˈtenjə(r)","n. 保有；占有期；终身职位","Try using ""tenure"" in a sentence related to 农业.","298"
"299","categorized-collection","按类型区分（4000词）","农业","农业","plow","plaʊ","n. 犁；犁形器具 v. 犁；耕；艰苦前进","Try using ""plow"" in a sentence related to 农业.","299"
"300","categorized-collection","按类型区分（4000词）","农业","农业","loosen","ˈluːs(ə)n","v. 松开；放松","Try using ""loosen"" in a sentence related to 农业.","300"
"301","categorized-collection","按类型区分（4000词）","农业","农业","prune","pruːn","v. 修剪；削减 n. 梅干；洋李脯","Try using ""prune"" in a sentence related to 农业.","301"
"302","categorized-collection","按类型区分（4000词）","农业","农业","graft","ɡrɑːft","v. 嫁接；移植；用嫁接法种植 n. 嫁接；移植；渎职；贪污；受贿","Try using ""graft"" in a sentence related to 农业.","302"
"303","categorized-collection","按类型区分（4000词）","农业","农业","reclamation","ˌrekləˈmeɪʃ(ə)n","n. 开垦；土壤改良；改造；回收","Try using ""reclamation"" in a sentence related to 农业.","303"
"304","categorized-collection","按类型区分（4000词）","农业","农业","manure","məˈnjʊə(r)","n. 肥料 v. 给…施肥","Try using ""manure"" in a sentence related to 农业.","304"
"305","categorized-collection","按类型区分（4000词）","农业","农业","fertilizer","ˈfɜːtəlaɪzə(r)","n. 肥料","Try using ""fertilizer"" in a sentence related to 农业.","305"
"306","categorized-collection","按类型区分（4000词）","农业","农业","spray","spreɪ","n. 喷雾 v. 喷洒","Try using ""spray"" in a sentence related to 农业.","306"
"307","categorized-collection","按类型区分（4000词）","农业","农业","insecticide","ɪnˈsektɪsaɪd","n. 杀虫剂；杀虫药","Try using ""insecticide"" in a sentence related to 农业.","307"
"308","categorized-collection","按类型区分（4000词）","农业","农业","pesticide","ˈpestɪsaɪd","n. 杀虫剂；除害药物","Try using ""pesticide"" in a sentence related to 农业.","308"
"309","categorized-collection","按类型区分（4000词）","农业","农业","herbicide","ˈhɜːbɪsaɪd","n. 灭草剂","Try using ""herbicide"" in a sentence related to 农业.","309"
"310","categorized-collection","按类型区分（4000词）","农业","农业","parasite","ˈpærəsaɪt","n. 寄生虫；寄生生物；依赖他人过活者","Try using ""parasite"" in a sentence related to 农业.","310"
"311","categorized-collection","按类型区分（4000词）","农业","农业","sickle","ˈsɪk(ə)l","n. 镰刀 v. 用镰刀割…；（使）（红血细胞）成镰状","Try using ""sickle"" in a sentence related to 农业.","311"
"312","categorized-collection","按类型区分（4000词）","农业","农业","combine","kəmˈbaɪn","v. 组合；结合","Try using ""combine"" in a sentence related to 农业.","312"
"313","categorized-collection","按类型区分（4000词）","农业","农业","cereal","ˈsɪəriəl","n. 谷物；谷类食品；麦片","Try using ""cereal"" in a sentence related to 农业.","313"
"314","categorized-collection","按类型区分（4000词）","农业","农业","barley","ˈbɑːli","n. 大麦；大麦粒","Try using ""barley"" in a sentence related to 农业.","314"
"315","categorized-collection","按类型区分（4000词）","农业","农业","sorghum","ˈsɔːɡəm","n. 高粱","Try using ""sorghum"" in a sentence related to 农业.","315"
"316","categorized-collection","按类型区分（4000词）","农业","农业","prolific","prəˈlɪfɪk","adj. 多产的；作品丰富的","Try using ""prolific"" in a sentence related to 农业.","316"
"317","categorized-collection","按类型区分（4000词）","农业","农业","agriculture","ˈæɡrɪkʌltʃə(r)","n. 农业","Try using ""agriculture"" in a sentence related to 农业.","317"
"318","categorized-collection","按类型区分（4000词）","农业","农业","aquaculture","ˈækwəkʌltʃə(r)","n. 水产业；水产养殖","Try using ""aquaculture"" in a sentence related to 农业.","318"
"319","categorized-collection","按类型区分（4000词）","农业","农业","indigenous","ɪnˈdɪdʒənəs","adj. 本土的；当地的","Try using ""indigenous"" in a sentence related to 农业.","319"
"320","categorized-collection","按类型区分（4000词）","农业","农业","husbandry","ˈhʌzbəndri","n. 畜牧业；饲养业","Try using ""husbandry"" in a sentence related to 农业.","320"
"321","categorized-collection","按类型区分（4000词）","农业","农业","graze","ɡreɪz","v. 放牧；吃草；擦伤 n. 擦伤","Try using ""graze"" in a sentence related to 农业.","321"
"322","categorized-collection","按类型区分（4000词）","农业","农业","cultivate","ˈkʌltɪveɪt","v. 耕作；培养；栽培","Try using ""cultivate"" in a sentence related to 农业.","322"
"323","categorized-collection","按类型区分（4000词）","农业","农业","Hydroponics","ˌhaɪdrəˈpɒnɪks","n. 水栽培，水耕法；[植] 溶液培养学","Try using ""Hydroponics"" in a sentence related to 农业.","323"
"324","categorized-collection","按类型区分（4000词）","农业","农业","bridge","brɪdʒ","n. 桥；桥梁","Try using ""bridge"" in a sentence related to 农业.","324"
"325","categorized-collection","按类型区分（4000词）","农业","农业","eggplant","ˈeɡplɑːnt","n. 茄子","Try using ""eggplant"" in a sentence related to 农业.","325"
"326","categorized-collection","按类型区分（4000词）","农业","农业","poultry","ˈpəʊltri","n. 家禽","Try using ""poultry"" in a sentence related to 农业.","326"
"327","categorized-collection","按类型区分（4000词）","农业","农业","buffalo","ˈbʌfələʊ","n. 水牛；野牛","Try using ""buffalo"" in a sentence related to 农业.","327"
"328","categorized-collection","按类型区分（4000词）","农业","农业","Conservatory","kənˈsɜːvətri","n. 温室；音乐学校；艺术学校","Try using ""Conservatory"" in a sentence related to 农业.","328"
"329","categorized-collection","按类型区分（4000词）","农业","农业","greenhouse","ˈɡriːnhaʊs","n. 温室；玻璃暖房","Try using ""greenhouse"" in a sentence related to 农业.","329"
"330","categorized-collection","按类型区分（4000词）","农业","农业","sheepfold","ˈʃiːpfəʊld","n. 羊圈；羊栏","Try using ""sheepfold"" in a sentence related to 农业.","330"
"331","categorized-collection","按类型区分（4000词）","农业","农业","Pigpen","ˈpɪɡpɛn","n. 猪舍；猪舍似的地方","Try using ""Pigpen"" in a sentence related to 农业.","331"
"332","categorized-collection","按类型区分（4000词）","农业","农业","pigsty","ˈpɪɡstaɪ","n. 猪栏；猪圈；脏地方","Try using ""pigsty"" in a sentence related to 农业.","332"
"333","categorized-collection","按类型区分（4000词）","农业","农业","trough","trɒf","n. 槽；水槽；饲料槽","Try using ""trough"" in a sentence related to 农业.","333"
"334","categorized-collection","按类型区分（4000词）","人类学","人类学","anthropology","ˌænθrəˈpɒlədʒi","n. 人类学","Try using ""anthropology"" in a sentence related to 人类学.","334"
"335","categorized-collection","按类型区分（4000词）","人类学","人类学","anthropoid","ˈænθrəpɔɪd","adj. 像人类的（动物）；像猿猴的（人）","Try using ""anthropoid"" in a sentence related to 人类学.","335"
"336","categorized-collection","按类型区分（4000词）","人类学","人类学","perception","pəˈsepʃ(ə)n","n. 感知；看法；洞察力","Try using ""perception"" in a sentence related to 人类学.","336"
"337","categorized-collection","按类型区分（4000词）","人类学","人类学","ritual","ˈrɪtʃuəl","n. （宗教等的）仪式；典礼；例行习惯 adj. 仪式的；惯常的；例行公事的","Try using ""ritual"" in a sentence related to 人类学.","337"
"338","categorized-collection","按类型区分（4000词）","人类学","人类学","stereotype","ˈsteriətaɪp","n. 刻板印象；陈规老套 v. 对…存有成见；把…模式化","Try using ""stereotype"" in a sentence related to 人类学.","338"
"339","categorized-collection","按类型区分（4000词）","人类学","人类学","exotic","ɪɡˈzɒtɪk","adj. 外来的；外国来的；奇异的","Try using ""exotic"" in a sentence related to 人类学.","339"
"340","categorized-collection","按类型区分（4000词）","人类学","人类学","inexplicable","ˌɪnɪkˈsplɪkəb(ə)l","adj. 无法解释的；费解的","Try using ""inexplicable"" in a sentence related to 人类学.","340"
"341","categorized-collection","按类型区分（4000词）","人类学","人类学","taboo","təˈbuː","n. 禁忌；忌讳；戒律 adj. 禁忌的；忌讳的 v. 禁忌","Try using ""taboo"" in a sentence related to 人类学.","341"
"342","categorized-collection","按类型区分（4000词）","人类学","人类学","pathological","ˌpæθəˈlɒdʒɪk(ə)l","adj. 病理学的；病理的；病态的","Try using ""pathological"" in a sentence related to 人类学.","342"
"343","categorized-collection","按类型区分（4000词）","人类学","人类学","stratification","ˌstrætɪfɪˈkeɪʃ(ə)n","n. 分层；形成阶层","Try using ""stratification"" in a sentence related to 人类学.","343"
"344","categorized-collection","按类型区分（4000词）","人类学","人类学","tribe","traɪb","n. 部落；部族","Try using ""tribe"" in a sentence related to 人类学.","344"
"345","categorized-collection","按类型区分（4000词）","人类学","人类学","clan","klæn","n. 氏族；宗族","Try using ""clan"" in a sentence related to 人类学.","345"
"346","categorized-collection","按类型区分（4000词）","人类学","人类学","ethnic","ˈeθnɪk","adj. 种族的；民族的 n. 少数民族的一员","Try using ""ethnic"" in a sentence related to 人类学.","346"
"347","categorized-collection","按类型区分（4000词）","人类学","人类学","ethnology","eθˈnɒlədʒi","n. 人种学","Try using ""ethnology"" in a sentence related to 人类学.","347"
"348","categorized-collection","按类型区分（4000词）","人类学","人类学","minority","maɪˈnɒrəti","n. 少数；少数民族；未成年人","Try using ""minority"" in a sentence related to 人类学.","348"
"349","categorized-collection","按类型区分（4000词）","人类学","人类学","descent","dɪˈsent","n. 下降；斜坡；堕落；血统","Try using ""descent"" in a sentence related to 人类学.","349"
"350","categorized-collection","按类型区分（4000词）","人类学","人类学","hybrid","ˈhaɪbrɪd","n. 混合物；杂交种 adj. 杂种的；混合的","Try using ""hybrid"" in a sentence related to 人类学.","350"
"351","categorized-collection","按类型区分（4000词）","人类学","人类学","aboriginal","ˌæbəˈrɪdʒən(ə)l","adj. 土著的；原始的 n. 土著居民","Try using ""aboriginal"" in a sentence related to 人类学.","351"
"352","categorized-collection","按类型区分（4000词）","人类学","人类学","ancestor","ˈænsestə(r)","n. 祖先；祖宗","Try using ""ancestor"" in a sentence related to 人类学.","352"
"353","categorized-collection","按类型区分（4000词）","人类学","人类学","forerunner","ˈfɔːrʌnə(r)","n. 先行者；先驱；前兆","Try using ""forerunner"" in a sentence related to 人类学.","353"
"354","categorized-collection","按类型区分（4000词）","人类学","人类学","hominid","ˈhɒmɪnɪd","n. 原始人类 adj. 人科的","Try using ""hominid"" in a sentence related to 人类学.","354"
"355","categorized-collection","按类型区分（4000词）","人类学","人类学","precursor","priˈkɜːsə(r)","n. 先驱；先锋；先兆","Try using ""precursor"" in a sentence related to 人类学.","355"
"356","categorized-collection","按类型区分（4000词）","人类学","人类学","predecessor","ˈpriːdəsesə(r)","n. 前任；前辈；原有事物","Try using ""predecessor"" in a sentence related to 人类学.","356"
"357","categorized-collection","按类型区分（4000词）","人类学","人类学","antecedent","ˌæntɪˈsiːd(ə)nt","n. 前情；先行词；祖先（常复） adj. 在 ... 之前的","Try using ""antecedent"" in a sentence related to 人类学.","357"
"358","categorized-collection","按类型区分（4000词）","人类学","人类学","racial","ˈreɪʃ(ə)l","adj. 种族的","Try using ""racial"" in a sentence related to 人类学.","358"
"359","categorized-collection","按类型区分（4000词）","自然","自然","nature","ˈneɪtʃə(r)","n. 自然；本性","Try using ""nature"" in a sentence related to 自然.","359"
"360","categorized-collection","按类型区分（4000词）","自然","自然","avalanche","ˈævəlɑːnʃ","n. 雪崩；纷至沓来","Try using ""avalanche"" in a sentence related to 自然.","360"
"361","categorized-collection","按类型区分（4000词）","自然","自然","mirage","ˈmɪrɑːʒ","n. 海市蜃楼；幻象","Try using ""mirage"" in a sentence related to 自然.","361"
"362","categorized-collection","按类型区分（4000词）","自然","自然","innate","ɪˈneɪt","adj. 生来的；天生的","Try using ""innate"" in a sentence related to 自然.","362"
"363","categorized-collection","按类型区分（4000词）","自然","自然","scenic","ˈsiːnɪk","adj. 舞台布景的；戏剧的；风景优美的","Try using ""scenic"" in a sentence related to 自然.","363"
"364","categorized-collection","按类型区分（4000词）","自然","自然","spectacle","ˈspektək(ə)l","n. 景象；奇观；场面；眼镜","Try using ""spectacle"" in a sentence related to 自然.","364"
"365","categorized-collection","按类型区分（4000词）","自然","自然","jungle","ˈdʒʌŋɡl","n. 丛林","Try using ""jungle"" in a sentence related to 自然.","365"
"366","categorized-collection","按类型区分（4000词）","自然","自然","shrub","ʃrʌb","n. 灌木","Try using ""shrub"" in a sentence related to 自然.","366"
"367","categorized-collection","按类型区分（4000词）","自然","自然","gorge","ɡɔːdʒ","n. 峡谷；山谷 v. 贪婪地吃；狼吞虎咽","Try using ""gorge"" in a sentence related to 自然.","367"
"368","categorized-collection","按类型区分（4000词）","自然","自然","canyon","ˈkænjən","n. 峡谷","Try using ""canyon"" in a sentence related to 自然.","368"
"369","categorized-collection","按类型区分（4000词）","自然","自然","plateau","ˈplætəʊ","n. 高原；平稳期","Try using ""plateau"" in a sentence related to 自然.","369"
"370","categorized-collection","按类型区分（4000词）","自然","自然","scenery","ˈsiːnəri","n. 风景；景色","Try using ""scenery"" in a sentence related to 自然.","370"
"371","categorized-collection","按类型区分（4000词）","自然","自然","landscape","ˈlændskeɪp","n. 景色；风景画","Try using ""landscape"" in a sentence related to 自然.","371"
"372","categorized-collection","按类型区分（4000词）","自然","自然","panorama","ˌpænəˈrɑːmə","n. 全景；概论","Try using ""panorama"" in a sentence related to 自然.","372"
"373","categorized-collection","按类型区分（4000词）","自然","自然","plain","pleɪn","n. 平原 adj. 简单明了的；朴素的","Try using ""plain"" in a sentence related to 自然.","373"
"374","categorized-collection","按类型区分（4000词）","自然","自然","tundra","ˈtʌndrə","n. 苔原；冻原","Try using ""tundra"" in a sentence related to 自然.","374"
"375","categorized-collection","按类型区分（4000词）","自然","自然","iceberg","ˈaɪsbɜːɡ","n. 冰山","Try using ""iceberg"" in a sentence related to 自然.","375"
"376","categorized-collection","按类型区分（4000词）","自然","自然","mountain","ˈmaʊntən","n. 山；山脉；一大堆；大量","Try using ""mountain"" in a sentence related to 自然.","376"
"377","categorized-collection","按类型区分（4000词）","自然","自然","glacier","ˈɡlæsiə(r)","n. 冰川；冰河","Try using ""glacier"" in a sentence related to 自然.","377"
"378","categorized-collection","按类型区分（4000词）","自然","自然","deglaciation","dɪˌɡleɪʃiˈeɪʃən","n. 冰川的消失","Try using ""deglaciation"" in a sentence related to 自然.","378"
"379","categorized-collection","按类型区分（4000词）","自然","自然","valley","ˈvæli","n. 山谷；溪谷；流域","Try using ""valley"" in a sentence related to 自然.","379"
"380","categorized-collection","按类型区分（4000词）","自然","自然","peak","piːk","n. 高峰；顶峰；帽檐 v. 达到高峰；达到最高值 adj. 最高的；高峰期的","Try using ""peak"" in a sentence related to 自然.","380"
"381","categorized-collection","按类型区分（4000词）","自然","自然","range","reɪndʒ","n. （变化）范围；一系列；山脉 v. 包括（各种不同的人或物）；（在某范围内）变化","Try using ""range"" in a sentence related to 自然.","381"
"382","categorized-collection","按类型区分（4000词）","自然","自然","coast","kəʊst","n. 海岸；海滨","Try using ""coast"" in a sentence related to 自然.","382"
"383","categorized-collection","按类型区分（4000词）","自然","自然","altitude","ˈæltɪtjuːd","n. 海拔；高度","Try using ""altitude"" in a sentence related to 自然.","383"
"384","categorized-collection","按类型区分（4000词）","自然","自然","watercourse","ˈwɔːtəkɔːs","n. 水道；河道","Try using ""watercourse"" in a sentence related to 自然.","384"
"385","categorized-collection","按类型区分（4000词）","自然","自然","estuary","ˈestʃuəri","n. 港湾；河口湾；河口；入海口","Try using ""estuary"" in a sentence related to 自然.","385"
"386","categorized-collection","按类型区分（4000词）","物理","物理","matter","ˈmætə(r)","n. 事情；物质；问题；麻烦 v. 要紧","Try using ""matter"" in a sentence related to 物理.","386"
"387","categorized-collection","按类型区分（4000词）","物理","物理","vacuum","ˈvækjuːm","n. 真空；空虚 v. 用真空吸尘器打扫","Try using ""vacuum"" in a sentence related to 物理.","387"
"388","categorized-collection","按类型区分（4000词）","物理","物理","liquid","ˈlɪkwɪd","n. 液体 adj. 液体的；液态的","Try using ""liquid"" in a sentence related to 物理.","388"
"389","categorized-collection","按类型区分（4000词）","物理","物理","solid","ˈsɒlɪd","n. 固体；立体图形 adj. 固体的；坚固的；可靠的","Try using ""solid"" in a sentence related to 物理.","389"
"390","categorized-collection","按类型区分（4000词）","物理","物理","evaporate","ɪˈvæpəreɪt","v. （使）蒸发；消失","Try using ""evaporate"" in a sentence related to 物理.","390"
"391","categorized-collection","按类型区分（4000词）","物理","物理","density","ˈdensəti","n. 浓密；密度","Try using ""density"" in a sentence related to 物理.","391"
"392","categorized-collection","按类型区分（4000词）","物理","物理","gravity","ˈɡrævəti","n. 重力；地心引力；严重性","Try using ""gravity"" in a sentence related to 物理.","392"
"393","categorized-collection","按类型区分（4000词）","物理","物理","velocity","vəˈlɒsəti","n. 速度；迅速","Try using ""velocity"" in a sentence related to 物理.","393"
"394","categorized-collection","按类型区分（4000词）","物理","物理","intensity","ɪnˈtensəti","n. 强度；强烈；剧烈","Try using ""intensity"" in a sentence related to 物理.","394"
"395","categorized-collection","按类型区分（4000词）","物理","物理","friction","ˈfrɪkʃ(ə)n","n. 摩擦；不和；争执","Try using ""friction"" in a sentence related to 物理.","395"
"396","categorized-collection","按类型区分（4000词）","物理","物理","pressure","ˈpreʃə(r)","n. 压力；压强；压迫 v. 对…施加压力","Try using ""pressure"" in a sentence related to 物理.","396"
"397","categorized-collection","按类型区分（4000词）","物理","物理","vector","ˈvektə(r)","n. 向量；矢量；带菌媒介；航向","Try using ""vector"" in a sentence related to 物理.","397"
"398","categorized-collection","按类型区分（4000词）","物理","物理","temperature","ˈtemprətʃə(r)","n. 温度；气温；体温","Try using ""temperature"" in a sentence related to 物理.","398"
"399","categorized-collection","按类型区分（4000词）","物理","物理","conduction","kənˈdʌkʃ(ə)n","n. （热或电等能量的）传导；导热；导电","Try using ""conduction"" in a sentence related to 物理.","399"
"400","categorized-collection","按类型区分（4000词）","物理","物理","radiate","ˈreɪdieɪt","v. 散发；发射（光或热）；辐射","Try using ""radiate"" in a sentence related to 物理.","400"
"401","categorized-collection","按类型区分（4000词）","物理","物理","expansion","ɪkˈspænʃ(ə)n","n. 扩张；扩充","Try using ""expansion"" in a sentence related to 物理.","401"
"402","categorized-collection","按类型区分（4000词）","物理","物理","quantum","ˈkwɒntəm","n. 量子","Try using ""quantum"" in a sentence related to 物理.","402"
"403","categorized-collection","按类型区分（4000词）","物理","物理","dynamics","daɪˈnæmɪks","n. 动力学；动态学","Try using ""dynamics"" in a sentence related to 物理.","403"
"404","categorized-collection","按类型区分（4000词）","物理","物理","inertia","ɪˈnɜːʃə","n. 惯性；惰性","Try using ""inertia"" in a sentence related to 物理.","404"
"405","categorized-collection","按类型区分（4000词）","物理","物理","mechanics","məˈkænɪks","n. 力学；机械学；构成法；运作方式 n. 技工；机械师；机修工；“mechanic”的复数","Try using ""mechanics"" in a sentence related to 物理.","405"
"406","categorized-collection","按类型区分（4000词）","物理","物理","electron","ɪˈlektrɒn","n. 电子","Try using ""electron"" in a sentence related to 物理.","406"
"407","categorized-collection","按类型区分（4000词）","物理","物理","positive","ˈpɒzətɪv","adj. 积极的；正面的","Try using ""positive"" in a sentence related to 物理.","407"
"408","categorized-collection","按类型区分（4000词）","物理","物理","negative","ˈneɡətɪv","adj. 否定的；消极的；负面的 n. 否定的表达；负数；底片","Try using ""negative"" in a sentence related to 物理.","408"
"409","categorized-collection","按类型区分（4000词）","物理","物理","charge","tʃɑːdʒ","v. 使承担责任；收费；充电；指控；给…充电 n. 负责；收费；指控；谴责","Try using ""charge"" in a sentence related to 物理.","409"
"410","categorized-collection","按类型区分（4000词）","物理","物理","magnetism","ˈmæɡnətɪzəm","n. 磁性；磁力；吸引力","Try using ""magnetism"" in a sentence related to 物理.","410"
"411","categorized-collection","按类型区分（4000词）","物理","物理","magnetics","mæɡˈnetɪks","n. [电磁] 磁学","Try using ""magnetics"" in a sentence related to 物理.","411"
"412","categorized-collection","按类型区分（4000词）","物理","物理","accelerator","əkˈseləreɪtə(r)","n. 加速器；油门；促进剂","Try using ""accelerator"" in a sentence related to 物理.","412"
"413","categorized-collection","按类型区分（4000词）","物理","物理","reflection","rɪˈflekʃ(ə)n","n. 反射；反映；反省；沉思","Try using ""reflection"" in a sentence related to 物理.","413"
"414","categorized-collection","按类型区分（4000词）","物理","物理","mirror","ˈmɪrə(r)","n. 镜子 v. 反射；反映","Try using ""mirror"" in a sentence related to 物理.","414"
"415","categorized-collection","按类型区分（4000词）","物理","物理","beam","biːm","n. 光线；横梁 v. 眉开眼笑；发射（电波或光）","Try using ""beam"" in a sentence related to 物理.","415"
"416","categorized-collection","按类型区分（4000词）","物理","物理","image","ˈɪmɪdʒ","n. 图像；形象；画面；影像","Try using ""image"" in a sentence related to 物理.","416"
"417","categorized-collection","按类型区分（4000词）","物理","物理","lens","lenz","n. 透镜；镜片","Try using ""lens"" in a sentence related to 物理.","417"
"418","categorized-collection","按类型区分（4000词）","物理","物理","refraction","rɪˈfrækʃ(ə)n","n. 折光；折射","Try using ""refraction"" in a sentence related to 物理.","418"
"419","categorized-collection","按类型区分（4000词）","物理","物理","focus","ˈfəʊkəs","n. 中心点；焦点 v. 集中；聚焦","Try using ""focus"" in a sentence related to 物理.","419"
"420","categorized-collection","按类型区分（4000词）","物理","物理","concave","kɒnˈkeɪv","adj. 凹的；凹面的","Try using ""concave"" in a sentence related to 物理.","420"
"421","categorized-collection","按类型区分（4000词）","物理","物理","convex","ˈkɒnveks","adj. 凸出的；凸面的","Try using ""convex"" in a sentence related to 物理.","421"
"422","categorized-collection","按类型区分（4000词）","物理","物理","electricity","ɪˌlekˈtrɪsəti","n. 电学；电力","Try using ""electricity"" in a sentence related to 物理.","422"
"423","categorized-collection","按类型区分（4000词）","物理","物理","kinematics","ˌkɪnɪˈmætɪks","n. 〈物〉运动学","Try using ""kinematics"" in a sentence related to 物理.","423"
"424","categorized-collection","按类型区分（4000词）","物理","物理","statistics","stəˈtɪstɪks","n. 统计学；统计数字","Try using ""statistics"" in a sentence related to 物理.","424"
"425","categorized-collection","按类型区分（4000词）","物理","物理","magnifier","ˈmæɡnɪfaɪə(r)","n. 放大镜；放大器","Try using ""magnifier"" in a sentence related to 物理.","425"
"426","categorized-collection","按类型区分（4000词）","物理","物理","wavelength","ˈweɪvleŋkθ","n. （无线电）波长","Try using ""wavelength"" in a sentence related to 物理.","426"
"427","categorized-collection","按类型区分（4000词）","物理","物理","spectrum","ˈspektrəm","n. 范围；幅度；光谱；波谱","Try using ""spectrum"" in a sentence related to 物理.","427"
"428","categorized-collection","按类型区分（4000词）","物理","物理","optics","ˈɒptɪks","n. 光学","Try using ""optics"" in a sentence related to 物理.","428"
"429","categorized-collection","按类型区分（4000词）","物理","物理","optical","ˈɒptɪk(ə)l","adj. 视觉的；光学的","Try using ""optical"" in a sentence related to 物理.","429"
"430","categorized-collection","按类型区分（4000词）","物理","物理","translucent","trænzˈluːs(ə)nt","adj. 半透明的；透亮的","Try using ""translucent"" in a sentence related to 物理.","430"
"431","categorized-collection","按类型区分（4000词）","物理","物理","opaque","əʊˈpeɪk","adj. 不透明的；难懂的；晦涩的","Try using ""opaque"" in a sentence related to 物理.","431"
"432","categorized-collection","按类型区分（4000词）","物理","物理","transparent","trænsˈpærənt","adj. 透明的；显然的","Try using ""transparent"" in a sentence related to 物理.","432"
"433","categorized-collection","按类型区分（4000词）","物理","物理","current","ˈkʌrənt","n. （水、气、电）流；趋势 adj. 当前的；流通的","Try using ""current"" in a sentence related to 物理.","433"
"434","categorized-collection","按类型区分（4000词）","物理","物理","relativity","ˌreləˈtɪvəti","n. 相关性；相对论","Try using ""relativity"" in a sentence related to 物理.","434"
"435","categorized-collection","按类型区分（4000词）","物理","物理","oscillation","ˌɒsɪˈleɪʃ(ə)n","n. 振荡；振动；摆动","Try using ""oscillation"" in a sentence related to 物理.","435"
"436","categorized-collection","按类型区分（4000词）","物理","物理","microwave","ˈmaɪkrəweɪv","n. 微波；微波炉 v. 用微波炉加热","Try using ""microwave"" in a sentence related to 物理.","436"
"437","categorized-collection","按类型区分（4000词）","物理","物理","ultraviolet","ˌʌltrəˈvaɪələt","adj. 紫外的；紫外线的 n. 紫外线辐射；紫外光","Try using ""ultraviolet"" in a sentence related to 物理.","437"
"438","categorized-collection","按类型区分（4000词）","物理","物理","infrared","ˌɪnfrəˈred","adj. 红外线的 n. 红外线","Try using ""infrared"" in a sentence related to 物理.","438"
"439","categorized-collection","按类型区分（4000词）","物理","物理","semiconductor","ˌsemikənˈdʌktə(r)","n. 半导体","Try using ""semiconductor"" in a sentence related to 物理.","439"
"440","categorized-collection","按类型区分（4000词）","物理","物理","insulator","ˈɪnsjuleɪtə(r)","n. 隔热（或绝缘、隔音等的）材料（或装置）","Try using ""insulator"" in a sentence related to 物理.","440"
"441","categorized-collection","按类型区分（4000词）","物理","物理","chip","tʃɪp","n. 炸薯条；芯片；碎片 v. 削成碎片；碎裂","Try using ""chip"" in a sentence related to 物理.","441"
"442","categorized-collection","按类型区分（4000词）","物理","物理","battery","ˈbætri","n. 电池；一组；一连串","Try using ""battery"" in a sentence related to 物理.","442"
"443","categorized-collection","按类型区分（4000词）","物理","物理","amplifier","ˈæmplɪfaɪə(r)","n. 放大器；扩音器；扬声器","Try using ""amplifier"" in a sentence related to 物理.","443"
"444","categorized-collection","按类型区分（4000词）","物理","物理","Electromagnetism","ɪˌlektrəʊmæɡˈnetɪzəm","n. 电磁；电磁学","Try using ""Electromagnetism"" in a sentence related to 物理.","444"
"445","categorized-collection","按类型区分（4000词）","物理","物理","electromagnet","ɪˈlektrəʊmæɡnət","n. 电磁铁；电磁体","Try using ""electromagnet"" in a sentence related to 物理.","445"
"446","categorized-collection","按类型区分（4000词）","物理","物理","acoustic","əˈkuːstɪk","adj. 声音的；音响的；听觉的；原声的","Try using ""acoustic"" in a sentence related to 物理.","446"
"447","categorized-collection","按类型区分（4000词）","物理","物理","sonar","ˈsəʊnɑː(r)","n. 声呐","Try using ""sonar"" in a sentence related to 物理.","447"
"448","categorized-collection","按类型区分（4000词）","物理","物理","ultrasonics","ʌltrəˈsɒnɪks","n. 超音波学 n. 超声波；“ultrasonic”的复数","Try using ""ultrasonics"" in a sentence related to 物理.","448"
"449","categorized-collection","按类型区分（4000词）","物理","物理","supersonic","ˌsuːpəˈsɒnɪk","adj. 超音速的","Try using ""supersonic"" in a sentence related to 物理.","449"
"450","categorized-collection","按类型区分（4000词）","物理","物理","echo","ˈekəʊ","n. 回声 v. 回响","Try using ""echo"" in a sentence related to 物理.","450"
"451","categorized-collection","按类型区分（4000词）","物理","物理","resonance","ˈrezənəns","n. 共鸣；共振；反响","Try using ""resonance"" in a sentence related to 物理.","451"
"452","categorized-collection","按类型区分（4000词）","物理","物理","chafe","tʃeɪf","v. 摩擦；擦痛；惹怒 n. 擦伤；激怒","Try using ""chafe"" in a sentence related to 物理.","452"
"453","categorized-collection","按类型区分（4000词）","物理","物理","thermodynamics","ˌθɜːməʊdaɪˈnæmɪks","n. 热力学","Try using ""thermodynamics"" in a sentence related to 物理.","453"
"454","categorized-collection","按类型区分（4000词）","物理","物理","ventilation","ˌventɪˈleɪʃ(ə)n","n. 通风；通风装置","Try using ""ventilation"" in a sentence related to 物理.","454"
"455","categorized-collection","按类型区分（4000词）","物理","物理","declivity","dɪˈklɪvɪti","n. 斜坡；坡度；下斜","Try using ""declivity"" in a sentence related to 物理.","455"
"456","categorized-collection","按类型区分（4000词）","物理","物理","dehydrate","ˌdiːhaɪˈdreɪt","v. （使）脱水；去水","Try using ""dehydrate"" in a sentence related to 物理.","456"
"457","categorized-collection","按类型区分（4000词）","物理","物理","dilute","daɪˈluːt","v. 稀释 adj. 经稀释的","Try using ""dilute"" in a sentence related to 物理.","457"
"458","categorized-collection","按类型区分（4000词）","物理","物理","clutter","ˈklʌtə(r)","n. 杂乱；混乱 v. 弄乱","Try using ""clutter"" in a sentence related to 物理.","458"
"459","categorized-collection","按类型区分（4000词）","物理","物理","chaos","ˈkeɪɒs","n. 混乱","Try using ""chaos"" in a sentence related to 物理.","459"
"460","categorized-collection","按类型区分（4000词）","物理","物理","distillation","ˌdɪstɪˈleɪʃ(ə)n","n. 蒸馏（过程）；净化（过程）；升华","Try using ""distillation"" in a sentence related to 物理.","460"
"461","categorized-collection","按类型区分（4000词）","物理","物理","centigrade","ˈsentɪɡreɪd","adj. 摄氏度的 n. 摄氏度","Try using ""centigrade"" in a sentence related to 物理.","461"
"462","categorized-collection","按类型区分（4000词）","物理","物理","thermometer","θəˈmɒmɪtə(r)","n. 温度计；体温表","Try using ""thermometer"" in a sentence related to 物理.","462"
"463","categorized-collection","按类型区分（4000词）","物理","物理","microscope","ˈmaɪkrəskəʊp","n. 显微镜","Try using ""microscope"" in a sentence related to 物理.","463"
"464","categorized-collection","按类型区分（4000词）","物理","物理","telescope","ˈtelɪskəʊp","n. 望远镜","Try using ""telescope"" in a sentence related to 物理.","464"
"465","categorized-collection","按类型区分（4000词）","物理","物理","ion","ˈaɪən","n. 离子","Try using ""ion"" in a sentence related to 物理.","465"
"466","categorized-collection","按类型区分（4000词）","物理","物理","neutron","ˈnjuːtrɒn","n. 中子","Try using ""neutron"" in a sentence related to 物理.","466"
"467","categorized-collection","按类型区分（4000词）","物理","物理","nucleus","ˈnjuːkliəs","n. 核心；核子","Try using ""nucleus"" in a sentence related to 物理.","467"
"468","categorized-collection","按类型区分（4000词）","物理","物理","proton","ˈprəʊtɒn","n. 质子","Try using ""proton"" in a sentence related to 物理.","468"
"469","categorized-collection","按类型区分（4000词）","物理","物理","atom","ˈætəm","n. 原子","Try using ""atom"" in a sentence related to 物理.","469"
"470","categorized-collection","按类型区分（4000词）","物理","物理","molecule","ˈmɒlɪkjuːl","n. 分子","Try using ""molecule"" in a sentence related to 物理.","470"
"471","categorized-collection","按类型区分（4000词）","物理","物理","emit","iˈmɪt","v. 散发（光、热、气味等）；发出；发射","Try using ""emit"" in a sentence related to 物理.","471"
"472","categorized-collection","按类型区分（4000词）","物理","物理","diffuse","dɪˈfjuːz","v. 弥漫；漫射；传播 adj. 分散的；冗长的","Try using ""diffuse"" in a sentence related to 物理.","472"
"473","categorized-collection","按类型区分（4000词）","物理","物理","vibrate","vaɪˈbreɪt","v. 振动；颤动","Try using ""vibrate"" in a sentence related to 物理.","473"
"474","categorized-collection","按类型区分（4000词）","物理","物理","precipitate","prɪˈsɪpɪteɪt","v. 加速（坏事的发生） n. 沉淀物；冷凝物 adj. 轻率的；仓促的","Try using ""precipitate"" in a sentence related to 物理.","474"
"475","categorized-collection","按类型区分（4000词）","物理","物理","decelerate","ˌdiːˈseləreɪt","v. （使）减速","Try using ""decelerate"" in a sentence related to 物理.","475"
"476","categorized-collection","按类型区分（4000词）","物理","物理","cohesion","kəʊˈhiːʒ(ə)n","n. 内聚性；团结；凝聚力","Try using ""cohesion"" in a sentence related to 物理.","476"
"477","categorized-collection","按类型区分（4000词）","物理","物理","elasticity","ˌiːlæˈstɪsəti","n. 弹性；伸缩性","Try using ""elasticity"" in a sentence related to 物理.","477"
"478","categorized-collection","按类型区分（4000词）","物理","物理","compatible","kəmˈpætəb(ə)l","adj. 兼容的；可和谐共存的","Try using ""compatible"" in a sentence related to 物理.","478"
"479","categorized-collection","按类型区分（4000词）","物理","物理","thaw","θɔː","v. 使融解；解冻；变缓和 n. 融雪","Try using ""thaw"" in a sentence related to 物理.","479"
"480","categorized-collection","按类型区分（4000词）","社会学","社会学","sociology","ˌsəʊsiˈɒlədʒi","n. 社会学","Try using ""sociology"" in a sentence related to 社会学.","480"
"481","categorized-collection","按类型区分（4000词）","社会学","社会学","hierarchy","ˈhaɪərɑːki","n. 层次体系；等级制度","Try using ""hierarchy"" in a sentence related to 社会学.","481"
"482","categorized-collection","按类型区分（4000词）","社会学","社会学","sociologist","ˌsəʊsiˈɒlədʒɪst","n. 社会学家；社会学者","Try using ""sociologist"" in a sentence related to 社会学.","482"
"483","categorized-collection","按类型区分（4000词）","社会学","社会学","marriage","ˈmærɪdʒ","n. 婚姻；结婚","Try using ""marriage"" in a sentence related to 社会学.","483"
"484","categorized-collection","按类型区分（4000词）","社会学","社会学","phenomenon","fəˈnɒmɪnən","n. 现象；非凡的人或事；杰出的人","Try using ""phenomenon"" in a sentence related to 社会学.","484"
"485","categorized-collection","按类型区分（4000词）","社会学","社会学","urban","ˈɜːbən","adj. 城市的；都市的","Try using ""urban"" in a sentence related to 社会学.","485"
"486","categorized-collection","按类型区分（4000词）","社会学","社会学","rural","ˈrʊərəl","adj. 农村的；乡村的","Try using ""rural"" in a sentence related to 社会学.","486"
"487","categorized-collection","按类型区分（4000词）","社会学","社会学","urbanization","ˌɜːbənaɪˈzeɪʃ(ə)n","n. 都市化；城市化","Try using ""urbanization"" in a sentence related to 社会学.","487"
"488","categorized-collection","按类型区分（4000词）","社会学","社会学","migration","maɪˈɡreɪʃ(ə)n","n. 迁移；迁徙；转移","Try using ""migration"" in a sentence related to 社会学.","488"
"489","categorized-collection","按类型区分（4000词）","社会学","社会学","immigration","ˌɪmɪˈɡreɪʃ(ə)n","n. 移民；移居","Try using ""immigration"" in a sentence related to 社会学.","489"
"490","categorized-collection","按类型区分（4000词）","社会学","社会学","emigration","ˌemɪˈɡreɪʃ(ə)n","n. 移民；移居外国","Try using ""emigration"" in a sentence related to 社会学.","490"
"491","categorized-collection","按类型区分（4000词）","社会学","社会学","mobility","məʊˈbɪləti","n. 流动性；灵活性；迁移率","Try using ""mobility"" in a sentence related to 社会学.","491"
"492","categorized-collection","按类型区分（4000词）","社会学","社会学","community","kəˈmjuːnəti","n. 社区；团体；群落","Try using ""community"" in a sentence related to 社会学.","492"
"493","categorized-collection","按类型区分（4000词）","社会学","社会学","metropolitan","ˌmetrəˈpɒlɪtən","adj. 大都市的；大城市的","Try using ""metropolitan"" in a sentence related to 社会学.","493"
"494","categorized-collection","按类型区分（4000词）","社会学","社会学","convention","kənˈvenʃ(ə)n","n. 习俗；大会；协定","Try using ""convention"" in a sentence related to 社会学.","494"
"495","categorized-collection","按类型区分（4000词）","社会学","社会学","patriarchic","ˌpeɪtriˈɑːkɪk","adj. 族长的；家长的","Try using ""patriarchic"" in a sentence related to 社会学.","495"
"496","categorized-collection","按类型区分（4000词）","社会学","社会学","institutionalize","ˌɪnstɪˈtjuːʃənəlaɪz","v. 使制度化或习俗化；使送进专门机构","Try using ""institutionalize"" in a sentence related to 社会学.","496"
"497","categorized-collection","按类型区分（4000词）","社会学","社会学","taboo","təˈbuː","n. 禁忌；忌讳；戒律 adj. 禁忌的；忌讳的 v. 禁忌","Try using ""taboo"" in a sentence related to 社会学.","497"
"498","categorized-collection","按类型区分（4000词）","社会学","社会学","ethics","ˈeθɪks","n. 道德规范；伦理","Try using ""ethics"" in a sentence related to 社会学.","498"
"499","categorized-collection","按类型区分（4000词）","社会学","社会学","marital","ˈmærɪt(ə)l","adj. 婚姻的","Try using ""marital"" in a sentence related to 社会学.","499"
"500","categorized-collection","按类型区分（4000词）","社会学","社会学","polygamous","pəˈlɪɡəməs","adj. 一夫多妻的；一妻多夫的","Try using ""polygamous"" in a sentence related to 社会学.","500"
"501","categorized-collection","按类型区分（4000词）","社会学","社会学","tribe","traɪb","n. 部落；部族","Try using ""tribe"" in a sentence related to 社会学.","501"
"502","categorized-collection","按类型区分（4000词）","社会学","社会学","clan","klæn","n. 氏族；宗族","Try using ""clan"" in a sentence related to 社会学.","502"
"503","categorized-collection","按类型区分（4000词）","社会学","社会学","connubial","kəˈnjuːbiəl","adj. 婚姻的；夫妻（关系）的","Try using ""connubial"" in a sentence related to 社会学.","503"
"504","categorized-collection","按类型区分（4000词）","社会学","社会学","matrimony","ˈmætrɪməni","n. 婚姻；结婚","Try using ""matrimony"" in a sentence related to 社会学.","504"
"505","categorized-collection","按类型区分（4000词）","社会学","社会学","anathema","əˈnæθəmə","n. 诅咒；受诅咒的事；逐出教门；十分讨厌的人（或事物）","Try using ""anathema"" in a sentence related to 社会学.","505"
"506","categorized-collection","按类型区分（4000词）","语言学","语言学","linguistics","lɪŋˈɡwɪstɪks","n. 语言学","Try using ""linguistics"" in a sentence related to 语言学.","506"
"507","categorized-collection","按类型区分（4000词）","语言学","语言学","language","ˈlæŋɡwɪdʒ","n. 语言","Try using ""language"" in a sentence related to 语言学.","507"
"508","categorized-collection","按类型区分（4000词）","语言学","语言学","sound","saʊnd","n. 声音；声响 v. 响；听起来 adj. 健全的；完好的；合理的；可靠的；酣睡的","Try using ""sound"" in a sentence related to 语言学.","508"
"509","categorized-collection","按类型区分（4000词）","语言学","语言学","dialect","ˈdaɪəlekt","n. 方言；地方话","Try using ""dialect"" in a sentence related to 语言学.","509"
"510","categorized-collection","按类型区分（4000词）","语言学","语言学","parlance","ˈpɑːləns","n. 说法；用语；术语","Try using ""parlance"" in a sentence related to 语言学.","510"
"511","categorized-collection","按类型区分（4000词）","语言学","语言学","intonation","ˌɪntəˈneɪʃ(ə)n","n. 语调；声调；音准","Try using ""intonation"" in a sentence related to 语言学.","511"
"512","categorized-collection","按类型区分（4000词）","语言学","语言学","emphatic","ɪmˈfætɪk","adj. 强调的；明确表示的；加强语气的","Try using ""emphatic"" in a sentence related to 语言学.","512"
"513","categorized-collection","按类型区分（4000词）","语言学","语言学","paraphrase","ˈpærəfreɪz","v. 意译；解释；改述 n. 释义；意译；改述","Try using ""paraphrase"" in a sentence related to 语言学.","513"
"514","categorized-collection","按类型区分（4000词）","语言学","语言学","syntax","ˈsɪntæks","n. 句法；句子结构学；语构；语法","Try using ""syntax"" in a sentence related to 语言学.","514"
"515","categorized-collection","按类型区分（4000词）","语言学","语言学","symbol","ˈsɪmb(ə)l","n. 符号；象征；标志","Try using ""symbol"" in a sentence related to 语言学.","515"
"516","categorized-collection","按类型区分（4000词）","语言学","语言学","suffix","ˈsʌfɪks","n. 后缀；词尾","Try using ""suffix"" in a sentence related to 语言学.","516"
"517","categorized-collection","按类型区分（4000词）","语言学","语言学","affix","əˈfɪks","v. 附加；粘贴；署名 n. 附加物；词缀","Try using ""affix"" in a sentence related to 语言学.","517"
"518","categorized-collection","按类型区分（4000词）","语言学","语言学","prefix","ˈpriːfɪks","n. 前缀 v. 在…前面加","Try using ""prefix"" in a sentence related to 语言学.","518"
"519","categorized-collection","按类型区分（4000词）","语言学","语言学","root","ruːt","n. 根；根源 v. 生根","Try using ""root"" in a sentence related to 语言学.","519"
"520","categorized-collection","按类型区分（4000词）","语言学","语言学","sentence","ˈsentəns","n. 句子；判决；宣判 v. 判决；判刑","Try using ""sentence"" in a sentence related to 语言学.","520"
"521","categorized-collection","按类型区分（4000词）","语言学","语言学","lexical","ˈleksɪk(ə)l","adj. 词汇的","Try using ""lexical"" in a sentence related to 语言学.","521"
"522","categorized-collection","按类型区分（4000词）","语言学","语言学","paraphasia","ˌpærəˈfeɪʒə","n. 语言错乱","Try using ""paraphasia"" in a sentence related to 语言学.","522"
"523","categorized-collection","按类型区分（4000词）","语言学","语言学","lingual","ˈlɪŋɡwəl","adj. 舌的；舌状的；语言的","Try using ""lingual"" in a sentence related to 语言学.","523"
"524","categorized-collection","按类型区分（4000词）","语言学","语言学","bilingual","ˌbaɪˈlɪŋɡwəl","adj. 两种语言的；用两种语言的","Try using ""bilingual"" in a sentence related to 语言学.","524"
"525","categorized-collection","按类型区分（4000词）","语言学","语言学","philology","fɪˈlɒlədʒi","n. 语文学；语言学；文献学","Try using ""philology"" in a sentence related to 语言学.","525"
"526","categorized-collection","按类型区分（4000词）","语言学","语言学","Semantics","sɪˈmæntɪks","n. 语义学；符号学","Try using ""Semantics"" in a sentence related to 语言学.","526"
"527","categorized-collection","按类型区分（4000词）","语言学","语言学","phonetic","fəˈnetɪk","adj. 语音的；语音学的","Try using ""phonetic"" in a sentence related to 语言学.","527"
"528","categorized-collection","按类型区分（4000词）","语言学","语言学","syllable","ˈsɪləb(ə)l","n. 音节","Try using ""syllable"" in a sentence related to 语言学.","528"
"529","categorized-collection","按类型区分（4000词）","语言学","语言学","parisyllabic","pærɪˈsɪləbɪk","adj. 音节数目相同的","Try using ""parisyllabic"" in a sentence related to 语言学.","529"
"530","categorized-collection","按类型区分（4000词）","语言学","语言学","phonemics","fəʊˈniːmɪks","n. 音位学","Try using ""phonemics"" in a sentence related to 语言学.","530"
"531","categorized-collection","按类型区分（4000词）","语言学","语言学","coinage","ˈkɔɪnɪdʒ","n. 造币；货币；货币制度；新造的词语","Try using ""coinage"" in a sentence related to 语言学.","531"
"532","categorized-collection","按类型区分（4000词）","语言学","语言学","abridge","əˈbrɪdʒ","v. 删节；缩短；精简","Try using ""abridge"" in a sentence related to 语言学.","532"
"533","categorized-collection","按类型区分（4000词）","语言学","语言学","excerpt","ˈeksɜːpt","n. 摘录；摘要 v. 摘录；引用","Try using ""excerpt"" in a sentence related to 语言学.","533"
"534","categorized-collection","按类型区分（4000词）","语言学","语言学","adaptation","ˌædæpˈteɪʃ(ə)n","n. 适应；改编的作品","Try using ""adaptation"" in a sentence related to 语言学.","534"
"535","categorized-collection","按类型区分（4000词）","语言学","语言学","emend","iˈmend","v. 修订；校订","Try using ""emend"" in a sentence related to 语言学.","535"
"536","categorized-collection","按类型区分（4000词）","语言学","语言学","synopsis","sɪˈnɒpsɪs","n. 概要；摘要；简介","Try using ""synopsis"" in a sentence related to 语言学.","536"
"537","categorized-collection","按类型区分（4000词）","语言学","语言学","tag","tæɡ","n. 标记；标签；捉人游戏 v. 加标签于；把…称作；紧随；连接","Try using ""tag"" in a sentence related to 语言学.","537"
"538","categorized-collection","按类型区分（4000词）","语言学","语言学","genre","ˈʒɒnrə","n. （文艺作品的）类型；体裁；题材","Try using ""genre"" in a sentence related to 语言学.","538"
"539","categorized-collection","按类型区分（4000词）","语言学","语言学","succinct","səkˈsɪŋkt","adj. 简洁的；简明的","Try using ""succinct"" in a sentence related to 语言学.","539"
"540","categorized-collection","按类型区分（4000词）","语言学","语言学","grammar","ˈɡræmə(r)","n. 语法","Try using ""grammar"" in a sentence related to 语言学.","540"
"541","categorized-collection","按类型区分（4000词）","文学","文学","literature","ˈlɪtrətʃə(r)","n. 文学；文学作品","Try using ""literature"" in a sentence related to 文学.","541"
"542","categorized-collection","按类型区分（4000词）","文学","文学","genre","ˈʒɒnrə","n. （文艺作品的）类型；体裁；题材","Try using ""genre"" in a sentence related to 文学.","542"
"543","categorized-collection","按类型区分（4000词）","文学","文学","satire","ˈsætaɪə(r)","n. 讽刺；讽刺作品","Try using ""satire"" in a sentence related to 文学.","543"
"544","categorized-collection","按类型区分（4000词）","文学","文学","fable","ˈfeɪb(ə)l","n. 寓言；神话传说；无稽之谈 v. 虚构","Try using ""fable"" in a sentence related to 文学.","544"
"545","categorized-collection","按类型区分（4000词）","文学","文学","byword","ˈbaɪwɜːd","n. 谚语，俗语；格言；笑柄","Try using ""byword"" in a sentence related to 文学.","545"
"546","categorized-collection","按类型区分（4000词）","文学","文学","comedy","ˈkɒmədi","n. 喜剧","Try using ""comedy"" in a sentence related to 文学.","546"
"547","categorized-collection","按类型区分（4000词）","文学","文学","tragedy","ˈtrædʒədi","n. 悲剧；灾难；惨事","Try using ""tragedy"" in a sentence related to 文学.","547"
"548","categorized-collection","按类型区分（4000词）","文学","文学","masterpiece","ˈmɑːstəpiːs","n. 杰作；名著","Try using ""masterpiece"" in a sentence related to 文学.","548"
"549","categorized-collection","按类型区分（4000词）","文学","文学","author","ˈɔːθə(r)","n. 作者","Try using ""author"" in a sentence related to 文学.","549"
"550","categorized-collection","按类型区分（4000词）","文学","文学","profound","prəˈfaʊnd","adj. 深刻的；渊博的；深奥的；深远的","Try using ""profound"" in a sentence related to 文学.","550"
"551","categorized-collection","按类型区分（4000词）","文学","文学","contemporary","kənˈtemprəri","adj. 现代的；当代的；同时代的 n. 同代人；同辈人；同龄人","Try using ""contemporary"" in a sentence related to 文学.","551"
"552","categorized-collection","按类型区分（4000词）","文学","文学","classic","ˈklæsɪk","adj. 第一流的；典范的；典型的 n. 优秀的典范；文学经典；名著","Try using ""classic"" in a sentence related to 文学.","552"
"553","categorized-collection","按类型区分（4000词）","文学","文学","diction","ˈdɪkʃ(ə)n","n. 措辞；发音","Try using ""diction"" in a sentence related to 文学.","553"
"554","categorized-collection","按类型区分（4000词）","文学","文学","manuscript","ˈmænjuskrɪpt","n. 手稿；原稿","Try using ""manuscript"" in a sentence related to 文学.","554"
"555","categorized-collection","按类型区分（4000词）","文学","文学","analects","ˈænəlekts","n. 短论选，短文选","Try using ""analects"" in a sentence related to 文学.","555"
"556","categorized-collection","按类型区分（4000词）","文学","文学","literatus","ˌlɪtəˈreɪtəs","n. 学者；文学界（literati的单数形式）","Try using ""literatus"" in a sentence related to 文学.","556"
"557","categorized-collection","按类型区分（4000词）","文学","文学","renaissance","rɪˈneɪs(ə)ns","n. 复兴","Try using ""renaissance"" in a sentence related to 文学.","557"
"558","categorized-collection","按类型区分（4000词）","文学","文学","criticism","ˈkrɪtɪsɪzəm","n. 批评；指责；评论","Try using ""criticism"" in a sentence related to 文学.","558"
"559","categorized-collection","按类型区分（4000词）","文学","文学","essay","ˈeseɪ","n. 散文；文章；尝试；企图 v. 企图；尝试","Try using ""essay"" in a sentence related to 文学.","559"
"560","categorized-collection","按类型区分（4000词）","文学","文学","preliterate","priːˈlɪtərɪt","adj. 文字出现以前的","Try using ""preliterate"" in a sentence related to 文学.","560"
"561","categorized-collection","按类型区分（4000词）","文学","文学","mainstream","ˈmeɪnstriːm","n. 主流；干流","Try using ""mainstream"" in a sentence related to 文学.","561"
"562","categorized-collection","按类型区分（4000词）","文学","文学","nostalgia","nɒˈstældʒə","n. 怀恋；怀旧；乡愁","Try using ""nostalgia"" in a sentence related to 文学.","562"
"563","categorized-collection","按类型区分（4000词）","文学","文学","connoisseur","ˌkɒnəˈsɜː(r)","n. 鉴识家；内行","Try using ""connoisseur"" in a sentence related to 文学.","563"
"564","categorized-collection","按类型区分（4000词）","文学","文学","editorial","ˌedɪˈtɔːriəl","adj. 编辑的；社论的 n. 社论","Try using ""editorial"" in a sentence related to 文学.","564"
"565","categorized-collection","按类型区分（4000词）","文学","文学","column","ˈkɒləm","n. 圆柱；专栏；纵；列","Try using ""column"" in a sentence related to 文学.","565"
"566","categorized-collection","按类型区分（4000词）","文学","文学","circulation","ˌsɜːkjəˈleɪʃ(ə)n","n. 循环；流通；发行量","Try using ""circulation"" in a sentence related to 文学.","566"
"567","categorized-collection","按类型区分（4000词）","文学","文学","feature","ˈfiːtʃə(r)","n. 特征；报刊特写 v. 以…为特色；是…的重要组成；放映","Try using ""feature"" in a sentence related to 文学.","567"
"568","categorized-collection","按类型区分（4000词）","文学","文学","drama","ˈdrɑːmə","n. 戏剧；话剧","Try using ""drama"" in a sentence related to 文学.","568"
"569","categorized-collection","按类型区分（4000词）","文学","文学","playwright","ˈpleɪraɪt","n. 剧作家","Try using ""playwright"" in a sentence related to 文学.","569"
"570","categorized-collection","按类型区分（4000词）","宗教","宗教","christianity","ˌkrɪstiˈænəti","n. 基督教","Try using ""christianity"" in a sentence related to 宗教.","570"
"571","categorized-collection","按类型区分（4000词）","宗教","宗教","Catholicism","kəˈθɒləsɪzəm","n. 天主教；天主教义","Try using ""Catholicism"" in a sentence related to 宗教.","571"
"572","categorized-collection","按类型区分（4000词）","宗教","宗教","protestantism","ˈprɒtɪstəntɪzəm","n. 新教；基督新教","Try using ""protestantism"" in a sentence related to 宗教.","572"
"573","categorized-collection","按类型区分（4000词）","宗教","宗教","reformation","ˌrefəˈmeɪʃ(ə)n","n. 革新；改善","Try using ""reformation"" in a sentence related to 宗教.","573"
"574","categorized-collection","按类型区分（4000词）","宗教","宗教","lutheranism","ˈluːθərənɪzəm","n. 路德教派；路德教义","Try using ""lutheranism"" in a sentence related to 宗教.","574"
"575","categorized-collection","按类型区分（4000词）","宗教","宗教","calvinism","ˈkælvɪnɪzəm","n. 加尔文主义","Try using ""calvinism"" in a sentence related to 宗教.","575"
"576","categorized-collection","按类型区分（4000词）","宗教","宗教","methodism","ˈmeθədɪzəm","n. 墨守成规；拘泥形式","Try using ""methodism"" in a sentence related to 宗教.","576"
"577","categorized-collection","按类型区分（4000词）","宗教","宗教","puritanism","ˈpjʊərɪtənɪzəm","n. 清教；清教主义；清教徒习俗；道德上的极端拘谨","Try using ""puritanism"" in a sentence related to 宗教.","577"
"578","categorized-collection","按类型区分（4000词）","宗教","宗教","judaism","ˈdʒuːdeɪɪzəm","n. 犹太教；（总称）犹太人；犹太主义","Try using ""judaism"" in a sentence related to 宗教.","578"
"579","categorized-collection","按类型区分（4000词）","宗教","宗教","Islamism","ɪzˈlɑːmɪzəm","n. 伊斯兰主义；伊斯兰原教旨主义","Try using ""Islamism"" in a sentence related to 宗教.","579"
"580","categorized-collection","按类型区分（4000词）","宗教","宗教","buddhism","ˈbʊdɪzəm","n. 佛教","Try using ""buddhism"" in a sentence related to 宗教.","580"
"581","categorized-collection","按类型区分（4000词）","宗教","宗教","daoism","ˈdaʊɪzəm","n. 道教","Try using ""daoism"" in a sentence related to 宗教.","581"
"582","categorized-collection","按类型区分（4000词）","宗教","宗教","paganism","ˈpeɪɡənɪzəm","n. 异教；异教信仰；不信教","Try using ""paganism"" in a sentence related to 宗教.","582"
"583","categorized-collection","按类型区分（4000词）","宗教","宗教","fetishism","ˈfiːtɪʃɪzəm","n. 拜物教；盲目崇拜；[医] 恋物癖","Try using ""fetishism"" in a sentence related to 宗教.","583"
"584","categorized-collection","按类型区分（4000词）","宗教","宗教","atheism","ˈeɪθiɪzəm","n. 无神论","Try using ""atheism"" in a sentence related to 宗教.","584"
"585","categorized-collection","按类型区分（4000词）","天文","天文","antenna","ænˈtenə","n. 触角；天线","Try using ""antenna"" in a sentence related to 天文.","585"
"586","categorized-collection","按类型区分（4000词）","天文","天文","universe","ˈjuːnɪvɜːs","n. 宇宙","Try using ""universe"" in a sentence related to 天文.","586"
"587","categorized-collection","按类型区分（4000词）","天文","天文","astronomy","əˈstrɒnəmi","n. 天文学","Try using ""astronomy"" in a sentence related to 天文.","587"
"588","categorized-collection","按类型区分（4000词）","天文","天文","planet","ˈplænɪt","n. 行星","Try using ""planet"" in a sentence related to 天文.","588"
"589","categorized-collection","按类型区分（4000词）","天文","天文","astronaut","ˈæstrənɔːt","n. 宇航员；太空人","Try using ""astronaut"" in a sentence related to 天文.","589"
"590","categorized-collection","按类型区分（4000词）","天文","天文","launch","lɔːntʃ","v. 发射；发起；启动；掷 n. 发射；投掷；启动","Try using ""launch"" in a sentence related to 天文.","590"
"591","categorized-collection","按类型区分（4000词）","天文","天文","multistage","ˈmʌlti.steɪdʒ","adj. 多级的；多阶段的；多节的; vt. 使成多级；使分成多阶段","Try using ""multistage"" in a sentence related to 天文.","591"
"592","categorized-collection","按类型区分（4000词）","天文","天文","cosmos","ˈkɒzmɒs","n. 宇宙","Try using ""cosmos"" in a sentence related to 天文.","592"
"593","categorized-collection","按类型区分（4000词）","天文","天文","sphere","sfɪə(r)","n. 球体；范围","Try using ""sphere"" in a sentence related to 天文.","593"
"594","categorized-collection","按类型区分（4000词）","天文","天文","celestial","səˈlestiəl","adj. 天空的；天体的；天国的","Try using ""celestial"" in a sentence related to 天文.","594"
"595","categorized-collection","按类型区分（4000词）","天文","天文","galaxy","ˈɡæləksi","n. 星系；一群出色的人（或物）","Try using ""galaxy"" in a sentence related to 天文.","595"
"596","categorized-collection","按类型区分（4000词）","天文","天文","Polestar","ˈpəʊlstɑː","n. 北极星","Try using ""Polestar"" in a sentence related to 天文.","596"
"597","categorized-collection","按类型区分（4000词）","天文","天文","comet","ˈkɒmɪt","n. 彗星","Try using ""comet"" in a sentence related to 天文.","597"
"598","categorized-collection","按类型区分（4000词）","天文","天文","asteroid","ˈæstərɔɪd","n. 小行星","Try using ""asteroid"" in a sentence related to 天文.","598"
"599","categorized-collection","按类型区分（4000词）","天文","天文","aerolite","ˈeərəlaɪt","n. 陨石","Try using ""aerolite"" in a sentence related to 天文.","599"
"600","categorized-collection","按类型区分（4000词）","天文","天文","satellite","ˈsætəlaɪt","n. 卫星；人造卫星","Try using ""satellite"" in a sentence related to 天文.","600"
"601","categorized-collection","按类型区分（4000词）","天文","天文","constellation","ˌkɒnstəˈleɪʃ(ə)n","n. 星座；一群杰出人物；一系列（相关的想法、事物）","Try using ""constellation"" in a sentence related to 天文.","601"
"602","categorized-collection","按类型区分（4000词）","天文","天文","Nebula","ˈnebjələ","n. 星云","Try using ""Nebula"" in a sentence related to 天文.","602"
"603","categorized-collection","按类型区分（4000词）","天文","天文","equator","ɪˈkweɪtə(r)","n. 赤道","Try using ""equator"" in a sentence related to 天文.","603"
"604","categorized-collection","按类型区分（4000词）","天文","天文","zenith","ˈzenɪθ","n. 顶点；天顶；全盛","Try using ""zenith"" in a sentence related to 天文.","604"
"605","categorized-collection","按类型区分（4000词）","天文","天文","apogee","ˈæpədʒiː","n. 顶峰；顶点；最高点","Try using ""apogee"" in a sentence related to 天文.","605"
"606","categorized-collection","按类型区分（4000词）","天文","天文","perigee","ˈperɪdʒiː","n. 近地点","Try using ""perigee"" in a sentence related to 天文.","606"
"607","categorized-collection","按类型区分（4000词）","天文","天文","corona","kəˈrəʊnə","n. 日冕","Try using ""corona"" in a sentence related to 天文.","607"
"608","categorized-collection","按类型区分（4000词）","天文","天文","macula","ˈmækjʊlə","n. 太阳黑子；斑点","Try using ""macula"" in a sentence related to 天文.","608"
"609","categorized-collection","按类型区分（4000词）","天文","天文","rainbow","ˈreɪnbəʊ","n. 彩虹","Try using ""rainbow"" in a sentence related to 天文.","609"
"610","categorized-collection","按类型区分（4000词）","天文","天文","eclipse","ɪˈklɪps","n. 日食；月食；黯然失色 v. 使失色","Try using ""eclipse"" in a sentence related to 天文.","610"
"611","categorized-collection","按类型区分（4000词）","天文","天文","nadir","ˈneɪdɪə(r)","n. 最糟糕的时刻","Try using ""nadir"" in a sentence related to 天文.","611"
"612","categorized-collection","按类型区分（4000词）","天文","天文","Cosmography","ˌkɒzməˈɡrəfi","n. 宇宙结构学，宇宙志","Try using ""Cosmography"" in a sentence related to 天文.","612"
"613","categorized-collection","按类型区分（4000词）","天文","天文","astrophysics","ˌæstrəʊˈfɪzɪks","n. 天体物理学","Try using ""astrophysics"" in a sentence related to 天文.","613"
"614","categorized-collection","按类型区分（4000词）","天文","天文","orbit","ˈɔːbɪt","n. 轨道 v. 绕...轨道而行","Try using ""orbit"" in a sentence related to 天文.","614"
"615","categorized-collection","按类型区分（4000词）","天文","天文","cluster","ˈklʌstə(r)","n. 群；团；簇 v. 聚集","Try using ""cluster"" in a sentence related to 天文.","615"
"616","categorized-collection","按类型区分（4000词）","天文","天文","dwarf","dwɔːf","n. 侏儒；矮子；矮星 v. （使）显得矮小；使相形见绌","Try using ""dwarf"" in a sentence related to 天文.","616"
"617","categorized-collection","按类型区分（4000词）","天文","天文","quasar","ˈkweɪzɑː(r)","n. 类星体","Try using ""quasar"" in a sentence related to 天文.","617"
"618","categorized-collection","按类型区分（4000词）","天文","天文","chromosphere","ˈkrəʊməsfɪə","n. 太阳的色球层","Try using ""chromosphere"" in a sentence related to 天文.","618"
"619","categorized-collection","按类型区分（4000词）","天文","天文","pseudoscience","ˌsjuːdəʊˈsaɪəns","n. 伪科学；假科学","Try using ""pseudoscience"" in a sentence related to 天文.","619"
"620","categorized-collection","按类型区分（4000词）","天文","天文","jupiter","ˈdʒuːpɪtə(r)","n. 木星；朱庇特","Try using ""jupiter"" in a sentence related to 天文.","620"
"621","categorized-collection","按类型区分（4000词）","天文","天文","lunar","ˈluːnə(r)","adj. 月球的；月亮的；阴历的","Try using ""lunar"" in a sentence related to 天文.","621"
"622","categorized-collection","按类型区分（4000词）","天文","天文","mercury","ˈmɜːkjəri","n. 水银；汞","Try using ""mercury"" in a sentence related to 天文.","622"
"623","categorized-collection","按类型区分（4000词）","天文","天文","Uranus","ˈjʊərənəs","n. 天王星；（希腊神话）乌拉诺斯神","Try using ""Uranus"" in a sentence related to 天文.","623"
"624","categorized-collection","按类型区分（4000词）","天文","天文","venus","ˈviːnəs","n. 金星；维纳斯","Try using ""venus"" in a sentence related to 天文.","624"
"625","categorized-collection","按类型区分（4000词）","天文","天文","Neptune","ˈneptjuːn","n. 海王星；（罗马神话）海神尼普顿","Try using ""Neptune"" in a sentence related to 天文.","625"
"626","categorized-collection","按类型区分（4000词）","天文","天文","Saturn","ˈsæt(ə)n","n. 土星","Try using ""Saturn"" in a sentence related to 天文.","626"
"627","categorized-collection","按类型区分（4000词）","天文","天文","interferometer","ˌɪntəfɪəˈrɒmɪtə(r)","n. 干涉仪","Try using ""interferometer"" in a sentence related to 天文.","627"
"628","categorized-collection","按类型区分（4000词）","天文","天文","spaceship","ˈspeɪsʃɪp","n. 宇宙飞船；太空船","Try using ""spaceship"" in a sentence related to 天文.","628"
"629","categorized-collection","按类型区分（4000词）","天文","天文","revolve","rɪˈvɒlv","v. 旋转；考虑；围绕","Try using ""revolve"" in a sentence related to 天文.","629"
"630","categorized-collection","按类型区分（4000词）","植物学","植物学","pollen","ˈpɒlən","n. 花粉","Try using ""pollen"" in a sentence related to 植物学.","630"
"631","categorized-collection","按类型区分（4000词）","植物学","植物学","ovary","ˈəʊvəri","n. 卵巢；（植物的）子房","Try using ""ovary"" in a sentence related to 植物学.","631"
"632","categorized-collection","按类型区分（4000词）","植物学","植物学","petal","ˈpet(ə)l","n. 花瓣","Try using ""petal"" in a sentence related to 植物学.","632"
"633","categorized-collection","按类型区分（4000词）","植物学","植物学","stamen","ˈsteɪmən","n. 雄蕊","Try using ""stamen"" in a sentence related to 植物学.","633"
"634","categorized-collection","按类型区分（4000词）","植物学","植物学","pistil","ˈpɪstɪl","n. 雌蕊","Try using ""pistil"" in a sentence related to 植物学.","634"
"635","categorized-collection","按类型区分（4000词）","植物学","植物学","hawthorn","ˈhɔːθɔːn","n. 山楂树","Try using ""hawthorn"" in a sentence related to 植物学.","635"
"636","categorized-collection","按类型区分（4000词）","植物学","植物学","daffodil","ˈdæfədɪl","n. 黄水仙；水仙花","Try using ""daffodil"" in a sentence related to 植物学.","636"
"637","categorized-collection","按类型区分（4000词）","植物学","植物学","tulip","ˈtjuːlɪp","n. 郁金香","Try using ""tulip"" in a sentence related to 植物学.","637"
"638","categorized-collection","按类型区分（4000词）","植物学","植物学","jasmine","ˈdʒæzmɪn","n. 茉莉","Try using ""jasmine"" in a sentence related to 植物学.","638"
"639","categorized-collection","按类型区分（4000词）","植物学","植物学","sunflower","ˈsʌnflaʊə(r)","n. 向日葵","Try using ""sunflower"" in a sentence related to 植物学.","639"
"640","categorized-collection","按类型区分（4000词）","植物学","植物学","vegetable","ˈvedʒtəb(ə)l","n. 蔬菜","Try using ""vegetable"" in a sentence related to 植物学.","640"
"641","categorized-collection","按类型区分（4000词）","植物学","植物学","botanic","bəˈtænɪk","adj. 植物的；植物学的","Try using ""botanic"" in a sentence related to 植物学.","641"
"642","categorized-collection","按类型区分（4000词）","植物学","植物学","geobotany","ˌdʒiːəʊbəˈtænɪ","n. 植物地理学（等于 phytogeography）","Try using ""geobotany"" in a sentence related to 植物学.","642"
"643","categorized-collection","按类型区分（4000词）","植物学","植物学","flora","ˈflɔːrə","n. 植物群落","Try using ""flora"" in a sentence related to 植物学.","643"
"644","categorized-collection","按类型区分（4000词）","植物学","植物学","botanical","bəˈtænɪk(ə)l","adj. 植物的；植物学的 n. 植物性药材","Try using ""botanical"" in a sentence related to 植物学.","644"
"645","categorized-collection","按类型区分（4000词）","植物学","植物学","botanist","ˈbɒtənɪst","n. 植物学家","Try using ""botanist"" in a sentence related to 植物学.","645"
"646","categorized-collection","按类型区分（4000词）","植物学","植物学","vegetation","ˌvedʒəˈteɪʃ(ə)n","n. （统称）植物；植被","Try using ""vegetation"" in a sentence related to 植物学.","646"
"647","categorized-collection","按类型区分（4000词）","植物学","植物学","foliage","ˈfəʊliɪdʒ","n. 叶子（总称）；簇叶","Try using ""foliage"" in a sentence related to 植物学.","647"
"648","categorized-collection","按类型区分（4000词）","植物学","植物学","crossbreed","ˈkrɒsˌbriːd","v. （使）杂交繁育；杂交繁育; n. （动植物的）杂交品种","Try using ""crossbreed"" in a sentence related to 植物学.","648"
"649","categorized-collection","按类型区分（4000词）","植物学","植物学","photosynthesis","ˌfəʊtəʊˈsɪnθəsɪs","n. 光合作用","Try using ""photosynthesis"" in a sentence related to 植物学.","649"
"650","categorized-collection","按类型区分（4000词）","植物学","植物学","peel","piːl","n. 果皮 v. 剥落；去皮","Try using ""peel"" in a sentence related to 植物学.","650"
"651","categorized-collection","按类型区分（4000词）","植物学","植物学","pollinate","ˈpɒləneɪt","v. 授粉；传粉","Try using ""pollinate"" in a sentence related to 植物学.","651"
"652","categorized-collection","按类型区分（4000词）","植物学","植物学","shell","ʃel","n. 壳体；贝壳；炮弹 v. 剥…的壳；去…的皮；炮轰；炮击","Try using ""shell"" in a sentence related to 植物学.","652"
"653","categorized-collection","按类型区分（4000词）","植物学","植物学","shoot","ʃuːt","v. 射击；拍摄；迅速移动；生长","Try using ""shoot"" in a sentence related to 植物学.","653"
"654","categorized-collection","按类型区分（4000词）","植物学","植物学","starch","stɑːtʃ","n. 淀粉；淀粉浆 v. 给（布）上浆","Try using ""starch"" in a sentence related to 植物学.","654"
"655","categorized-collection","按类型区分（4000词）","植物学","植物学","vitamin","ˈvɪtəmɪn","n. 维生素；维他命","Try using ""vitamin"" in a sentence related to 植物学.","655"
"656","categorized-collection","按类型区分（4000词）","植物学","植物学","cell","sel","n. 细胞；小房间；牢房；单元格","Try using ""cell"" in a sentence related to 植物学.","656"
"657","categorized-collection","按类型区分（4000词）","植物学","植物学","tissue","ˈtɪʃuː","n. 组织；纸巾；薄纸","Try using ""tissue"" in a sentence related to 植物学.","657"
"658","categorized-collection","按类型区分（4000词）","植物学","植物学","bud","bʌd","n. 芽；蓓蕾 v. 发芽","Try using ""bud"" in a sentence related to 植物学.","658"
"659","categorized-collection","按类型区分（4000词）","植物学","植物学","trunk","trʌŋk","n. 树干；躯干；大衣箱；象鼻子","Try using ""trunk"" in a sentence related to 植物学.","659"
"660","categorized-collection","按类型区分（4000词）","植物学","植物学","bark","bɑːk","v. 狗吠；咆哮；厉声说 n. 犬吠声；树皮","Try using ""bark"" in a sentence related to 植物学.","660"
"661","categorized-collection","按类型区分（4000词）","植物学","植物学","branch","brɑːntʃ","n. 分支；树枝；分公司","Try using ""branch"" in a sentence related to 植物学.","661"
"662","categorized-collection","按类型区分（4000词）","植物学","植物学","timber","ˈtɪmbə(r)","n. 木材","Try using ""timber"" in a sentence related to 植物学.","662"
"663","categorized-collection","按类型区分（4000词）","植物学","植物学","sprout","spraʊt","v. 发芽；长出；迅速成长；涌现 n. 苗芽；新芽","Try using ""sprout"" in a sentence related to 植物学.","663"
"664","categorized-collection","按类型区分（4000词）","植物学","植物学","shrub","ʃrʌb","n. 灌木","Try using ""shrub"" in a sentence related to 植物学.","664"
"665","categorized-collection","按类型区分（4000词）","植物学","植物学","fern","fɜːn","n. 蕨类植物","Try using ""fern"" in a sentence related to 植物学.","665"
"666","categorized-collection","按类型区分（4000词）","植物学","植物学","fructification","ˌfrʌktɪfɪˈkeɪʃən","n. 果实；结果实","Try using ""fructification"" in a sentence related to 植物学.","666"
"667","categorized-collection","按类型区分（4000词）","植物学","植物学","blossom","ˈblɒsəm","v. 开花；兴旺；发展 n. （果树的）花朵；兴旺；发展","Try using ""blossom"" in a sentence related to 植物学.","667"
"668","categorized-collection","按类型区分（4000词）","植物学","植物学","pullulate","ˈpʌljʊleɪt","v. 发芽；繁殖；大量发展","Try using ""pullulate"" in a sentence related to 植物学.","668"
"669","categorized-collection","按类型区分（4000词）","植物学","植物学","tassel","ˈtæs(ə)l","n. 流苏；缨；穗 v. 用流苏装饰；摘下…穗","Try using ""tassel"" in a sentence related to 植物学.","669"
"670","categorized-collection","按类型区分（4000词）","动物学","动物学","zoology","zuːˈɒlədʒi","n. 动物学；（某一地区的）全部动物；（某种动物的）动物特性","Try using ""zoology"" in a sentence related to 动物学.","670"
"671","categorized-collection","按类型区分（4000词）","动物学","动物学","gregarious","ɡrɪˈɡeəriəs","adj. 群居的；合群的；爱社交的","Try using ""gregarious"" in a sentence related to 动物学.","671"
"672","categorized-collection","按类型区分（4000词）","动物学","动物学","fauna","ˈfɔːnə","n. 动物群；动物区系","Try using ""fauna"" in a sentence related to 动物学.","672"
"673","categorized-collection","按类型区分（4000词）","动物学","动物学","mammal","ˈmæm(ə)l","n. 哺乳动物","Try using ""mammal"" in a sentence related to 动物学.","673"
"674","categorized-collection","按类型区分（4000词）","动物学","动物学","carnivore","ˈkɑːnɪvɔː(r)","n. 食肉动物；食虫植物","Try using ""carnivore"" in a sentence related to 动物学.","674"
"675","categorized-collection","按类型区分（4000词）","动物学","动物学","carnivorous","kɑːˈnɪvərəs","adj. 食肉的","Try using ""carnivorous"" in a sentence related to 动物学.","675"
"676","categorized-collection","按类型区分（4000词）","动物学","动物学","herbivorous","hɜːˈbɪvərəs","adj. 食草的","Try using ""herbivorous"" in a sentence related to 动物学.","676"
"677","categorized-collection","按类型区分（4000词）","动物学","动物学","omnivorous","ɒmˈnɪvərəs","adj. 杂食的；兴趣广泛的","Try using ""omnivorous"" in a sentence related to 动物学.","677"
"678","categorized-collection","按类型区分（4000词）","动物学","动物学","predator","ˈpredətə(r)","n. 掠夺者；捕食性动物；食肉动物","Try using ""predator"" in a sentence related to 动物学.","678"
"679","categorized-collection","按类型区分（4000词）","动物学","动物学","predatory","ˈpredətri","adj. 食肉的；掠夺性的","Try using ""predatory"" in a sentence related to 动物学.","679"
"680","categorized-collection","按类型区分（4000词）","动物学","动物学","prey","preɪ","n. 猎物；受害者；受骗者 v. 捕食；坑害；折磨","Try using ""prey"" in a sentence related to 动物学.","680"
"681","categorized-collection","按类型区分（4000词）","动物学","动物学","poikilotherm","pɔɪˈkɪləʊθɜːm","n. 变温动物；冷血动物","Try using ""poikilotherm"" in a sentence related to 动物学.","681"
"682","categorized-collection","按类型区分（4000词）","动物学","动物学","homotherm","ˈhəʊməθɜːm","n. 恒温动物","Try using ""homotherm"" in a sentence related to 动物学.","682"
"683","categorized-collection","按类型区分（4000词）","动物学","动物学","rodent","ˈrəʊd(ə)nt","n. 啮齿动物 adj. 啮齿目的","Try using ""rodent"" in a sentence related to 动物学.","683"
"684","categorized-collection","按类型区分（4000词）","动物学","动物学","scavenger","ˈskævɪndʒə(r)","n. 食腐动物；拾荒者","Try using ""scavenger"" in a sentence related to 动物学.","684"
"685","categorized-collection","按类型区分（4000词）","动物学","动物学","microbe","ˈmaɪkrəʊb","n. 微生物","Try using ""microbe"" in a sentence related to 动物学.","685"
"686","categorized-collection","按类型区分（4000词）","动物学","动物学","reptile","ˈreptaɪl","n. 爬行动物 adj. 爬虫类的","Try using ""reptile"" in a sentence related to 动物学.","686"
"687","categorized-collection","按类型区分（4000词）","动物学","动物学","primate","ˈpraɪmeɪt","n. 灵长类（动物）；大主教","Try using ""primate"" in a sentence related to 动物学.","687"
"688","categorized-collection","按类型区分（4000词）","动物学","动物学","mollusk","ˈmɒləsk","n. 软体动物","Try using ""mollusk"" in a sentence related to 动物学.","688"
"689","categorized-collection","按类型区分（4000词）","动物学","动物学","coelenterate","sɪˈlentəreɪt","n. 腔肠动物","Try using ""coelenterate"" in a sentence related to 动物学.","689"
"690","categorized-collection","按类型区分（4000词）","动物学","动物学","vertebrate","ˈvɜːtɪbrət","adj. 有脊骨的（动物） n. 脊椎动物","Try using ""vertebrate"" in a sentence related to 动物学.","690"
"691","categorized-collection","按类型区分（4000词）","动物学","动物学","invertebrate","ɪnˈvɜːtɪbrət","adj. 无脊椎的；无骨气的 n. 无脊椎动物；无骨气的人","Try using ""invertebrate"" in a sentence related to 动物学.","691"
"692","categorized-collection","按类型区分（4000词）","动物学","动物学","finch","fɪntʃ","n. 雀科鸣鸟；雀类","Try using ""finch"" in a sentence related to 动物学.","692"
"693","categorized-collection","按类型区分（4000词）","动物学","动物学","fowl","faʊl","n. 家禽；鸟禽类","Try using ""fowl"" in a sentence related to 动物学.","693"
"694","categorized-collection","按类型区分（4000词）","动物学","动物学","monster","ˈmɒnstə(r)","n. 怪物；妖怪；庞然大物","Try using ""monster"" in a sentence related to 动物学.","694"
"695","categorized-collection","按类型区分（4000词）","动物学","动物学","herd","hɜːd","n. 兽群；牧群；芸芸众生 v. 放牧；（强制）集合","Try using ""herd"" in a sentence related to 动物学.","695"
"696","categorized-collection","按类型区分（4000词）","动物学","动物学","swarm","swɔːm","n. 群；蜂群 v. 云集；充满","Try using ""swarm"" in a sentence related to 动物学.","696"
"697","categorized-collection","按类型区分（4000词）","动物学","动物学","flock","flɒk","n. （鸟或羊）群；（人）群 v. 聚集；群集","Try using ""flock"" in a sentence related to 动物学.","697"
"698","categorized-collection","按类型区分（4000词）","动物学","动物学","horde","hɔːd","n. （熙攘、纷扰的）一大群","Try using ""horde"" in a sentence related to 动物学.","698"
"699","categorized-collection","按类型区分（4000词）","动物学","动物学","insect","ˈɪnsekt","n. 昆虫","Try using ""insect"" in a sentence related to 动物学.","699"
"700","categorized-collection","按类型区分（4000词）","动物学","动物学","beast","biːst","n. 兽；凶残的人","Try using ""beast"" in a sentence related to 动物学.","700"
"701","categorized-collection","按类型区分（4000词）","动物学","动物学","aquatic","əˈkwætɪk","adj. 水生的；水栖的；水中的","Try using ""aquatic"" in a sentence related to 动物学.","701"
"702","categorized-collection","按类型区分（4000词）","动物学","动物学","amphibian","æmˈfɪbiən","n. 两栖动物","Try using ""amphibian"" in a sentence related to 动物学.","702"
"703","categorized-collection","按类型区分（4000词）","动物学","动物学","migrate","maɪˈɡreɪt","v. 迁移；移居；迁徙","Try using ""migrate"" in a sentence related to 动物学.","703"
"704","categorized-collection","按类型区分（4000词）","动物学","动物学","graze","ɡreɪz","v. 放牧；吃草；擦伤 n. 擦伤","Try using ""graze"" in a sentence related to 动物学.","704"
"705","categorized-collection","按类型区分（4000词）","动物学","动物学","peck","pek","v. 啄；连续敲击；轻吻 n. 啄痕；啄食；轻吻","Try using ""peck"" in a sentence related to 动物学.","705"
"706","categorized-collection","按类型区分（4000词）","动物学","动物学","woodpecker","ˈwʊdpekə(r)","n. 啄木鸟","Try using ""woodpecker"" in a sentence related to 动物学.","706"
"707","categorized-collection","按类型区分（4000词）","动物学","动物学","hibernation","ˌhaɪbəˈneɪʃ(ə)n","n. 冬眠","Try using ""hibernation"" in a sentence related to 动物学.","707"
"708","categorized-collection","按类型区分（4000词）","动物学","动物学","estivation","ˌiːstɪˈveɪʃ(ə)n","n. 夏眠；度夏","Try using ""estivation"" in a sentence related to 动物学.","708"
"709","categorized-collection","按类型区分（4000词）","动物学","动物学","dormancy","ˈdɔːmənsi","n. 休眠；冬眠；蛰伏","Try using ""dormancy"" in a sentence related to 动物学.","709"
"710","categorized-collection","按类型区分（4000词）","动物学","动物学","torpor","ˈtɔːpə(r)","n. 麻木；迟钝；萎靡","Try using ""torpor"" in a sentence related to 动物学.","710"
"711","categorized-collection","按类型区分（4000词）","动物学","动物学","offspring","ˈɒfsprɪŋ","n. 后代；子女；幼苗","Try using ""offspring"" in a sentence related to 动物学.","711"
"712","categorized-collection","按类型区分（4000词）","动物学","动物学","spawn","spɔːn","n. 卵；产物 v. 产卵","Try using ""spawn"" in a sentence related to 动物学.","712"
"713","categorized-collection","按类型区分（4000词）","动物学","动物学","pregnant","ˈpreɡnənt","adj. 怀孕的；妊娠的","Try using ""pregnant"" in a sentence related to 动物学.","713"
"714","categorized-collection","按类型区分（4000词）","动物学","动物学","hatch","hætʃ","v. 孵出；出壳；秘密策划 n. 舱口；小窗口","Try using ""hatch"" in a sentence related to 动物学.","714"
"715","categorized-collection","按类型区分（4000词）","动物学","动物学","domesticate","dəˈmestɪkeɪt","v. 驯养；使爱家；适应家庭生活","Try using ""domesticate"" in a sentence related to 动物学.","715"
"716","categorized-collection","按类型区分（4000词）","动物学","动物学","fertilize","ˈfɜːtəlaɪz","v. 使肥沃；使受精；施肥","Try using ""fertilize"" in a sentence related to 动物学.","716"
"717","categorized-collection","按类型区分（4000词）","动物学","动物学","regeneration","rɪˌdʒenəˈreɪʃ(ə)n","n. 再生；重建","Try using ""regeneration"" in a sentence related to 动物学.","717"
"718","categorized-collection","按类型区分（4000词）","动物学","动物学","reproduce","ˌriːprəˈdjuːs","v. 繁殖；复制","Try using ""reproduce"" in a sentence related to 动物学.","718"
"719","categorized-collection","按类型区分（4000词）","动物学","动物学","squeak","skwiːk","n. 吱吱声；尖叫声 v. 短促而尖厉地叫；吱吱叫","Try using ""squeak"" in a sentence related to 动物学.","719"
"720","categorized-collection","按类型区分（4000词）","动物学","动物学","chirp","tʃɜːp","v. 吱喳而鸣；欢快地高声说话 n. 喳喳声；唧唧声","Try using ""chirp"" in a sentence related to 动物学.","720"
"721","categorized-collection","按类型区分（4000词）","动物学","动物学","camouflage","ˈkæməflɑːʒ","v. 伪装；掩饰 n. 伪装；掩饰","Try using ""camouflage"" in a sentence related to 动物学.","721"
"722","categorized-collection","按类型区分（4000词）","动物学","动物学","extinction","ɪkˈstɪŋkʃ(ə)n","n. 灭绝；消亡","Try using ""extinction"" in a sentence related to 动物学.","722"
"723","categorized-collection","按类型区分（4000词）","动物学","动物学","nest","nest","n. 窝；鸟巢；（能叠放在一起的）一套物件 v. 筑巢；嵌套","Try using ""nest"" in a sentence related to 动物学.","723"
"724","categorized-collection","按类型区分（4000词）","动物学","动物学","niche","niːʃ","n. 理想的工作或生活；商机；壁龛","Try using ""niche"" in a sentence related to 动物学.","724"
"725","categorized-collection","按类型区分（4000词）","动物学","动物学","habitat","ˈhæbɪtæt","n. 栖息地；居留地；产地","Try using ""habitat"" in a sentence related to 动物学.","725"
"726","categorized-collection","按类型区分（4000词）","人物","人物","president","ˈprezɪdənt","n. 总统；总裁；主持人；校长；行长","Try using ""president"" in a sentence related to 人物.","726"
"727","categorized-collection","按类型区分（4000词）","人物","人物","congressman","ˈkɒŋɡrəsmən","n. 国会议员；众议员","Try using ""congressman"" in a sentence related to 人物.","727"
"728","categorized-collection","按类型区分（4000词）","人物","人物","candidate","ˈkændɪdət","n. 候选人；应试者","Try using ""candidate"" in a sentence related to 人物.","728"
"729","categorized-collection","按类型区分（4000词）","人物","人物","opponent","əˈpəʊnənt","n. 对手；反对者；敌手","Try using ""opponent"" in a sentence related to 人物.","729"
"730","categorized-collection","按类型区分（4000词）","人物","人物","advocator","ˈædvəkeɪtə(r)","n. 拥护者；提倡者","Try using ""advocator"" in a sentence related to 人物.","730"
"731","categorized-collection","按类型区分（4000词）","人物","人物","auditor","ˈɔːdɪtə(r)","n. 审计员；（大学课程的）旁听生；（一名）听众","Try using ""auditor"" in a sentence related to 人物.","731"
"732","categorized-collection","按类型区分（4000词）","人物","人物","emperor","ˈempərə(r)","n. 皇帝；帝王","Try using ""emperor"" in a sentence related to 人物.","732"
"733","categorized-collection","按类型区分（4000词）","人物","人物","monarch","ˈmɒnək","n. 君主；帝王","Try using ""monarch"" in a sentence related to 人物.","733"
"734","categorized-collection","按类型区分（4000词）","人物","人物","democrat","ˈdeməkræt","n. 民主主义者；民主党员","Try using ""democrat"" in a sentence related to 人物.","734"
"735","categorized-collection","按类型区分（4000词）","人物","人物","republican","rɪˈpʌblɪkən","adj. 共和国的；共和政体的 n. 共和党人","Try using ""republican"" in a sentence related to 人物.","735"
"736","categorized-collection","按类型区分（4000词）","人物","人物","representative","ˌreprɪˈzentətɪv","n. 代表；典型事物 adj. 典型的；有代表性的；代议制的","Try using ""representative"" in a sentence related to 人物.","736"
"737","categorized-collection","按类型区分（4000词）","人物","人物","delegate","ˈdelɪɡeɪt","v. 委派；授权 n. 代表","Try using ""delegate"" in a sentence related to 人物.","737"
"738","categorized-collection","按类型区分（4000词）","人物","人物","dictator","dɪkˈteɪtə(r)","n. 独裁者；专制者","Try using ""dictator"" in a sentence related to 人物.","738"
"739","categorized-collection","按类型区分（4000词）","人物","人物","autocrat","ˈɔːtəkræt","n. 独裁者","Try using ""autocrat"" in a sentence related to 人物.","739"
"740","categorized-collection","按类型区分（4000词）","人物","人物","aristocrat","ˈærɪstəkræt","n. 贵族","Try using ""aristocrat"" in a sentence related to 人物.","740"
"741","categorized-collection","按类型区分（4000词）","人物","人物","radical","ˈrædɪk(ə)l","adj. 根本的；彻底的；激进的 n. 激进分子","Try using ""radical"" in a sentence related to 人物.","741"
"742","categorized-collection","按类型区分（4000词）","人物","人物","conservative","kənˈsɜːvətɪv","adj. 保守的；守旧的 n. 守旧派；保守主义者","Try using ""conservative"" in a sentence related to 人物.","742"
"743","categorized-collection","按类型区分（4000词）","人物","人物","minister","ˈmɪnɪstə(r)","n. 部长；大臣；牧师","Try using ""minister"" in a sentence related to 人物.","743"
"744","categorized-collection","按类型区分（4000词）","人物","人物","general","ˈdʒenrəl","adj. 总的；普遍的；一般的；大致的；首席的 n. 将军","Try using ""general"" in a sentence related to 人物.","744"
"745","categorized-collection","按类型区分（4000词）","人物","人物","envoy","ˈenvɔɪ","n. 使节；特使；外交使节","Try using ""envoy"" in a sentence related to 人物.","745"
"746","categorized-collection","按类型区分（4000词）","人物","人物","ambassador","æmˈbæsədə(r)","n. 大使","Try using ""ambassador"" in a sentence related to 人物.","746"
"747","categorized-collection","按类型区分（4000词）","人物","人物","consul","ˈkɒns(ə)l","n. 领事","Try using ""consul"" in a sentence related to 人物.","747"
"748","categorized-collection","按类型区分（4000词）","人物","人物","professor","prəˈfesə(r)","n. 教授；导师","Try using ""professor"" in a sentence related to 人物.","748"
"749","categorized-collection","按类型区分（4000词）","人物","人物","lecturer","ˈlektʃərə(r)","n. 演讲者；讲师；授课老师","Try using ""lecturer"" in a sentence related to 人物.","749"
"750","categorized-collection","按类型区分（4000词）","人物","人物","dean","diːn","n. 学院院长；系主任","Try using ""dean"" in a sentence related to 人物.","750"
"751","categorized-collection","按类型区分（4000词）","人物","人物","director","dəˈrektə(r)","n. 指导者；主任；导演；董事","Try using ""director"" in a sentence related to 人物.","751"
"752","categorized-collection","按类型区分（4000词）","人物","人物","chancellor","ˈtʃɑːnsələ(r)","n. 大臣；总理","Try using ""chancellor"" in a sentence related to 人物.","752"
"753","categorized-collection","按类型区分（4000词）","人物","人物","alumnus","əˈlʌmnəs","n. 男毕业生；男校友","Try using ""alumnus"" in a sentence related to 人物.","753"
"754","categorized-collection","按类型区分（4000词）","人物","人物","playwright","ˈpleɪraɪt","n. 剧作家","Try using ""playwright"" in a sentence related to 人物.","754"
"755","categorized-collection","按类型区分（4000词）","人物","人物","mathematician","ˌmæθəməˈtɪʃ(ə)n","n. 数学家","Try using ""mathematician"" in a sentence related to 人物.","755"
"756","categorized-collection","按类型区分（4000词）","人物","人物","astronomer","əˈstrɒnəmə(r)","n. 天文学家","Try using ""astronomer"" in a sentence related to 人物.","756"
"757","categorized-collection","按类型区分（4000词）","人物","人物","botanist","ˈbɒtənɪst","n. 植物学家","Try using ""botanist"" in a sentence related to 人物.","757"
"758","categorized-collection","按类型区分（4000词）","人物","人物","geographer","dʒiˈɒɡrəfə(r)","n. 地理学者","Try using ""geographer"" in a sentence related to 人物.","758"
"759","categorized-collection","按类型区分（4000词）","人物","人物","geologist","dʒiˈɒlədʒɪst","n. 地质学家","Try using ""geologist"" in a sentence related to 人物.","759"
"760","categorized-collection","按类型区分（4000词）","人物","人物","meteorologist","ˌmiːtiəˈrɒlədʒɪst","n. 气象学家","Try using ""meteorologist"" in a sentence related to 人物.","760"
"761","categorized-collection","按类型区分（4000词）","人物","人物","archaeologist","ˌɑːkiˈɒlədʒɪst","n. 考古学家","Try using ""archaeologist"" in a sentence related to 人物.","761"
"762","categorized-collection","按类型区分（4000词）","人物","人物","artist","ˈɑːtɪst","n. 艺术家；画家","Try using ""artist"" in a sentence related to 人物.","762"
"763","categorized-collection","按类型区分（4000词）","人物","人物","artisan","ˌɑːtɪˈzæn","n. 技工；工匠","Try using ""artisan"" in a sentence related to 人物.","763"
"764","categorized-collection","按类型区分（4000词）","人物","人物","inventor","ɪnˈventə(r)","n. 发明家；发明者；创造者","Try using ""inventor"" in a sentence related to 人物.","764"
"765","categorized-collection","按类型区分（4000词）","人物","人物","biographer","baɪˈɒɡrəfə(r)","n. 传记作者","Try using ""biographer"" in a sentence related to 人物.","765"
"766","categorized-collection","按类型区分（4000词）","人物","人物","ecologist","iˈkɒlədʒɪst","n. 生态学家；生态学者","Try using ""ecologist"" in a sentence related to 人物.","766"
"767","categorized-collection","按类型区分（4000词）","人物","人物","critic","ˈkrɪtɪk","n. 评论家；批评者","Try using ""critic"" in a sentence related to 人物.","767"
"768","categorized-collection","按类型区分（4000词）","人物","人物","connoisseur","ˌkɒnəˈsɜː(r)","n. 鉴识家；内行","Try using ""connoisseur"" in a sentence related to 人物.","768"
"769","categorized-collection","按类型区分（4000词）","人物","人物","commentator","ˈkɒmənteɪtə(r)","n. 评论员；解说员","Try using ""commentator"" in a sentence related to 人物.","769"
"770","categorized-collection","按类型区分（4000词）","人物","人物","counsel","ˈkaʊns(ə)l","n. 律师；劝告 v. 提供咨询；劝告","Try using ""counsel"" in a sentence related to 人物.","770"
"771","categorized-collection","按类型区分（4000词）","人物","人物","lawyer","ˈlɔɪə(r)","n. 律师","Try using ""lawyer"" in a sentence related to 人物.","771"
"772","categorized-collection","按类型区分（4000词）","人物","人物","jury","ˈdʒʊəri","n. 陪审团；评委会","Try using ""jury"" in a sentence related to 人物.","772"
"773","categorized-collection","按类型区分（4000词）","人物","人物","attorney","əˈtɜːni","n. 律师；辩护律师；代理人","Try using ""attorney"" in a sentence related to 人物.","773"
"774","categorized-collection","按类型区分（4000词）","人物","人物","solicitor","səˈlɪsɪtə(r)","n. 事务律师；初级律师","Try using ""solicitor"" in a sentence related to 人物.","774"
"775","categorized-collection","按类型区分（4000词）","人物","人物","proxy","ˈprɒksi","n. 代理人；代表；代理权；代理服务器","Try using ""proxy"" in a sentence related to 人物.","775"
"776","categorized-collection","按类型区分（4000词）","人物","人物","agent","ˈeɪdʒənt","n. 代理人；经纪人；动因；特工；（药）剂","Try using ""agent"" in a sentence related to 人物.","776"
"777","categorized-collection","按类型区分（4000词）","人物","人物","deputy","ˈdepjuti","n. 代理人；副手","Try using ""deputy"" in a sentence related to 人物.","777"
"778","categorized-collection","按类型区分（4000词）","人物","人物","arbitrator","ˈɑːbɪtreɪtə(r)","n. 仲裁人；公断人","Try using ""arbitrator"" in a sentence related to 人物.","778"
"779","categorized-collection","按类型区分（4000词）","人物","人物","commander","kəˈmɑːndə(r)","n. 司令官；指挥官","Try using ""commander"" in a sentence related to 人物.","779"
"780","categorized-collection","按类型区分（4000词）","人物","人物","principal","ˈprɪnsəp(ə)l","adj. 最重要的；主要的；本金的 n. 负责人；首长；校长；本金","Try using ""principal"" in a sentence related to 人物.","780"
"781","categorized-collection","按类型区分（4000词）","人物","人物","clergy","ˈklɜːdʒi","n. 神职人员","Try using ""clergy"" in a sentence related to 人物.","781"
"782","categorized-collection","按类型区分（4000词）","人物","人物","crew","kruː","n. 全体船员；全体人员","Try using ""crew"" in a sentence related to 人物.","782"
"783","categorized-collection","按类型区分（4000词）","人物","人物","choreographer","ˌkɒriˈɒɡrəfə(r)","n. 舞蹈指导；编舞者","Try using ""choreographer"" in a sentence related to 人物.","783"
"784","categorized-collection","按类型区分（4000词）","人物","人物","educator","ˈedʒukeɪtə(r)","n. 教育家；教育者","Try using ""educator"" in a sentence related to 人物.","784"
"785","categorized-collection","按类型区分（4000词）","人物","人物","faculty","ˈfæk(ə)lti","n. 才能；能力；全体教员；院系","Try using ""faculty"" in a sentence related to 人物.","785"
"786","categorized-collection","按类型区分（4000词）","人物","人物","aviator","ˈeɪvieɪtə(r)","n. 飞行员；飞机驾驶员","Try using ""aviator"" in a sentence related to 人物.","786"
"787","categorized-collection","按类型区分（4000词）","人物","人物","pilot","ˈpaɪlət","n. 飞行员；驾驶员","Try using ""pilot"" in a sentence related to 人物.","787"
"788","categorized-collection","按类型区分（4000词）","人物","人物","entrepreneur","ˌɒntrəprəˈnɜː(r)","n. 企业家；创业者；承包人","Try using ""entrepreneur"" in a sentence related to 人物.","788"
"789","categorized-collection","按类型区分（4000词）","人物","人物","employee","ɪmˈplɔɪiː","n. 雇员；受雇者","Try using ""employee"" in a sentence related to 人物.","789"
"790","categorized-collection","按类型区分（4000词）","人物","人物","attendant","əˈtendənt","n. 服务人员 adj. 随之而来的","Try using ""attendant"" in a sentence related to 人物.","790"
"791","categorized-collection","按类型区分（4000词）","人物","人物","staff","stɑːf","n. 职员；全体职工；棍棒；拐杖 v. 为…配备职员","Try using ""staff"" in a sentence related to 人物.","791"
"792","categorized-collection","按类型区分（4000词）","人物","人物","proprietor","prəˈpraɪətə(r)","n. 所有者；经营者 ；业主","Try using ""proprietor"" in a sentence related to 人物.","792"
"793","categorized-collection","按类型区分（4000词）","人物","人物","apprentice","əˈprentɪs","n. 学徒；徒弟 v. 使当学徒","Try using ""apprentice"" in a sentence related to 人物.","793"
"794","categorized-collection","按类型区分（4000词）","人物","人物","novice","ˈnɒvɪs","n. 新手；初学者；新信徒","Try using ""novice"" in a sentence related to 人物.","794"
"795","categorized-collection","按类型区分（4000词）","人物","人物","donor","ˈdəʊnə(r)","n. 捐赠者；赠与者","Try using ""donor"" in a sentence related to 人物.","795"
"796","categorized-collection","按类型区分（4000词）","人物","人物","benefactor","ˈbenɪfæktə(r)","n. 恩人；捐助者；赠送者","Try using ""benefactor"" in a sentence related to 人物.","796"
"797","categorized-collection","按类型区分（4000词）","人物","人物","beneficiary","ˌbenɪˈfɪʃəri","n. 受益人","Try using ""beneficiary"" in a sentence related to 人物.","797"
"798","categorized-collection","按类型区分（4000词）","人物","人物","humanitarian","hjuːˌmænɪˈteəriən","n. 人道主义者；慈善家 adj. 人道主义的；慈善的","Try using ""humanitarian"" in a sentence related to 人物.","798"
"799","categorized-collection","按类型区分（4000词）","人物","人物","spectator","spekˈteɪtə(r)","n. 观众；旁观者","Try using ""spectator"" in a sentence related to 人物.","799"
"800","categorized-collection","按类型区分（4000词）","人物","人物","audience","ˈɔːdiəns","n. 观众；听众","Try using ""audience"" in a sentence related to 人物.","800"
"801","categorized-collection","按类型区分（4000词）","人物","人物","resident","ˈrezɪdənt","n. 常住居民 adj. 居住的；常驻的","Try using ""resident"" in a sentence related to 人物.","801"
"802","categorized-collection","按类型区分（4000词）","人物","人物","mortal","ˈmɔːt(ə)l","n. 凡人 adj. 致命的；终有一死的","Try using ""mortal"" in a sentence related to 人物.","802"
"803","categorized-collection","按类型区分（4000词）","人物","人物","believer","bɪˈliːvə(r)","n. 信仰者；信徒；相信…者","Try using ""believer"" in a sentence related to 人物.","803"
"804","categorized-collection","按类型区分（4000词）","人物","人物","fanatic","fəˈnætɪk","adj. 狂热入迷的；盲信的 n. 狂热者；盲信者","Try using ""fanatic"" in a sentence related to 人物.","804"
"805","categorized-collection","按类型区分（4000词）","人物","人物","atheist","ˈeɪθiɪst","n. 无神论者","Try using ""atheist"" in a sentence related to 人物.","805"
"806","categorized-collection","按类型区分（4000词）","人物","人物","adherent","ədˈhɪərənt","n. 拥护者；信徒 adj. 黏附…的","Try using ""adherent"" in a sentence related to 人物.","806"
"807","categorized-collection","按类型区分（4000词）","人物","人物","disciple","dɪˈsaɪp(ə)l","n. 信徒；弟子；门徒","Try using ""disciple"" in a sentence related to 人物.","807"
"808","categorized-collection","按类型区分（4000词）","人物","人物","zealot","ˈzelət","n. 热心者；狂热者","Try using ""zealot"" in a sentence related to 人物.","808"
"809","categorized-collection","按类型区分（4000词）","人物","人物","assassin","əˈsæsɪn","n. 暗杀者；刺客","Try using ""assassin"" in a sentence related to 人物.","809"
"810","categorized-collection","按类型区分（4000词）","人物","人物","burglar","ˈbɜːɡlə(r)","n. 窃贼；夜盗","Try using ""burglar"" in a sentence related to 人物.","810"
"811","categorized-collection","按类型区分（4000词）","人物","人物","bandit","ˈbændɪt","n. 强盗；土匪；盗匪","Try using ""bandit"" in a sentence related to 人物.","811"
"812","categorized-collection","按类型区分（4000词）","人物","人物","barbarian","bɑːˈbeəriən","n. 野蛮人 adj. 野蛮的","Try using ""barbarian"" in a sentence related to 人物.","812"
"813","categorized-collection","按类型区分（4000词）","人物","人物","exile","ˈeksaɪl","n. 流放；放逐；流亡 v. 流放；放逐；流亡","Try using ""exile"" in a sentence related to 人物.","813"
"814","categorized-collection","按类型区分（4000词）","人物","人物","rebel","rɪˈbel","v. 反抗；造反 n. 叛逆者；造反者","Try using ""rebel"" in a sentence related to 人物.","814"
"815","categorized-collection","按类型区分（4000词）","人物","人物","foe","fəʊ","n. 敌人；仇敌","Try using ""foe"" in a sentence related to 人物.","815"
"816","categorized-collection","按类型区分（4000词）","人物","人物","figurehead","ˈfɪɡəhed","n. 装饰船头的人像；傀儡领袖；有名无实的首脑","Try using ""figurehead"" in a sentence related to 人物.","816"
"817","categorized-collection","按类型区分（4000词）","人物","人物","malcontent","ˈmælkəntent","adj. 不满的；不服的 n. 不满现状的人；反抗者","Try using ""malcontent"" in a sentence related to 人物.","817"
"818","categorized-collection","按类型区分（4000词）","人物","人物","skeptic","ˈskeptɪk","n. 怀疑论者；怀疑宗教主张的人；无神论者","Try using ""skeptic"" in a sentence related to 人物.","818"
"819","categorized-collection","按类型区分（4000词）","人物","人物","feminist","ˈfemənɪst","n. 女权主义者 adj. 女权主义的","Try using ""feminist"" in a sentence related to 人物.","819"
"820","categorized-collection","按类型区分（4000词）","人物","人物","superior","suːˈpɪəriə(r)","adj. 更好的；有优越感的；上级的 n. 上级；上司","Try using ""superior"" in a sentence related to 人物.","820"
"821","categorized-collection","按类型区分（4000词）","人物","人物","inferior","ɪnˈfɪəriə(r)","adj. 较差的；次等的；下级的","Try using ""inferior"" in a sentence related to 人物.","821"
"822","categorized-collection","按类型区分（4000词）","人物","人物","subordinate","səˈbɔːdɪnət","adj. 次要的；附属的 n. 下属；从属物 v. 使居于次要","Try using ""subordinate"" in a sentence related to 人物.","822"
"823","categorized-collection","按类型区分（4000词）","人物","人物","angular","ˈæŋɡjələ(r)","adj. 角的；有角的；尖角的；瘦骨嶙峋的","Try using ""angular"" in a sentence related to 人物.","823"
"824","categorized-collection","按类型区分（4000词）","人物","人物","co-worker","ˈkəʊ wɜːkə(r)","n. 同事；共同工作者","Try using ""co-worker"" in a sentence related to 人物.","824"
"825","categorized-collection","按类型区分（4000词）","考古学","考古学","archaeology","ˌɑːkiˈɒlədʒi","n. 考古学","Try using ""archaeology"" in a sentence related to 考古学.","825"
"826","categorized-collection","按类型区分（4000词）","考古学","考古学","artifact","ˈɑːtɪfækt","n. 人工制品；手工艺品；加工品","Try using ""artifact"" in a sentence related to 考古学.","826"
"827","categorized-collection","按类型区分（4000词）","考古学","考古学","relic","ˈrelɪk","n. 遗迹；遗物；遗风；纪念物","Try using ""relic"" in a sentence related to 考古学.","827"
"828","categorized-collection","按类型区分（4000词）","考古学","考古学","skull","skʌl","n. 颅骨；头骨","Try using ""skull"" in a sentence related to 考古学.","828"
"829","categorized-collection","按类型区分（4000词）","考古学","考古学","antique","ænˈtiːk","n. 古董；古代文物 adj. 古老的；过时的","Try using ""antique"" in a sentence related to 考古学.","829"
"830","categorized-collection","按类型区分（4000词）","考古学","考古学","antiquity","ænˈtɪkwəti","n. 古代；古迹；古老","Try using ""antiquity"" in a sentence related to 考古学.","830"
"831","categorized-collection","按类型区分（4000词）","考古学","考古学","remains","rɪˈmeɪnz","n. 遗迹；残余；遗体 v. 剩下；留下；依然不变；“remain”的第三人称单数","Try using ""remains"" in a sentence related to 考古学.","831"
"832","categorized-collection","按类型区分（4000词）","考古学","考古学","remnant","ˈremnənt","n. 剩余；残余部分；零头布料 adj. 残留的","Try using ""remnant"" in a sentence related to 考古学.","832"
"833","categorized-collection","按类型区分（4000词）","考古学","考古学","remainder","rɪˈmeɪndə(r)","n. 剩余物；其余的人；余数 v. 廉价出售","Try using ""remainder"" in a sentence related to 考古学.","833"
"834","categorized-collection","按类型区分（4000词）","考古学","考古学","residue","ˈrezɪdjuː","n. 残渣；剩余物","Try using ""residue"" in a sentence related to 考古学.","834"
"835","categorized-collection","按类型区分（4000词）","考古学","考古学","vestige","ˈvestɪdʒ","n. 遗迹；残余；丝毫","Try using ""vestige"" in a sentence related to 考古学.","835"
"836","categorized-collection","按类型区分（4000词）","考古学","考古学","trace","treɪs","n. 痕迹；轨迹；微量；追踪 v. 追踪；追溯；仔细查找；描摹","Try using ""trace"" in a sentence related to 考古学.","836"
"837","categorized-collection","按类型区分（4000词）","考古学","考古学","primitive","ˈprɪmətɪv","adj. 原始的；简陋的","Try using ""primitive"" in a sentence related to 考古学.","837"
"838","categorized-collection","按类型区分（4000词）","考古学","考古学","prehistoric","ˌpriːhɪˈstɒrɪk","adj. 史前的；陈旧的","Try using ""prehistoric"" in a sentence related to 考古学.","838"
"839","categorized-collection","按类型区分（4000词）","考古学","考古学","archaic","ɑːˈkeɪɪk","adj. 古老的；过时的","Try using ""archaic"" in a sentence related to 考古学.","839"
"840","categorized-collection","按类型区分（4000词）","考古学","考古学","primordial","praɪˈmɔːdiəl","adj. 原始的；远古的；最初的","Try using ""primordial"" in a sentence related to 考古学.","840"
"841","categorized-collection","按类型区分（4000词）","考古学","考古学","medieval","ˌmediˈiːv(ə)l","adj. 中世纪的；中古的","Try using ""medieval"" in a sentence related to 考古学.","841"
"842","categorized-collection","按类型区分（4000词）","考古学","考古学","primeval","praɪˈmiːv(ə)l","adj. 远古的；原始的；出于原始天性的","Try using ""primeval"" in a sentence related to 考古学.","842"
"843","categorized-collection","按类型区分（4000词）","考古学","考古学","originate","əˈrɪdʒɪneɪt","v. 起源；发源；创始","Try using ""originate"" in a sentence related to 考古学.","843"
"844","categorized-collection","按类型区分（4000词）","考古学","考古学","chronological","ˌkrɒnəˈlɒdʒɪk(ə)l","adj. 按时间先后顺序排列的","Try using ""chronological"" in a sentence related to 考古学.","844"
"845","categorized-collection","按类型区分（4000词）","考古学","考古学","Paleolithic","ˌpeɪliːəˈlɪθɪk","adj. 旧石器时代的","Try using ""Paleolithic"" in a sentence related to 考古学.","845"
"846","categorized-collection","按类型区分（4000词）","考古学","考古学","Mesolithic","ˌmesəʊˈlɪθɪk","n. 中石器时代（旧石器时代与新石器时代之间的时代） adj. 中石器时代的","Try using ""Mesolithic"" in a sentence related to 考古学.","846"
"847","categorized-collection","按类型区分（4000词）","考古学","考古学","neolithic","niːəʊˈlɪθɪk","adj. 新石器时代的","Try using ""neolithic"" in a sentence related to 考古学.","847"
"848","categorized-collection","按类型区分（4000词）","考古学","考古学","excavation","ˌekskəˈveɪʃ(ə)n","n. 挖掘；发掘","Try using ""excavation"" in a sentence related to 考古学.","848"
"849","categorized-collection","按类型区分（4000词）","考古学","考古学","excavate","ˈekskəveɪt","v. 挖掘；发掘","Try using ""excavate"" in a sentence related to 考古学.","849"
"850","categorized-collection","按类型区分（4000词）","考古学","考古学","exhume","eksˈhjuːm","v. （为检查死因）掘出（尸首）","Try using ""exhume"" in a sentence related to 考古学.","850"
"851","categorized-collection","按类型区分（4000词）","考古学","考古学","unearth","ʌnˈɜːθ","v. 掘出；挖掘；揭露","Try using ""unearth"" in a sentence related to 考古学.","851"
"852","categorized-collection","按类型区分（4000词）","考古学","考古学","scoop","skuːp","n. 勺子；球型勺；长柄勺；独家新闻 v. 用勺舀；挖空；抢先获得","Try using ""scoop"" in a sentence related to 考古学.","852"
"853","categorized-collection","按类型区分（4000词）","考古学","考古学","disclosure","dɪsˈkləʊʒə(r)","n. 揭露；泄露；公开","Try using ""disclosure"" in a sentence related to 考古学.","853"
"854","categorized-collection","按类型区分（4000词）","考古学","考古学","invaluable","ɪnˈvæljuəb(ə)l","adj. 无价的；非常宝贵的","Try using ""invaluable"" in a sentence related to 考古学.","854"
"855","categorized-collection","按类型区分（4000词）","考古学","考古学","precious","ˈpreʃəs","adj. 珍贵的；宝贵的","Try using ""precious"" in a sentence related to 考古学.","855"
"856","categorized-collection","按类型区分（4000词）","医学","医学","forensic","fəˈrenzɪk","adj. 法庭的；法医的","Try using ""forensic"" in a sentence related to 医学.","856"
"857","categorized-collection","按类型区分（4000词）","医学","医学","physician","fɪˈzɪʃ(ə)n","n. 医生；内科医生","Try using ""physician"" in a sentence related to 医学.","857"
"858","categorized-collection","按类型区分（4000词）","医学","医学","pediatrician","ˌpiːdiəˈtrɪʃ(ə)n","n. 儿科医生","Try using ""pediatrician"" in a sentence related to 医学.","858"
"859","categorized-collection","按类型区分（4000词）","医学","医学","gynecologist","ˌɡaɪnəˈkɒlədʒɪst","n. 妇科医生","Try using ""gynecologist"" in a sentence related to 医学.","859"
"860","categorized-collection","按类型区分（4000词）","医学","医学","psychiatrist","saɪˈkaɪətrɪst","n. 精神病学家；精神科医生","Try using ""psychiatrist"" in a sentence related to 医学.","860"
"861","categorized-collection","按类型区分（4000词）","医学","医学","neurologist","njʊəˈrɒlədʒɪst","n. 神经病学家；神经科专门医师","Try using ""neurologist"" in a sentence related to 医学.","861"
"862","categorized-collection","按类型区分（4000词）","医学","医学","dentist","ˈdentɪst","n. 牙科医生","Try using ""dentist"" in a sentence related to 医学.","862"
"863","categorized-collection","按类型区分（4000词）","医学","医学","surgeon","ˈsɜːdʒən","n. 外科医生","Try using ""surgeon"" in a sentence related to 医学.","863"
"864","categorized-collection","按类型区分（4000词）","医学","医学","sanatorium","ˌsænəˈtɔːriəm","n. 疗养院；休养地","Try using ""sanatorium"" in a sentence related to 医学.","864"
"865","categorized-collection","按类型区分（4000词）","医学","医学","hygiene","ˈhaɪdʒiːn","n. 卫生；卫生学","Try using ""hygiene"" in a sentence related to 医学.","865"
"866","categorized-collection","按类型区分（4000词）","医学","医学","clinic","ˈklɪnɪk","n. 诊所；诊科","Try using ""clinic"" in a sentence related to 医学.","866"
"867","categorized-collection","按类型区分（4000词）","医学","医学","ailment","ˈeɪlmənt","n. 轻病；小恙","Try using ""ailment"" in a sentence related to 医学.","867"
"868","categorized-collection","按类型区分（4000词）","医学","医学","indisposition","ˌɪndɪspəˈzɪʃ(ə)n","n. 小病；不舒服；厌恶","Try using ""indisposition"" in a sentence related to 医学.","868"
"869","categorized-collection","按类型区分（4000词）","医学","医学","affection","əˈfekʃ(ə)n","n. 钟爱；喜爱","Try using ""affection"" in a sentence related to 医学.","869"
"870","categorized-collection","按类型区分（4000词）","医学","医学","ulcer","ˈʌlsə(r)","n. 溃疡；社会弊病","Try using ""ulcer"" in a sentence related to 医学.","870"
"871","categorized-collection","按类型区分（4000词）","医学","医学","vaccinate","ˈvæksɪneɪt","v. 接种疫苗；预防接种","Try using ""vaccinate"" in a sentence related to 医学.","871"
"872","categorized-collection","按类型区分（4000词）","医学","医学","chilblain","ˈtʃɪlbleɪn","n. [外科] 冻疮","Try using ""chilblain"" in a sentence related to 医学.","872"
"873","categorized-collection","按类型区分（4000词）","医学","医学","fracture","ˈfræktʃə(r)","n. 破裂；骨折 v. （使）断裂；（使）骨折；（使）分裂","Try using ""fracture"" in a sentence related to 医学.","873"
"874","categorized-collection","按类型区分（4000词）","医学","医学","diagnosis","ˌdaɪəɡˈnəʊsɪs","n. 诊断","Try using ""diagnosis"" in a sentence related to 医学.","874"
"875","categorized-collection","按类型区分（4000词）","医学","医学","incubation","ˌɪŋkjuˈbeɪʃ(ə)n","n. 孵化；潜伏期","Try using ""incubation"" in a sentence related to 医学.","875"
"876","categorized-collection","按类型区分（4000词）","医学","医学","symptom","ˈsɪmptəm","n. 征兆；症状","Try using ""symptom"" in a sentence related to 医学.","876"
"877","categorized-collection","按类型区分（4000词）","医学","医学","relapse","rɪˈlæps","v. 复发；再陷入；故态复萌 n. 再发；重陷；故态复萌","Try using ""relapse"" in a sentence related to 医学.","877"
"878","categorized-collection","按类型区分（4000词）","医学","医学","epidemic","ˌepɪˈdemɪk","n. 流行病 adj. 流行性的","Try using ""epidemic"" in a sentence related to 医学.","878"
"879","categorized-collection","按类型区分（4000词）","医学","医学","contagion","kənˈteɪdʒən","n. 接触传染病；传染；歪风；蔓延","Try using ""contagion"" in a sentence related to 医学.","879"
"880","categorized-collection","按类型区分（4000词）","医学","医学","coma","ˈkəʊmə","n. 昏迷","Try using ""coma"" in a sentence related to 医学.","880"
"881","categorized-collection","按类型区分（4000词）","医学","医学","treatment","ˈtriːtmənt","n. 治疗；处理；待遇","Try using ""treatment"" in a sentence related to 医学.","881"
"882","categorized-collection","按类型区分（4000词）","医学","医学","anemia","əˈniːmiə","n. 贫血（症）","Try using ""anemia"" in a sentence related to 医学.","882"
"883","categorized-collection","按类型区分（4000词）","医学","医学","appendicitis","əˌpendəˈsaɪtɪs","n. 阑尾炎；盲肠炎","Try using ""appendicitis"" in a sentence related to 医学.","883"
"884","categorized-collection","按类型区分（4000词）","医学","医学","arthritis","ɑːˈθraɪtɪs","n. 关节炎","Try using ""arthritis"" in a sentence related to 医学.","884"
"885","categorized-collection","按类型区分（4000词）","医学","医学","bronchitis","brɒŋˈkaɪtɪs","n. 支气管炎","Try using ""bronchitis"" in a sentence related to 医学.","885"
"886","categorized-collection","按类型区分（4000词）","医学","医学","diabetes","ˌdaɪəˈbiːtiːz","n. 糖尿病；多尿症","Try using ""diabetes"" in a sentence related to 医学.","886"
"887","categorized-collection","按类型区分（4000词）","医学","医学","indigestion","ˌɪndɪˈdʒestʃən","n. 消化不良（症）","Try using ""indigestion"" in a sentence related to 医学.","887"
"888","categorized-collection","按类型区分（4000词）","医学","医学","influenza","ˌɪnfluˈenzə","n. 流感；流行性感冒","Try using ""influenza"" in a sentence related to 医学.","888"
"889","categorized-collection","按类型区分（4000词）","医学","医学","malnutrition","ˌmælnjuˈtrɪʃ(ə)n","n. 营养不良","Try using ""malnutrition"" in a sentence related to 医学.","889"
"890","categorized-collection","按类型区分（4000词）","医学","医学","pneumonia","njuːˈməʊniə","n. 肺炎","Try using ""pneumonia"" in a sentence related to 医学.","890"
"891","categorized-collection","按类型区分（4000词）","医学","医学","rabies","ˈreɪbiːz","n. 狂犬病","Try using ""rabies"" in a sentence related to 医学.","891"
"892","categorized-collection","按类型区分（4000词）","医学","医学","smallpox","ˈsmɔːlpɒks","n. 天花；天花病毒","Try using ""smallpox"" in a sentence related to 医学.","892"
"893","categorized-collection","按类型区分（4000词）","医学","医学","anesthesia","ˌænəsˈθiːziə","n. 麻醉；感觉缺失","Try using ""anesthesia"" in a sentence related to 医学.","893"
"894","categorized-collection","按类型区分（4000词）","医学","医学","transplant","trænsˈplɑːnt","v. 移栽；移植 n. 移植","Try using ""transplant"" in a sentence related to 医学.","894"
"895","categorized-collection","按类型区分（4000词）","医学","医学","bandage","ˈbændɪdʒ","n. 绷带 v. 用绷带包扎","Try using ""bandage"" in a sentence related to 医学.","895"
"896","categorized-collection","按类型区分（4000词）","医学","医学","acupuncture","ˈækjupʌŋktʃə(r)","n. 针刺疗法 v. 对…施行针刺疗法","Try using ""acupuncture"" in a sentence related to 医学.","896"
"897","categorized-collection","按类型区分（4000词）","医学","医学","contagious","kənˈteɪdʒəs","adj. 传染性的；有感染力的","Try using ""contagious"" in a sentence related to 医学.","897"
"898","categorized-collection","按类型区分（4000词）","医学","医学","catching","ˈkætʃɪŋ","v. 捕捉；“catch”的现在分词 adj. 有传染性的","Try using ""catching"" in a sentence related to 医学.","898"
"899","categorized-collection","按类型区分（4000词）","医学","医学","infect","ɪnˈfekt","v. 传染；感染","Try using ""infect"" in a sentence related to 医学.","899"
"900","categorized-collection","按类型区分（4000词）","医学","医学","infectious","ɪnˈfekʃəs","adj. 传染性的；有感染力的","Try using ""infectious"" in a sentence related to 医学.","900"
"901","categorized-collection","按类型区分（4000词）","医学","医学","contract","ˈkɒntrækt","n. 合同；契约 v. （使）收缩；订合同；感染","Try using ""contract"" in a sentence related to 医学.","901"
"902","categorized-collection","按类型区分（4000词）","医学","医学","acute","əˈkjuːt","adj. 敏锐的；灵敏的；急性的；严重的；成锐角的","Try using ""acute"" in a sentence related to 医学.","902"
"903","categorized-collection","按类型区分（4000词）","医学","医学","chronicle","ˈkrɒnɪk(ə)l","n. 编年史；年代记 v. 按时间顺序记录","Try using ""chronicle"" in a sentence related to 医学.","903"
"904","categorized-collection","按类型区分（4000词）","医学","医学","morbid","ˈmɔːbɪd","adj. 病态的；心理不健康的","Try using ""morbid"" in a sentence related to 医学.","904"
"905","categorized-collection","按类型区分（4000词）","医学","医学","unconscious","ʌnˈkɒnʃəs","adj. 无知觉的；无意识的","Try using ""unconscious"" in a sentence related to 医学.","905"
"906","categorized-collection","按类型区分（4000词）","医学","医学","fragile","ˈfrædʒaɪl","adj. 易碎的；不牢固的；脆弱的","Try using ""fragile"" in a sentence related to 医学.","906"
"907","categorized-collection","按类型区分（4000词）","医学","医学","susceptible","səˈseptəb(ə)l","adj. 易受影响的；易动感情的","Try using ""susceptible"" in a sentence related to 医学.","907"
"908","categorized-collection","按类型区分（4000词）","医学","医学","malady","ˈmælədi","n. 疾病；弊病","Try using ""malady"" in a sentence related to 医学.","908"
"909","categorized-collection","按类型区分（4000词）","医学","医学","corpse","kɔːps","n. 尸体","Try using ""corpse"" in a sentence related to 医学.","909"
"910","categorized-collection","按类型区分（4000词）","医学","医学","tingle","ˈtɪŋɡl","v. 感到刺痛；强烈地感到 n. 刺痛感；激动感","Try using ""tingle"" in a sentence related to 医学.","910"
"911","categorized-collection","按类型区分（4000词）","医学","医学","bruise","bruːz","v. 挫伤；擦伤；（使）出现伤痕 n. 伤痕；擦伤；瘀伤","Try using ""bruise"" in a sentence related to 医学.","911"
"912","categorized-collection","按类型区分（4000词）","医学","医学","fester","ˈfestə(r)","v. 化脓；溃烂；腐烂；恶化","Try using ""fester"" in a sentence related to 医学.","912"
"913","categorized-collection","按类型区分（4000词）","医学","医学","intoxicate","ɪnˈtɒksɪkeɪt","v. 使中毒；使醉；使 ...陶醉","Try using ""intoxicate"" in a sentence related to 医学.","913"
"914","categorized-collection","按类型区分（4000词）","医学","医学","survive","səˈvaɪv","v. 幸存；生存；存活；艰难挺过","Try using ""survive"" in a sentence related to 医学.","914"
"915","categorized-collection","按类型区分（4000词）","医学","医学","inject","ɪnˈdʒekt","v. 注射；注入","Try using ""inject"" in a sentence related to 医学.","915"
"916","categorized-collection","按类型区分（4000词）","医学","医学","remedy","ˈremədi","n. 疗法；纠正办法 v. 纠正；治疗","Try using ""remedy"" in a sentence related to 医学.","916"
"917","categorized-collection","按类型区分（4000词）","医学","医学","prescription","prɪˈskrɪpʃ(ə)n","n. 处方；药方","Try using ""prescription"" in a sentence related to 医学.","917"
"918","categorized-collection","按类型区分（4000词）","医学","医学","dissect","dɪˈsekt","v. 解剖；剖析；仔细分析","Try using ""dissect"" in a sentence related to 医学.","918"
"919","categorized-collection","按类型区分（4000词）","医学","医学","sterile","ˈsteraɪl","adj. 不能生育的；无菌的；贫瘠的","Try using ""sterile"" in a sentence related to 医学.","919"
"920","categorized-collection","按类型区分（4000词）","医学","医学","anatomy","əˈnætəmi","n. 解剖学；解剖；解剖体组织构造","Try using ""anatomy"" in a sentence related to 医学.","920"
"921","categorized-collection","按类型区分（4000词）","医学","医学","sanitation","ˌsænɪˈteɪʃ(ə)n","n. 公共卫生；卫生设施","Try using ""sanitation"" in a sentence related to 医学.","921"
"922","categorized-collection","按类型区分（4000词）","医学","医学","sustenance","ˈsʌstənəns","n. 食物；营养；维持生计","Try using ""sustenance"" in a sentence related to 医学.","922"
"923","categorized-collection","按类型区分（4000词）","医学","医学","nutrition","njuˈtrɪʃ(ə)n","n. 营养；滋养","Try using ""nutrition"" in a sentence related to 医学.","923"
"924","categorized-collection","按类型区分（4000词）","医学","医学","malnourished","ˌmælˈnʌrɪʃt","adj. 营养失调的；营养不良的","Try using ""malnourished"" in a sentence related to 医学.","924"
"925","categorized-collection","按类型区分（4000词）","政治","政治","welfare","ˈwelfeə(r)","n. 福利；社会救济","Try using ""welfare"" in a sentence related to 政治.","925"
"926","categorized-collection","按类型区分（4000词）","政治","政治","vote","vəʊt","n. 选票；表决；得票数 v. 投票；选举","Try using ""vote"" in a sentence related to 政治.","926"
"927","categorized-collection","按类型区分（4000词）","政治","政治","veto","ˈviːtəʊ","n. 否决；否决权 v. 否决","Try using ""veto"" in a sentence related to 政治.","927"
"928","categorized-collection","按类型区分（4000词）","政治","政治","rejection","rɪˈdʒekʃ(ə)n","n. 拒绝；否决；拒斥","Try using ""rejection"" in a sentence related to 政治.","928"
"929","categorized-collection","按类型区分（4000词）","政治","政治","embargo","ɪmˈbɑːɡəʊ","n. 禁止贸易令；禁运 v. 禁止…的贸易；禁运","Try using ""embargo"" in a sentence related to 政治.","929"
"930","categorized-collection","按类型区分（4000词）","政治","政治","sanction","ˈsæŋkʃ(ə)n","n. 批准；允许；认可；制裁；处罚 v. 批准；认可；制裁；处罚","Try using ""sanction"" in a sentence related to 政治.","930"
"931","categorized-collection","按类型区分（4000词）","政治","政治","scandal","ˈskænd(ə)l","n. 丑闻；丑行","Try using ""scandal"" in a sentence related to 政治.","931"
"932","categorized-collection","按类型区分（4000词）","政治","政治","strike","straɪk","v. 击打；罢工；侵袭；突然想到；划（火柴） n. 罢工；袭击","Try using ""strike"" in a sentence related to 政治.","932"
"933","categorized-collection","按类型区分（4000词）","政治","政治","parade","pəˈreɪd","n. 游行；阅兵 v. 游行；阅兵","Try using ""parade"" in a sentence related to 政治.","933"
"934","categorized-collection","按类型区分（4000词）","政治","政治","petition","pəˈtɪʃ(ə)n","v. 请求；请愿；祈求 n. 请愿书；祈求；诉状","Try using ""petition"" in a sentence related to 政治.","934"
"935","categorized-collection","按类型区分（4000词）","政治","政治","procession","prəˈseʃ(ə)n","n. 行列；队伍","Try using ""procession"" in a sentence related to 政治.","935"
"936","categorized-collection","按类型区分（4000词）","政治","政治","indignity","ɪnˈdɪɡnəti","n. 侮辱；侮辱性言行","Try using ""indignity"" in a sentence related to 政治.","936"
"937","categorized-collection","按类型区分（4000词）","政治","政治","municipal","mjuːˈnɪsɪp(ə)l","adj. 市的；市政的","Try using ""municipal"" in a sentence related to 政治.","937"
"938","categorized-collection","按类型区分（4000词）","政治","政治","ignominy","ˈɪɡnəmɪni","n. 耻辱；屈辱；名誉受损","Try using ""ignominy"" in a sentence related to 政治.","938"
"939","categorized-collection","按类型区分（4000词）","政治","政治","domain","dəˈmeɪn","n. 领地；范围；领域","Try using ""domain"" in a sentence related to 政治.","939"
"940","categorized-collection","按类型区分（4000词）","政治","政治","territory","ˈterətri","n. 领土；领域","Try using ""territory"" in a sentence related to 政治.","940"
"941","categorized-collection","按类型区分（4000词）","政治","政治","kingdom","ˈkɪŋdəm","n. 王国","Try using ""kingdom"" in a sentence related to 政治.","941"
"942","categorized-collection","按类型区分（4000词）","政治","政治","realm","relm","n. 领域；王国","Try using ""realm"" in a sentence related to 政治.","942"
"943","categorized-collection","按类型区分（4000词）","政治","政治","sovereign","ˈsɒvrɪn","n. 最高统治者；君主；元首 adj. 独立自主的；拥有最高统治权的","Try using ""sovereign"" in a sentence related to 政治.","943"
"944","categorized-collection","按类型区分（4000词）","政治","政治","autonomy","ɔːˈtɒnəmi","n. 自治；自主权；自治权","Try using ""autonomy"" in a sentence related to 政治.","944"
"945","categorized-collection","按类型区分（4000词）","政治","政治","self-government","ˌself ˈɡʌvənmənt","n. 自治；政治独立；自制；克己","Try using ""self-government"" in a sentence related to 政治.","945"
"946","categorized-collection","按类型区分（4000词）","政治","政治","commission","kəˈmɪʃ(ə)n","n. 委员会；佣金 v. 委托；委任","Try using ""commission"" in a sentence related to 政治.","946"
"947","categorized-collection","按类型区分（4000词）","政治","政治","committee","kəˈmɪti","n. 委员会","Try using ""committee"" in a sentence related to 政治.","947"
"948","categorized-collection","按类型区分（4000词）","政治","政治","regimen","ˈredʒɪmən","n. 养生之道","Try using ""regimen"" in a sentence related to 政治.","948"
"949","categorized-collection","按类型区分（4000词）","政治","政治","regime","reɪˈʒiːm","n. 政权；管理制度","Try using ""regime"" in a sentence related to 政治.","949"
"950","categorized-collection","按类型区分（4000词）","政治","政治","election","ɪˈlekʃ(ə)n","n. 选举；当选","Try using ""election"" in a sentence related to 政治.","950"
"951","categorized-collection","按类型区分（4000词）","政治","政治","ballot","ˈbælət","v. 进行无记名投票 n. 无记名投票","Try using ""ballot"" in a sentence related to 政治.","951"
"952","categorized-collection","按类型区分（4000词）","政治","政治","ideology","ˌaɪdiˈɒlədʒi","n. 意识形态；思想体系","Try using ""ideology"" in a sentence related to 政治.","952"
"953","categorized-collection","按类型区分（4000词）","政治","政治","privilege","ˈprɪvəlɪdʒ","n. 特权；荣幸 v. 给予特权；特殊对待","Try using ""privilege"" in a sentence related to 政治.","953"
"954","categorized-collection","按类型区分（4000词）","政治","政治","dispensation","ˌdɪspenˈseɪʃ(ə)n","n. （尤指宗教领袖给予的）豁免；特许；分配；制度","Try using ""dispensation"" in a sentence related to 政治.","954"
"955","categorized-collection","按类型区分（4000词）","政治","政治","authority","ɔːˈθɒrəti","n. 权威；权威人士；权力；当局；官方机构","Try using ""authority"" in a sentence related to 政治.","955"
"956","categorized-collection","按类型区分（4000词）","政治","政治","authoritative","ɔːˈθɒrətətɪv","adj. 权威性的；命令式的","Try using ""authoritative"" in a sentence related to 政治.","956"
"957","categorized-collection","按类型区分（4000词）","政治","政治","senate","ˈsenət","n. 参议院","Try using ""senate"" in a sentence related to 政治.","957"
"958","categorized-collection","按类型区分（4000词）","政治","政治","congress","ˈkɒŋɡres","n. 代表大会；议会；国会","Try using ""congress"" in a sentence related to 政治.","958"
"959","categorized-collection","按类型区分（4000词）","政治","政治","factious","ˈfækʃəs","adj. 派系的；与派系相关的；好争论的","Try using ""factious"" in a sentence related to 政治.","959"
"960","categorized-collection","按类型区分（4000词）","政治","政治","partisan","ˈpɑːtɪzæn","adj. 偏袒的；党派性的 n. 强烈支持者；党羽；游击队员","Try using ""partisan"" in a sentence related to 政治.","960"
"961","categorized-collection","按类型区分（4000词）","政治","政治","diplomatic","ˌdɪpləˈmætɪk","adj. 外交的；有交际手段的","Try using ""diplomatic"" in a sentence related to 政治.","961"
"962","categorized-collection","按类型区分（4000词）","政治","政治","diplomacy","dɪˈpləʊməsi","n. 外交；外交手腕；交际手段","Try using ""diplomacy"" in a sentence related to 政治.","962"
"963","categorized-collection","按类型区分（4000词）","政治","政治","confederate","kənˈfedərət","adj. 同盟的；联合的 n. 同盟者；同伙；合谋者 v. （使）结盟；（使）联合","Try using ""confederate"" in a sentence related to 政治.","963"
"964","categorized-collection","按类型区分（4000词）","政治","政治","confederacy","kənˈfedərəsi","n. 同盟；联盟；联邦","Try using ""confederacy"" in a sentence related to 政治.","964"
"965","categorized-collection","按类型区分（4000词）","政治","政治","league","liːɡ","n. 联盟；同盟 v. （使）结盟","Try using ""league"" in a sentence related to 政治.","965"
"966","categorized-collection","按类型区分（4000词）","政治","政治","affiliate","əˈfɪlieɪt","v. 隶属于；并入；加入 n. 分公司；附属机构","Try using ""affiliate"" in a sentence related to 政治.","966"
"967","categorized-collection","按类型区分（4000词）","政治","政治","unconventional","ˌʌnkənˈvenʃən(ə)l","adj. 不合常规的；不符合惯例的；不寻常的","Try using ""unconventional"" in a sentence related to 政治.","967"
"968","categorized-collection","按类型区分（4000词）","政治","政治","dictatorial","ˌdɪktəˈtɔːriəl","adj. 独裁的；专断的","Try using ""dictatorial"" in a sentence related to 政治.","968"
"969","categorized-collection","按类型区分（4000词）","政治","政治","dictatorship","ˌdɪkˈteɪtəʃɪp","n. 独裁；专政；独裁政府；独裁国家","Try using ""dictatorship"" in a sentence related to 政治.","969"
"970","categorized-collection","按类型区分（4000词）","政治","政治","domestic","dəˈmestɪk","adj. 家庭的；国内的；驯养的 n. 佣人","Try using ""domestic"" in a sentence related to 政治.","970"
"971","categorized-collection","按类型区分（4000词）","政治","政治","centralize","ˈsentrəlaɪz","v. 集中；形成中心；中央集权","Try using ""centralize"" in a sentence related to 政治.","971"
"972","categorized-collection","按类型区分（4000词）","政治","政治","federal","ˈfedərəl","adj. 联邦的；联邦制的；联邦政府的","Try using ""federal"" in a sentence related to 政治.","972"
"973","categorized-collection","按类型区分（4000词）","政治","政治","democracy","dɪˈmɒkrəsi","n. 民主","Try using ""democracy"" in a sentence related to 政治.","973"
"974","categorized-collection","按类型区分（4000词）","政治","政治","confer","kənˈfɜː(r)","v. 授予；赋予；商讨","Try using ""confer"" in a sentence related to 政治.","974"
"975","categorized-collection","按类型区分（4000词）","政治","政治","consult","kənˈsʌlt","v. 咨询；查询；请教","Try using ""consult"" in a sentence related to 政治.","975"
"976","categorized-collection","按类型区分（4000词）","政治","政治","entitle","ɪnˈtaɪt(ə)l","v. 授权；命名；给...权利（或资格）","Try using ""entitle"" in a sentence related to 政治.","976"
"977","categorized-collection","按类型区分（4000词）","政治","政治","warrant","ˈwɒrənt","n. 搜查令；授权令 v. 使…有必要","Try using ""warrant"" in a sentence related to 政治.","977"
"978","categorized-collection","按类型区分（4000词）","政治","政治","empower","ɪmˈpaʊə(r)","v. 授权；使能够","Try using ""empower"" in a sentence related to 政治.","978"
"979","categorized-collection","按类型区分（4000词）","政治","政治","authorize","ˈɔːθəraɪz","v. 授权；委托；批准","Try using ""authorize"" in a sentence related to 政治.","979"
"980","categorized-collection","按类型区分（4000词）","政治","政治","exploit","ɪkˈsplɔɪt","v. 开拓；利用；开采；剥削 n. 功绩","Try using ""exploit"" in a sentence related to 政治.","980"
"981","categorized-collection","按类型区分（4000词）","政治","政治","manipulate","məˈnɪpjuleɪt","v. 操纵；使用","Try using ""manipulate"" in a sentence related to 政治.","981"
"982","categorized-collection","按类型区分（4000词）","政治","政治","maneuver","məˈnuːvə(r)","n. 精巧动作；军事演习；花招 v. （熟练地）移动；操控；算计","Try using ""maneuver"" in a sentence related to 政治.","982"
"983","categorized-collection","按类型区分（4000词）","政治","政治","contrive","kənˈtraɪv","v. 图谋；发明；设计；设法做到","Try using ""contrive"" in a sentence related to 政治.","983"
"984","categorized-collection","按类型区分（4000词）","政治","政治","inspect","ɪnˈspekt","v. 检查；视察","Try using ""inspect"" in a sentence related to 政治.","984"
"985","categorized-collection","按类型区分（4000词）","政治","政治","scrutinize","ˈskruːtənaɪz","v. 详细检查；仔细察看","Try using ""scrutinize"" in a sentence related to 政治.","985"
"986","categorized-collection","按类型区分（4000词）","政治","政治","exile","ˈeksaɪl","n. 流放；放逐；流亡 v. 流放；放逐；流亡","Try using ""exile"" in a sentence related to 政治.","986"
"987","categorized-collection","按类型区分（4000词）","政治","政治","enslave","ɪnˈsleɪv","v. 奴役；征服；使受控制","Try using ""enslave"" in a sentence related to 政治.","987"
"988","categorized-collection","按类型区分（4000词）","政治","政治","ostracism","ˈɒstrəsɪzəm","n. 放逐；排斥","Try using ""ostracism"" in a sentence related to 政治.","988"
"989","categorized-collection","按类型区分（4000词）","政治","政治","hustle","ˈhʌs(ə)l","v. 推搡；猛推；赶紧做；催促；兜售 n. 熙攘；忙碌","Try using ""hustle"" in a sentence related to 政治.","989"
"990","categorized-collection","按类型区分（4000词）","政治","政治","impel","ɪmˈpel","v. 促使；驱策；迫使","Try using ""impel"" in a sentence related to 政治.","990"
"991","categorized-collection","按类型区分（4000词）","政治","政治","oust","aʊst","v. 驱逐；夺取；取代","Try using ""oust"" in a sentence related to 政治.","991"
"992","categorized-collection","按类型区分（4000词）","政治","政治","coerce","kəʊˈɜːs","v. 强迫；迫使","Try using ""coerce"" in a sentence related to 政治.","992"
"993","categorized-collection","按类型区分（4000词）","政治","政治","banish","ˈbænɪʃ","v. 驱逐；消除","Try using ""banish"" in a sentence related to 政治.","993"
"994","categorized-collection","按类型区分（4000词）","政治","政治","evict","ɪˈvɪkt","v. 驱逐；逐出","Try using ""evict"" in a sentence related to 政治.","994"
"995","categorized-collection","按类型区分（4000词）","政治","政治","deport","dɪˈpɔːt","v. 驱逐出境；使举止得体","Try using ""deport"" in a sentence related to 政治.","995"
"996","categorized-collection","按类型区分（4000词）","政治","政治","dominate","ˈdɒmɪneɪt","v. 统治；支配；俯瞰","Try using ""dominate"" in a sentence related to 政治.","996"
"997","categorized-collection","按类型区分（4000词）","政治","政治","abdicate","ˈæbdɪkeɪt","v. 退位；失职","Try using ""abdicate"" in a sentence related to 政治.","997"
"998","categorized-collection","按类型区分（4000词）","政治","政治","relinquish","rɪˈlɪŋkwɪʃ","v. 放弃；让出","Try using ""relinquish"" in a sentence related to 政治.","998"
"999","categorized-collection","按类型区分（4000词）","政治","政治","administer","ədˈmɪnɪstə(r)","v. 管理；执行；实施；给予（药物或治疗）","Try using ""administer"" in a sentence related to 政治.","999"
"1000","categorized-collection","按类型区分（4000词）","政治","政治","administration","ədˌmɪnɪˈstreɪʃ(ə)n","n. 管理；行政","Try using ""administration"" in a sentence related to 政治.","1000"
"1001","categorized-collection","按类型区分（4000词）","政治","政治","institute","ˈɪnstɪtjuːt","n. 协会；学院；研究所；机构 v. 建立；制定；开创；开始","Try using ""institute"" in a sentence related to 政治.","1001"
"1002","categorized-collection","按类型区分（4000词）","政治","政治","inaugurate","ɪˈnɔːɡjəreɪt","v. 开创；为（某人）举行就职典礼；为…举行开幕仪式","Try using ""inaugurate"" in a sentence related to 政治.","1002"
"1003","categorized-collection","按类型区分（4000词）","政治","政治","amendment","əˈmendmənt","n. 改正；修改","Try using ""amendment"" in a sentence related to 政治.","1003"
"1004","categorized-collection","按类型区分（4000词）","政治","政治","alteration","ˌɔːltəˈreɪʃ(ə)n","n. 改变；变更","Try using ""alteration"" in a sentence related to 政治.","1004"
"1005","categorized-collection","按类型区分（4000词）","政治","政治","colonize","ˈkɒlənaɪz","v. 开拓殖民地；移居于殖民地","Try using ""colonize"" in a sentence related to 政治.","1005"
"1006","categorized-collection","按类型区分（4000词）","政治","政治","monarchy","ˈmɒnəki","n. 君主制；君主政体；君主国","Try using ""monarchy"" in a sentence related to 政治.","1006"
"1007","categorized-collection","按类型区分（4000词）","政治","政治","dominion","dəˈmɪnjən","n. 支配；领土；统治（权）；管辖","Try using ""dominion"" in a sentence related to 政治.","1007"
"1008","categorized-collection","按类型区分（4000词）","政治","政治","anarchism","ˈænəkɪzəm","n. 无政府主义","Try using ""anarchism"" in a sentence related to 政治.","1008"
"1009","categorized-collection","按类型区分（4000词）","政治","政治","mayhem","ˈmeɪhem","n. 骚动；破坏；故意的伤害罪","Try using ""mayhem"" in a sentence related to 政治.","1009"
"1010","categorized-collection","按类型区分（4000词）","政治","政治","doctrine","ˈdɒktrɪn","n. 学说；教义；教条","Try using ""doctrine"" in a sentence related to 政治.","1010"
"1011","categorized-collection","按类型区分（4000词）","政治","政治","dogma","ˈdɒɡmə","n. 教条；教义；信条","Try using ""dogma"" in a sentence related to 政治.","1011"
"1012","categorized-collection","按类型区分（4000词）","地质","地质","volcanic","vɒlˈkænɪk","adj. 火山的","Try using ""volcanic"" in a sentence related to 地质.","1012"
"1013","categorized-collection","按类型区分（4000词）","地质","地质","eruption","ɪˈrʌpʃ(ə)n","n. 喷发；爆发","Try using ""eruption"" in a sentence related to 地质.","1013"
"1014","categorized-collection","按类型区分（4000词）","地质","地质","outburst","ˈaʊtbɜːst","n. 迸发；爆发；突发","Try using ""outburst"" in a sentence related to 地质.","1014"
"1015","categorized-collection","按类型区分（4000词）","地质","地质","squirt","skwɜːt","v. 喷出；溅迸；注射 n. 水枪；注射器；喷出","Try using ""squirt"" in a sentence related to 地质.","1015"
"1016","categorized-collection","按类型区分（4000词）","地质","地质","magma","ˈmæɡmə","n. 岩浆","Try using ""magma"" in a sentence related to 地质.","1016"
"1017","categorized-collection","按类型区分（4000词）","地质","地质","fault","fɔːlt","n. 故障；过错；缺陷；断层 v. 发现错误；找出缺点","Try using ""fault"" in a sentence related to 地质.","1017"
"1018","categorized-collection","按类型区分（4000词）","地质","地质","crust","krʌst","n. 外壳；硬壳；面包皮；地壳","Try using ""crust"" in a sentence related to 地质.","1018"
"1019","categorized-collection","按类型区分（4000词）","地质","地质","layer","ˈleɪə(r)","n. 层；层次","Try using ""layer"" in a sentence related to 地质.","1019"
"1020","categorized-collection","按类型区分（4000词）","地质","地质","lithosphere","ˈlɪθəsfɪə(r)","n. 岩石圈","Try using ""lithosphere"" in a sentence related to 地质.","1020"
"1021","categorized-collection","按类型区分（4000词）","地质","地质","lithogenous","lɪˈθɒdʒɪnəs","adj. 岩成的；造岩的；成结石的","Try using ""lithogenous"" in a sentence related to 地质.","1021"
"1022","categorized-collection","按类型区分（4000词）","地质","地质","mantle","ˈmænt(ə)l","n. 披风；斗篷； 覆盖物；地幔 v. 覆盖；遮盖","Try using ""mantle"" in a sentence related to 地质.","1022"
"1023","categorized-collection","按类型区分（4000词）","地质","地质","stratum","ˈstrɑːtəm","n. 岩层；地层；社会阶层","Try using ""stratum"" in a sentence related to 地质.","1023"
"1024","categorized-collection","按类型区分（4000词）","地质","地质","cataclysm","ˈkætəklɪzəm","n. 大灾难；洪水；剧变","Try using ""cataclysm"" in a sentence related to 地质.","1024"
"1025","categorized-collection","按类型区分（4000词）","地质","地质","calamity","kəˈlæməti","n. 大灾祸；灾难","Try using ""calamity"" in a sentence related to 地质.","1025"
"1026","categorized-collection","按类型区分（4000词）","地质","地质","debacle","deɪˈbɑːk(ə)l","n. 崩溃；惨败；溃逃","Try using ""debacle"" in a sentence related to 地质.","1026"
"1027","categorized-collection","按类型区分（4000词）","地质","地质","deluge","ˈdeljuːdʒ","n. 大洪水；暴雨；泛滥 v. 泛滥；大量涌入","Try using ""deluge"" in a sentence related to 地质.","1027"
"1028","categorized-collection","按类型区分（4000词）","地质","地质","magnitude","ˈmæɡnɪtjuːd","n. 重要性；巨大；震级","Try using ""magnitude"" in a sentence related to 地质.","1028"
"1029","categorized-collection","按类型区分（4000词）","地质","地质","seismology","saɪzˈmɒlədʒi","n. 地震学","Try using ""seismology"" in a sentence related to 地质.","1029"
"1030","categorized-collection","按类型区分（4000词）","地质","地质","seismic","ˈsaɪzmɪk","adj. 地震的","Try using ""seismic"" in a sentence related to 地质.","1030"
"1031","categorized-collection","按类型区分（4000词）","地质","地质","earthquake","ˈɜːθkweɪk","n. 地震","Try using ""earthquake"" in a sentence related to 地质.","1031"
"1032","categorized-collection","按类型区分（4000词）","地质","地质","tremor","ˈtremə(r)","n. 震动；震颤","Try using ""tremor"" in a sentence related to 地质.","1032"
"1033","categorized-collection","按类型区分（4000词）","地质","地质","iceberg","ˈaɪsbɜːɡ","n. 冰山","Try using ""iceberg"" in a sentence related to 地质.","1033"
"1034","categorized-collection","按类型区分（4000词）","地质","地质","glacier","ˈɡlæsiə(r)","n. 冰川；冰河","Try using ""glacier"" in a sentence related to 地质.","1034"
"1035","categorized-collection","按类型区分（4000词）","地质","地质","diamond","ˈdaɪmənd","n. 钻石；菱形；金刚石","Try using ""diamond"" in a sentence related to 地质.","1035"
"1036","categorized-collection","按类型区分（4000词）","地质","地质","crater","ˈkreɪtə(r)","n. 火山口；弹坑","Try using ""crater"" in a sentence related to 地质.","1036"
"1037","categorized-collection","按类型区分（4000词）","地质","地质","core","kɔː(r)","n. 核；核心；重点 adj. 核心的 v. 去（果）核","Try using ""core"" in a sentence related to 地质.","1037"
"1038","categorized-collection","按类型区分（4000词）","地质","地质","aluminum","əˈluːmɪnəm","n. 铝","Try using ""aluminum"" in a sentence related to 地质.","1038"
"1039","categorized-collection","按类型区分（4000词）","地质","地质","geology","dʒiˈɒlədʒi","n. 地质学","Try using ""geology"" in a sentence related to 地质.","1039"
"1040","categorized-collection","按类型区分（4000词）","地质","地质","petrify","ˈpetrɪfaɪ","v. 使石化；使僵化；吓呆","Try using ""petrify"" in a sentence related to 地质.","1040"
"1041","categorized-collection","按类型区分（4000词）","地质","地质","fossil","ˈfɒs(ə)l","n. 化石；守旧的事物","Try using ""fossil"" in a sentence related to 地质.","1041"
"1042","categorized-collection","按类型区分（4000词）","地质","地质","sediment","ˈsedɪmənt","n. 沉积物；沉淀物","Try using ""sediment"" in a sentence related to 地质.","1042"
"1043","categorized-collection","按类型区分（4000词）","地质","地质","ore","ɔː(r)","n. 矿石","Try using ""ore"" in a sentence related to 地质.","1043"
"1044","categorized-collection","按类型区分（4000词）","地质","地质","mineral","ˈmɪnərəl","n. 矿物；矿物质","Try using ""mineral"" in a sentence related to 地质.","1044"
"1045","categorized-collection","按类型区分（4000词）","地质","地质","bonanza","bəˈnænzə","n. 富矿带；走运；鸿运；致富之源","Try using ""bonanza"" in a sentence related to 地质.","1045"
"1046","categorized-collection","按类型区分（4000词）","地质","地质","ruby","ˈruːbi","n. 红宝石；红宝石色","Try using ""ruby"" in a sentence related to 地质.","1046"
"1047","categorized-collection","按类型区分（4000词）","地质","地质","lava","ˈlɑːvə","n. 岩浆；火山岩","Try using ""lava"" in a sentence related to 地质.","1047"
"1048","categorized-collection","按类型区分（4000词）","地质","地质","limestone","ˈlaɪmstəʊn","n. 石灰岩；石灰石","Try using ""limestone"" in a sentence related to 地质.","1048"
"1049","categorized-collection","按类型区分（4000词）","地质","地质","granite","ˈɡrænɪt","n. 花岗岩","Try using ""granite"" in a sentence related to 地质.","1049"
"1050","categorized-collection","按类型区分（4000词）","地质","地质","emerald","ˈemərəld","n. 翡翠；绿宝石；翡翠绿 adj. 翡翠的；翠绿色的","Try using ""emerald"" in a sentence related to 地质.","1050"
"1051","categorized-collection","按类型区分（4000词）","地质","地质","fieldstone","ˈfiːldstəʊn","n. （建筑用的）散石；大卵石","Try using ""fieldstone"" in a sentence related to 地质.","1051"
"1052","categorized-collection","按类型区分（4000词）","地质","地质","gem","dʒem","n. 宝石；珍品；受人重视者 v. 饰以宝石","Try using ""gem"" in a sentence related to 地质.","1052"
"1053","categorized-collection","按类型区分（4000词）","地质","地质","marble","ˈmɑːb(ə)l","n. 大理石；弹珠；理智 adj. 大理石的","Try using ""marble"" in a sentence related to 地质.","1053"
"1054","categorized-collection","按类型区分（4000词）","地质","地质","pit","pɪt","n. 深坑；矿井 v. 使凹陷","Try using ""pit"" in a sentence related to 地质.","1054"
"1055","categorized-collection","按类型区分（4000词）","地质","地质","borehole","ˈbɔːhəʊl","n. 钻孔，井眼；（为探测石油或水）地上凿洞","Try using ""borehole"" in a sentence related to 地质.","1055"
"1056","categorized-collection","按类型区分（4000词）","地质","地质","vein","veɪn","n. 静脉；矿脉；叶脉","Try using ""vein"" in a sentence related to 地质.","1056"
"1057","categorized-collection","按类型区分（4000词）","地理","地理","geography","dʒiˈɒɡrəfi","n. 地理；地理学","Try using ""geography"" in a sentence related to 地理.","1057"
"1058","categorized-collection","按类型区分（4000词）","地理","地理","ethnography","eθˈnɒɡrəfi","n. 人种学；人种志","Try using ""ethnography"" in a sentence related to 地理.","1058"
"1059","categorized-collection","按类型区分（4000词）","地理","地理","Cosmography","ˌkɒzməˈɡrəfi","n. 宇宙结构学，宇宙志","Try using ""Cosmography"" in a sentence related to 地理.","1059"
"1060","categorized-collection","按类型区分（4000词）","地理","地理","geology","dʒiˈɒlədʒi","n. 地质学","Try using ""geology"" in a sentence related to 地理.","1060"
"1061","categorized-collection","按类型区分（4000词）","地理","地理","toponymy","təˈpɒnɪmi","n. 部位命名法；地名之研究","Try using ""toponymy"" in a sentence related to 地理.","1061"
"1062","categorized-collection","按类型区分（4000词）","地理","地理","oceanography","ˌəʊʃəˈnɒɡrəfi","n. 海洋学","Try using ""oceanography"" in a sentence related to 地理.","1062"
"1063","categorized-collection","按类型区分（4000词）","地理","地理","vegetation","ˌvedʒəˈteɪʃ(ə)n","n. （统称）植物；植被","Try using ""vegetation"" in a sentence related to 地理.","1063"
"1064","categorized-collection","按类型区分（4000词）","地理","地理","relief","rɪˈliːf","n. 减缓；解脱；宽慰；救济","Try using ""relief"" in a sentence related to 地理.","1064"
"1065","categorized-collection","按类型区分（4000词）","地理","地理","continent","ˈkɒntɪnənt","n. 洲；大陆","Try using ""continent"" in a sentence related to 地理.","1065"
"1066","categorized-collection","按类型区分（4000词）","地理","地理","archipelago","ˌɑːkɪˈpeləɡəʊ","n. 群岛；列岛","Try using ""archipelago"" in a sentence related to 地理.","1066"
"1067","categorized-collection","按类型区分（4000词）","地理","地理","peninsula","pəˈnɪnsjələ","n. 半岛","Try using ""peninsula"" in a sentence related to 地理.","1067"
"1068","categorized-collection","按类型区分（4000词）","地理","地理","island","ˈaɪlənd","n. 岛","Try using ""island"" in a sentence related to 地理.","1068"
"1069","categorized-collection","按类型区分（4000词）","地理","地理","meadow","ˈmedəʊ","n. 草地；牧场","Try using ""meadow"" in a sentence related to 地理.","1069"
"1070","categorized-collection","按类型区分（4000词）","地理","地理","valley","ˈvæli","n. 山谷；溪谷；流域","Try using ""valley"" in a sentence related to 地理.","1070"
"1071","categorized-collection","按类型区分（4000词）","地理","地理","swamp","swɒmp","n. 沼泽；湿地 v. 使不堪承受；淹没","Try using ""swamp"" in a sentence related to 地理.","1071"
"1072","categorized-collection","按类型区分（4000词）","地理","地理","lagoon","ləˈɡuːn","n. 潟湖；环礁湖","Try using ""lagoon"" in a sentence related to 地理.","1072"
"1073","categorized-collection","按类型区分（4000词）","地理","地理","moorland","ˈmʊələnd","n. 高沼地；荒野","Try using ""moorland"" in a sentence related to 地理.","1073"
"1074","categorized-collection","按类型区分（4000词）","地理","地理","desert","ˈdezət","n. 沙漠；荒漠 v. 抛弃","Try using ""desert"" in a sentence related to 地理.","1074"
"1075","categorized-collection","按类型区分（4000词）","地理","地理","dune","djuːn","n. 沙丘","Try using ""dune"" in a sentence related to 地理.","1075"
"1076","categorized-collection","按类型区分（4000词）","地理","地理","oasis","əʊˈeɪsɪs","n. （沙漠中的）绿洲；舒适的地方；乐土；乐事","Try using ""oasis"" in a sentence related to 地理.","1076"
"1077","categorized-collection","按类型区分（4000词）","地理","地理","savanna","səˈvænə","n. 热带大草原","Try using ""savanna"" in a sentence related to 地理.","1077"
"1078","categorized-collection","按类型区分（4000词）","地理","地理","tundra","ˈtʌndrə","n. 苔原；冻原","Try using ""tundra"" in a sentence related to 地理.","1078"
"1079","categorized-collection","按类型区分（4000词）","地理","地理","topography","təˈpɒɡrəfi","n. 地形学；地形；地势","Try using ""topography"" in a sentence related to 地理.","1079"
"1080","categorized-collection","按类型区分（4000词）","地理","地理","compass","ˈkʌmpəs","n. 罗盘；指南针","Try using ""compass"" in a sentence related to 地理.","1080"
"1081","categorized-collection","按类型区分（4000词）","地理","地理","meridian","məˈrɪdiən","n. 子午线；子午圈；正午；全盛时期","Try using ""meridian"" in a sentence related to 地理.","1081"
"1082","categorized-collection","按类型区分（4000词）","地理","地理","parallel","ˈpærəlel","adj. 平行的；相似的；相同的 v. 平行；类似 n. 类似的事物；相似之处","Try using ""parallel"" in a sentence related to 地理.","1082"
"1083","categorized-collection","按类型区分（4000词）","地理","地理","longitude","ˈlɒndʒɪtjuːd","n. 经度","Try using ""longitude"" in a sentence related to 地理.","1083"
"1084","categorized-collection","按类型区分（4000词）","地理","地理","latitude","ˈlætɪtjuːd","n. 纬度；行动或言论的自由","Try using ""latitude"" in a sentence related to 地理.","1084"
"1085","categorized-collection","按类型区分（4000词）","地理","地理","equator","ɪˈkweɪtə(r)","n. 赤道","Try using ""equator"" in a sentence related to 地理.","1085"
"1086","categorized-collection","按类型区分（4000词）","地理","地理","zenith","ˈzenɪθ","n. 顶点；天顶；全盛","Try using ""zenith"" in a sentence related to 地理.","1086"
"1087","categorized-collection","按类型区分（4000词）","地理","地理","inlet","ˈɪnlet","n. 小水湾；（液体或气体）输入口","Try using ""inlet"" in a sentence related to 地理.","1087"
"1088","categorized-collection","按类型区分（4000词）","地理","地理","gulf","ɡʌlf","n. 海湾；鸿沟；隔阂","Try using ""gulf"" in a sentence related to 地理.","1088"
"1089","categorized-collection","按类型区分（4000词）","地理","地理","cliff","klɪf","n. 悬崖；峭壁","Try using ""cliff"" in a sentence related to 地理.","1089"
"1090","categorized-collection","按类型区分（4000词）","地理","地理","sandbank","ˈsændbæŋk","n. 沙洲","Try using ""sandbank"" in a sentence related to 地理.","1090"
"1091","categorized-collection","按类型区分（4000词）","地理","地理","tempest","ˈtempɪst","n. 暴风雨；骚动","Try using ""tempest"" in a sentence related to 地理.","1091"
"1092","categorized-collection","按类型区分（4000词）","地理","地理","seaquake","ˈsiːkweɪk","n. 海啸；海底地震","Try using ""seaquake"" in a sentence related to 地理.","1092"
"1093","categorized-collection","按类型区分（4000词）","地理","地理","estuary","ˈestʃuəri","n. 港湾；河口湾；河口；入海口","Try using ""estuary"" in a sentence related to 地理.","1093"
"1094","categorized-collection","按类型区分（4000词）","地理","地理","torrent","ˈtɒrənt","n. 急流；激流；湍流；一连串","Try using ""torrent"" in a sentence related to 地理.","1094"
"1095","categorized-collection","按类型区分（4000词）","地理","地理","tributary","ˈtrɪbjətri","n. 支流；进贡国；附庸国 adj. 支流的；进贡的；附庸的","Try using ""tributary"" in a sentence related to 地理.","1095"
"1096","categorized-collection","按类型区分（4000词）","地理","地理","confluent","ˈkɒnflʊənt","adj. 汇合的；融合性的; n. 支流","Try using ""confluent"" in a sentence related to 地理.","1096"
"1097","categorized-collection","按类型区分（4000词）","地理","地理","canal","kəˈnæl","n. 运河；沟渠","Try using ""canal"" in a sentence related to 地理.","1097"
"1098","categorized-collection","按类型区分（4000词）","地理","地理","range","reɪndʒ","n. （变化）范围；一系列；山脉 v. 包括（各种不同的人或物）；（在某范围内）变化","Try using ""range"" in a sentence related to 地理.","1098"
"1099","categorized-collection","按类型区分（4000词）","地理","地理","massif","mæˈsiːf","n. 山丘，群山；断层块","Try using ""massif"" in a sentence related to 地理.","1099"
"1100","categorized-collection","按类型区分（4000词）","地理","地理","crevice","ˈkrevɪs","n. 裂隙；裂缝","Try using ""crevice"" in a sentence related to 地理.","1100"
"1101","categorized-collection","按类型区分（4000词）","地理","地理","plateau","ˈplætəʊ","n. 高原；平稳期","Try using ""plateau"" in a sentence related to 地理.","1101"
"1102","categorized-collection","按类型区分（4000词）","地理","地理","marine","məˈriːn","adj. 海的；与海有关的 n. 水兵；海军陆战队士兵；舰队；海运业","Try using ""marine"" in a sentence related to 地理.","1102"
"1103","categorized-collection","按类型区分（4000词）","地理","地理","moist","mɔɪst","adj. 潮湿的；湿润的","Try using ""moist"" in a sentence related to 地理.","1103"
"1104","categorized-collection","按类型区分（4000词）","地理","地理","ebb","eb","n. 退潮；衰退；减少 v. 退潮；衰退；减少","Try using ""ebb"" in a sentence related to 地理.","1104"
"1105","categorized-collection","按类型区分（4000词）","地理","地理","terrestrial","təˈrestriəl","adj. 陆地的；地球的；类似地球的；陆栖的","Try using ""terrestrial"" in a sentence related to 地理.","1105"
"1106","categorized-collection","按类型区分（4000词）","地理","地理","endemic","enˈdemɪk","adj. 地方性的（疾病） n. 地方病","Try using ""endemic"" in a sentence related to 地理.","1106"
"1107","categorized-collection","按类型区分（4000词）","地理","地理","subterranean","ˌsʌbtəˈreɪniən","adj. 地下的","Try using ""subterranean"" in a sentence related to 地理.","1107"
"1108","categorized-collection","按类型区分（4000词）","地理","地理","cavern","ˈkævən","n. 大洞穴；大山洞","Try using ""cavern"" in a sentence related to 地理.","1108"
"1109","categorized-collection","按类型区分（4000词）","地理","地理","antarctic","ænˈtɑːktɪk","adj. 南极的 n. 南极地区","Try using ""antarctic"" in a sentence related to 地理.","1109"
"1110","categorized-collection","按类型区分（4000词）","地理","地理","antarctica","ænˈtɑːktɪkə","n. 南极洲","Try using ""antarctica"" in a sentence related to 地理.","1110"
"1111","categorized-collection","按类型区分（4000词）","地理","地理","coastland","ˈkəʊstlænd","n. 沿海岸地区","Try using ""coastland"" in a sentence related to 地理.","1111"
"1112","categorized-collection","按类型区分（4000词）","地理","地理","hemisphere","ˈhemɪsfɪə(r)","n. 半球体；半个球","Try using ""hemisphere"" in a sentence related to 地理.","1112"
"1113","categorized-collection","按类型区分（4000词）","地理","地理","contour","ˈkɒntʊə(r)","n. 轮廓；外形；等高线 v. 画轮廓（画等高线） adj. 显示轮廓的","Try using ""contour"" in a sentence related to 地理.","1113"
"1114","categorized-collection","按类型区分（4000词）","地理","地理","lowland","ˈləʊlənd","n. 低地 adj. 低地的","Try using ""lowland"" in a sentence related to 地理.","1114"
"1115","categorized-collection","按类型区分（4000词）","地理","地理","navigation","ˌnævɪˈɡeɪʃ(ə)n","n. 导航；航行；航海","Try using ""navigation"" in a sentence related to 地理.","1115"
"1116","categorized-collection","按类型区分（4000词）","地理","地理","salinity","səˈlɪnəti","n. 盐分；含盐量","Try using ""salinity"" in a sentence related to 地理.","1116"
"1117","categorized-collection","按类型区分（4000词）","地理","地理","elevation","ˌelɪˈveɪʃ(ə)n","n. 提升；海拔；高地；立面图","Try using ""elevation"" in a sentence related to 地理.","1117"
"1118","categorized-collection","按类型区分（4000词）","地理","地理","information","ˌɪnfəˈmeɪʃ(ə)n","n. 信息；资料","Try using ""information"" in a sentence related to 地理.","1118"
"1119","categorized-collection","按类型区分（4000词）","地理","地理","geothermal","ˌdʒiːəʊˈθɜːm(ə)l","adj. 地热的","Try using ""geothermal"" in a sentence related to 地理.","1119"
"1120","categorized-collection","按类型区分（4000词）","地理","地理","tropic","ˈtrɒpɪk","n. 回归线；热带 adj. 热带的","Try using ""tropic"" in a sentence related to 地理.","1120"
"1121","categorized-collection","按类型区分（4000词）","地理","地理","temperate","ˈtempərət","adj. 有节制的；克制的；温和的","Try using ""temperate"" in a sentence related to 地理.","1121"
"1122","categorized-collection","按类型区分（4000词）","属性","肮脏","squalidity","skwɒˈlɪdɪti","n. 污秽；脏污；肮脏","Try using ""squalidity"" in a sentence related to 事物属性 肮脏.","1122"
"1123","categorized-collection","按类型区分（4000词）","属性","肮脏","squalor","ˈskwɒlə(r)","n. 肮脏；污秽；恶劣条件","Try using ""squalor"" in a sentence related to 事物属性 肮脏.","1123"
"1124","categorized-collection","按类型区分（4000词）","属性","肮脏","dinginess","ˈdɪndʒɪnəs","n. 污秽；暗淡","Try using ""dinginess"" in a sentence related to 事物属性 肮脏.","1124"
"1125","categorized-collection","按类型区分（4000词）","属性","肮脏","filthy","ˈfɪlθi","adj. 肮脏的；污秽的；下流的","Try using ""filthy"" in a sentence related to 事物属性 肮脏.","1125"
"1126","categorized-collection","按类型区分（4000词）","属性","肮脏","defile","dɪˈfaɪl","v. 弄脏；亵渎；玷污 n. 小道；狭谷","Try using ""defile"" in a sentence related to 事物属性 肮脏.","1126"
"1127","categorized-collection","按类型区分（4000词）","属性","肮脏","filth","fɪlθ","n. 污秽；污物；下流言辞；淫秽书刊","Try using ""filth"" in a sentence related to 事物属性 肮脏.","1127"
"1128","categorized-collection","按类型区分（4000词）","属性","肮脏","nastiness","ˈnæstɪnəs","n. 不洁，污秽","Try using ""nastiness"" in a sentence related to 事物属性 肮脏.","1128"
"1129","categorized-collection","按类型区分（4000词）","属性","肮脏","soilage","/ˈsɔɪlɪdʒ/","n. 污秽；弄脏；肮脏；青饲料饲养法","Try using ""soilage"" in a sentence related to 事物属性 肮脏.","1129"
"1130","categorized-collection","按类型区分（4000词）","属性","肮脏","dingy","ˈdɪndʒi","adj. 又黑又脏的；昏暗的；肮脏的","Try using ""dingy"" in a sentence related to 事物属性 肮脏.","1130"
"1131","categorized-collection","按类型区分（4000词）","属性","肮脏","messy","ˈmesi","adj. 肮脏的；杂乱的；棘手的","Try using ""messy"" in a sentence related to 事物属性 肮脏.","1131"
"1132","categorized-collection","按类型区分（4000词）","属性","肮脏","slovenly","ˈslʌv(ə)nli","adj. 不修边幅的；邋遢的","Try using ""slovenly"" in a sentence related to 事物属性 肮脏.","1132"
"1133","categorized-collection","按类型区分（4000词）","属性","肮脏","frowzy","ˈfraʊzi","adj. 不整洁的；邋遢的；霉臭的；闷热的","Try using ""frowzy"" in a sentence related to 事物属性 肮脏.","1133"
"1134","categorized-collection","按类型区分（4000词）","属性","肮脏","obscene","əbˈsiːn","adj. 淫秽的；下流的；猥亵的；可憎的","Try using ""obscene"" in a sentence related to 事物属性 肮脏.","1134"
"1135","categorized-collection","按类型区分（4000词）","属性","肮脏","indecent","ɪnˈdiːs(ə)nt","adj. 与好的品味相悖的；不合礼节的；下流的；有伤风化的","Try using ""indecent"" in a sentence related to 事物属性 肮脏.","1135"
"1136","categorized-collection","按类型区分（4000词）","属性","肮脏","impure","ɪmˈpjʊə(r)","adj. 不纯的；不纯洁的；肮脏的；渎神的","Try using ""impure"" in a sentence related to 事物属性 肮脏.","1136"
"1137","categorized-collection","按类型区分（4000词）","属性","肮脏","blemish","ˈblemɪʃ","n. 瑕疵；污点；缺点 v. 玷污；损害","Try using ""blemish"" in a sentence related to 事物属性 肮脏.","1137"
"1138","categorized-collection","按类型区分（4000词）","属性","肮脏","smear","smɪə(r)","v. 涂抹；弄脏；中伤；诽谤 n. 污迹；污渍；丑化；诽谤","Try using ""smear"" in a sentence related to 事物属性 肮脏.","1138"
"1139","categorized-collection","按类型区分（4000词）","属性","肮脏","spot","spɒt","n. 斑点；圆点；地点；场所 v. 识别；发现；弄脏","Try using ""spot"" in a sentence related to 事物属性 肮脏.","1139"
"1140","categorized-collection","按类型区分（4000词）","属性","肮脏","smirch","smɜːtʃ","v. 弄脏；污辱 n. 污迹","Try using ""smirch"" in a sentence related to 事物属性 肮脏.","1140"
"1141","categorized-collection","按类型区分（4000词）","属性","肮脏","attaint","əˈteɪnt","v. 宣告剥夺……财产和公民权；受到（疾病或腐败的）侵袭；损坏；玷污; n. 污点；耻辱；私权丧失","Try using ""attaint"" in a sentence related to 事物属性 肮脏.","1141"
"1142","categorized-collection","按类型区分（4000词）","属性","肮脏","taint","teɪnt","n. 污染；腐坏；玷污 v. 污染；使腐坏；玷污","Try using ""taint"" in a sentence related to 事物属性 肮脏.","1142"
"1143","categorized-collection","按类型区分（4000词）","属性","肮脏","stain","steɪn","v. 玷污 n. 污点","Try using ""stain"" in a sentence related to 事物属性 肮脏.","1143"
"1144","categorized-collection","按类型区分（4000词）","属性","肮脏","grimy","ˈɡraɪmi","adj. 积满污垢的；肮脏的","Try using ""grimy"" in a sentence related to 事物属性 肮脏.","1144"
"1145","categorized-collection","按类型区分（4000词）","属性","肮脏","begrimed","bɪˈɡraɪmd","adj. 肮脏的；污秽的 v. （使）弄脏；（使）玷污；“begrime”的过去式和过去分词","Try using ""begrimed"" in a sentence related to 事物属性 肮脏.","1145"
"1146","categorized-collection","按类型区分（4000词）","属性","肮脏","blotch","blɒtʃ","n. 斑点；污点；疙瘩 v. 弄脏","Try using ""blotch"" in a sentence related to 事物属性 肮脏.","1146"
"1147","categorized-collection","按类型区分（4000词）","属性","肮脏","smudge","smʌdʒ","n. 污点；渍痕；浓烟 v. （使）变脏；（使）模糊","Try using ""smudge"" in a sentence related to 事物属性 肮脏.","1147"
"1148","categorized-collection","按类型区分（4000词）","属性","肮脏","splotch","splɒtʃ","n. 污点；斑点; vt. 使……有斑点","Try using ""splotch"" in a sentence related to 事物属性 肮脏.","1148"
"1149","categorized-collection","按类型区分（4000词）","属性","不适合","impropriety","ˌɪmprəˈpraɪəti","n. 不适当；不正确；不得体","Try using ""impropriety"" in a sentence related to 事物属性 不适合.","1149"
"1150","categorized-collection","按类型区分（4000词）","属性","不适合","incompetent","ɪnˈkɒmpɪtənt","adj. 无能力的；不称职的；不能胜任的 n. 没有能力的人","Try using ""incompetent"" in a sentence related to 事物属性 不适合.","1150"
"1151","categorized-collection","按类型区分（4000词）","属性","不适合","ineligible","ɪnˈelɪdʒəb(ə)l","adj. 不合格的；不符合资格的","Try using ""ineligible"" in a sentence related to 事物属性 不适合.","1151"
"1152","categorized-collection","按类型区分（4000词）","属性","不适合","inept","ɪˈnept","adj. 不适当的；无能的；笨拙的","Try using ""inept"" in a sentence related to 事物属性 不适合.","1152"
"1153","categorized-collection","按类型区分（4000词）","属性","不适合","unbecoming","ˌʌnbɪˈkʌmɪŋ","adj. 不恰当的；不得体的；无吸引力的","Try using ""unbecoming"" in a sentence related to 事物属性 不适合.","1153"
"1154","categorized-collection","按类型区分（4000词）","属性","不适合","unseemly","ʌnˈsiːmli","adj. 不体面的；不相配的；不适宜的","Try using ""unseemly"" in a sentence related to 事物属性 不适合.","1154"
"1155","categorized-collection","按类型区分（4000词）","属性","不适合","unqualified","ˌʌnˈkwɒlɪfaɪd","adj. 不合格的；没资格的；完全的；绝对的","Try using ""unqualified"" in a sentence related to 事物属性 不适合.","1155"
"1156","categorized-collection","按类型区分（4000词）","属性","不适合","incapable","ɪnˈkeɪpəb(ə)l","adj. 无能力的；不能的","Try using ""incapable"" in a sentence related to 事物属性 不适合.","1156"
"1157","categorized-collection","按类型区分（4000词）","属性","程度","absolute","ˈæbsəluːt","adj. 完全的；绝对的","Try using ""absolute"" in a sentence related to 事物属性 程度.","1157"
"1158","categorized-collection","按类型区分（4000词）","属性","程度","barely","ˈbeəli","adv. 仅仅；几乎不","Try using ""barely"" in a sentence related to 事物属性 程度.","1158"
"1159","categorized-collection","按类型区分（4000词）","属性","程度","burning","ˈbɜːnɪŋ","adj. 燃烧的；热烫的；强烈的 v. 燃烧；烧伤；“burn”的现在分词","Try using ""burning"" in a sentence related to 事物属性 程度.","1159"
"1160","categorized-collection","按类型区分（4000词）","属性","程度","categorical","ˌkætəˈɡɒrɪk(ə)l","adj. 绝对的；确定无疑的；分类的","Try using ""categorical"" in a sentence related to 事物属性 程度.","1160"
"1161","categorized-collection","按类型区分（4000词）","属性","程度","clean","kliːn","v. 打扫；使干净 adj. 洁净的；干净的","Try using ""clean"" in a sentence related to 事物属性 程度.","1161"
"1162","categorized-collection","按类型区分（4000词）","属性","程度","complete","kəmˈpliːt","adj. 完整的；完成的 v. 完成；使完整","Try using ""complete"" in a sentence related to 事物属性 程度.","1162"
"1163","categorized-collection","按类型区分（4000词）","属性","程度","considerable","kənˈsɪdərəb(ə)l","adj. 重要的；相当大的；可观的","Try using ""considerable"" in a sentence related to 事物属性 程度.","1163"
"1164","categorized-collection","按类型区分（4000词）","属性","程度","dead","ded","adj. 死的 n. 死；死人 adv. 完全地；绝对地","Try using ""dead"" in a sentence related to 事物属性 程度.","1164"
"1165","categorized-collection","按类型区分（4000词）","属性","程度","drastic","ˈdræstɪk","adj. 激烈的；急剧的；猛烈的","Try using ""drastic"" in a sentence related to 事物属性 程度.","1165"
"1166","categorized-collection","按类型区分（4000词）","属性","程度","entirely","ɪnˈtaɪəli","adv. 完全地；全部地；彻底地","Try using ""entirely"" in a sentence related to 事物属性 程度.","1166"
"1167","categorized-collection","按类型区分（4000词）","属性","程度","exorbitant","ɪɡˈzɔːbɪtənt","adj. 过度的；过高的；过分的","Try using ""exorbitant"" in a sentence related to 事物属性 程度.","1167"
"1168","categorized-collection","按类型区分（4000词）","属性","程度","extremely","ɪkˈstriːmli","adv. 非常地；极其地；极端地","Try using ""extremely"" in a sentence related to 事物属性 程度.","1168"
"1169","categorized-collection","按类型区分（4000词）","属性","程度","fairly","ˈfeəli","adv. 公正地；相当地；简直","Try using ""fairly"" in a sentence related to 事物属性 程度.","1169"
"1170","categorized-collection","按类型区分（4000词）","属性","程度","fervent","ˈfɜːvənt","adj. 热烈的；强烈的；热情的","Try using ""fervent"" in a sentence related to 事物属性 程度.","1170"
"1171","categorized-collection","按类型区分（4000词）","属性","程度","grossly","ˈɡrəʊsli","adv. 非常；极度地；极其","Try using ""grossly"" in a sentence related to 事物属性 程度.","1171"
"1172","categorized-collection","按类型区分（4000词）","属性","程度","hardly","ˈhɑːdli","adv. 几乎没有；简直不","Try using ""hardly"" in a sentence related to 事物属性 程度.","1172"
"1173","categorized-collection","按类型区分（4000词）","属性","程度","impetuous","ɪmˈpetʃuəs","adj. 鲁莽的；冲动的","Try using ""impetuous"" in a sentence related to 事物属性 程度.","1173"
"1174","categorized-collection","按类型区分（4000词）","属性","程度","inordinate","ɪnˈɔːdɪnət","adj. 过度的；无节制的","Try using ""inordinate"" in a sentence related to 事物属性 程度.","1174"
"1175","categorized-collection","按类型区分（4000词）","属性","程度","intense","ɪnˈtens","adj. 强烈的；剧烈的；紧张的","Try using ""intense"" in a sentence related to 事物属性 程度.","1175"
"1176","categorized-collection","按类型区分（4000词）","属性","程度","intensive","ɪnˈtensɪv","adj. 密集的；增强的","Try using ""intensive"" in a sentence related to 事物属性 程度.","1176"
"1177","categorized-collection","按类型区分（4000词）","属性","程度","nearly","ˈnɪəli","adv. 几乎；将近；差不多","Try using ""nearly"" in a sentence related to 事物属性 程度.","1177"
"1178","categorized-collection","按类型区分（4000词）","属性","程度","probable","ˈprɒbəb(ə)l","adj. 很可能的","Try using ""probable"" in a sentence related to 事物属性 程度.","1178"
"1179","categorized-collection","按类型区分（4000词）","属性","程度","profoundly","prəˈfaʊndli","adv. 深深地；深刻地","Try using ""profoundly"" in a sentence related to 事物属性 程度.","1179"
"1180","categorized-collection","按类型区分（4000词）","属性","程度","radical","ˈrædɪk(ə)l","adj. 根本的；彻底的；激进的 n. 激进分子","Try using ""radical"" in a sentence related to 事物属性 程度.","1180"
"1181","categorized-collection","按类型区分（4000词）","属性","程度","rough","rʌf","adj. 粗糙的；粗暴的；粗略的；艰苦的 adv. 粗野地；艰苦地","Try using ""rough"" in a sentence related to 事物属性 程度.","1181"
"1182","categorized-collection","按类型区分（4000词）","属性","程度","roughly","ˈrʌfli","adv. 粗略地；大约；粗暴地","Try using ""roughly"" in a sentence related to 事物属性 程度.","1182"
"1183","categorized-collection","按类型区分（4000词）","属性","程度","sharp","ʃɑːp","adj. 锋利的；灵敏的；尖刻的；骤变的","Try using ""sharp"" in a sentence related to 事物属性 程度.","1183"
"1184","categorized-collection","按类型区分（4000词）","属性","程度","somewhat","ˈsʌmwɒt","adv. 有点；稍微","Try using ""somewhat"" in a sentence related to 事物属性 程度.","1184"
"1185","categorized-collection","按类型区分（4000词）","属性","程度","substantial","səbˈstænʃ(ə)l","adj. 大量的；重大的；实质性的；坚固的","Try using ""substantial"" in a sentence related to 事物属性 程度.","1185"
"1186","categorized-collection","按类型区分（4000词）","属性","程度","utterly","ˈʌtəli","adv. 全然地；绝对地","Try using ""utterly"" in a sentence related to 事物属性 程度.","1186"
"1187","categorized-collection","按类型区分（4000词）","属性","程度","vehemence","ˈviːəməns","n. 热烈；强烈；猛烈；愤怒","Try using ""vehemence"" in a sentence related to 事物属性 程度.","1187"
"1188","categorized-collection","按类型区分（4000词）","属性","程度","vehement","ˈviːəmənt","adj. （感情）强烈的；激烈的","Try using ""vehement"" in a sentence related to 事物属性 程度.","1188"
"1189","categorized-collection","按类型区分（4000词）","属性","程度","violent","ˈvaɪələnt","adj. 暴力的；猛烈的","Try using ""violent"" in a sentence related to 事物属性 程度.","1189"
"1190","categorized-collection","按类型区分（4000词）","属性","程度","virtually","ˈvɜːtʃuəli","adv. 几乎；实际上；事实上；差不多","Try using ""virtually"" in a sentence related to 事物属性 程度.","1190"
"1191","categorized-collection","按类型区分（4000词）","属性","纯洁","chaste","tʃeɪst","adj. 贞洁的；忠贞的；朴素的","Try using ""chaste"" in a sentence related to 事物属性 纯洁.","1191"
"1192","categorized-collection","按类型区分（4000词）","属性","纯洁","impeccable","ɪmˈpekəb(ə)l","adj. 无瑕疵的；无可挑剔的","Try using ""impeccable"" in a sentence related to 事物属性 纯洁.","1192"
"1193","categorized-collection","按类型区分（4000词）","属性","纯洁","innocent","ˈɪnəs(ə)nt","adj. 无辜的；清白的；无罪的；天真无邪的","Try using ""innocent"" in a sentence related to 事物属性 纯洁.","1193"
"1194","categorized-collection","按类型区分（4000词）","属性","纯洁","perfect","ˈpɜːfɪkt","adj. 完备的；完美的 v. 使完美","Try using ""perfect"" in a sentence related to 事物属性 纯洁.","1194"
"1195","categorized-collection","按类型区分（4000词）","属性","纯洁","pure","pjʊə(r)","adj. 纯的；纯净的；纯粹的","Try using ""pure"" in a sentence related to 事物属性 纯洁.","1195"
"1196","categorized-collection","按类型区分（4000词）","属性","纯洁","sheer","ʃɪə(r)","adj. 十足的；纯粹的；陡峭的","Try using ""sheer"" in a sentence related to 事物属性 纯洁.","1196"
"1197","categorized-collection","按类型区分（4000词）","属性","纯洁","unblemished","ʌnˈblemɪʃt","adj. 没有瑕疵或污点的；完好无损的","Try using ""unblemished"" in a sentence related to 事物属性 纯洁.","1197"
"1198","categorized-collection","按类型区分（4000词）","属性","纯洁","virtuous","ˈvɜːtʃuəs","adj. 品行端正的；品德高的；自命不凡的","Try using ""virtuous"" in a sentence related to 事物属性 纯洁.","1198"
"1199","categorized-collection","按类型区分（4000词）","属性","纯洁","uncorrupted","ˌʌnkəˈrʌptɪd","adj. 未腐败的","Try using ""uncorrupted"" in a sentence related to 事物属性 纯洁.","1199"
"1200","categorized-collection","按类型区分（4000词）","属性","纯洁","unsullied","ʌnˈsʌlɪd","adj. 清白的；无污点的","Try using ""unsullied"" in a sentence related to 事物属性 纯洁.","1200"
"1201","categorized-collection","按类型区分（4000词）","属性","纯洁","spotless","ˈspɒtləs","adj. 极清洁的；一尘不染的；（人）无瑕疵的","Try using ""spotless"" in a sentence related to 事物属性 纯洁.","1201"
"1202","categorized-collection","按类型区分（4000词）","属性","纯洁","Immaculate","ɪˈmækjələt","adj. 清洁的；无瑕疵的；无过失的","Try using ""Immaculate"" in a sentence related to 事物属性 纯洁.","1202"
"1203","categorized-collection","按类型区分（4000词）","属性","大","colossal","kəˈlɒs(ə)l","adj. 巨大的；庞大的","Try using ""colossal"" in a sentence related to 事物属性 大.","1203"
"1204","categorized-collection","按类型区分（4000词）","属性","大","prodigious","prəˈdɪdʒəs","adj. 巨大的；惊人的；奇异的","Try using ""prodigious"" in a sentence related to 事物属性 大.","1204"
"1205","categorized-collection","按类型区分（4000词）","属性","大","massive","ˈmæsɪv","adj. 大而重的；大规模的","Try using ""massive"" in a sentence related to 事物属性 大.","1205"
"1206","categorized-collection","按类型区分（4000词）","属性","大","enormous","ɪˈnɔːməs","adj. 巨大的；庞大的；大量的","Try using ""enormous"" in a sentence related to 事物属性 大.","1206"
"1207","categorized-collection","按类型区分（4000词）","属性","大","mighty","ˈmaɪti","adj. 强大的；有力的；巨大的 adv. 非常；很；极其","Try using ""mighty"" in a sentence related to 事物属性 大.","1207"
"1208","categorized-collection","按类型区分（4000词）","属性","大","tremendous","trəˈmendəs","adj. 巨大的；极大的","Try using ""tremendous"" in a sentence related to 事物属性 大.","1208"
"1209","categorized-collection","按类型区分（4000词）","属性","大","immense","ɪˈmens","adj. 巨大的","Try using ""immense"" in a sentence related to 事物属性 大.","1209"
"1210","categorized-collection","按类型区分（4000词）","属性","大","titanic","taɪˈtænɪk","adj. 庞大的；巨大的","Try using ""titanic"" in a sentence related to 事物属性 大.","1210"
"1211","categorized-collection","按类型区分（4000词）","属性","大","gigantic","dʒaɪˈɡæntɪk","adj. 巨大的；庞大的","Try using ""gigantic"" in a sentence related to 事物属性 大.","1211"
"1212","categorized-collection","按类型区分（4000词）","属性","大","vast","vɑːst","adj. 巨大的；大量的；辽阔的","Try using ""vast"" in a sentence related to 事物属性 大.","1212"
"1213","categorized-collection","按类型区分（4000词）","属性","大","magnitude","ˈmæɡnɪtjuːd","n. 重要性；巨大；震级","Try using ""magnitude"" in a sentence related to 事物属性 大.","1213"
"1214","categorized-collection","按类型区分（4000词）","属性","大","mammoth","ˈmæməθ","adj. 巨大的；庞大的 n. 猛玛（象）；庞然大物","Try using ""mammoth"" in a sentence related to 事物属性 大.","1214"
"1215","categorized-collection","按类型区分（4000词）","属性","大","gargantuan","ɡɑːˈɡæntʃuən","adj. 巨大的；庞大的","Try using ""gargantuan"" in a sentence related to 事物属性 大.","1215"
"1216","categorized-collection","按类型区分（4000词）","属性","大","monstrous","ˈmɒnstrəs","adj. 巨大的；畸形的；恐怖的","Try using ""monstrous"" in a sentence related to 事物属性 大.","1216"
"1217","categorized-collection","按类型区分（4000词）","属性","大","immeasurable","ɪˈmeʒərəb(ə)l","adj. 不可估量的；不可测量的；无限的","Try using ""immeasurable"" in a sentence related to 事物属性 大.","1217"
"1218","categorized-collection","按类型区分（4000词）","属性","大","incalculable","ɪnˈkælkjələb(ə)l","adj. 无数的；不可计算的；不可预料的","Try using ""incalculable"" in a sentence related to 事物属性 大.","1218"
"1219","categorized-collection","按类型区分（4000词）","属性","地点","destination","ˌdestɪˈneɪʃ(ə)n","n. 目的地；终点","Try using ""destination"" in a sentence related to 事物属性 地点.","1219"
"1220","categorized-collection","按类型区分（4000词）","属性","地点","entry","ˈentri","n. 进入；参与；参赛作品；条目；入口","Try using ""entry"" in a sentence related to 事物属性 地点.","1220"
"1221","categorized-collection","按类型区分（4000词）","属性","地点","exit","ˈeksɪt","n. 出口 v. 退出；离去","Try using ""exit"" in a sentence related to 事物属性 地点.","1221"
"1222","categorized-collection","按类型区分（4000词）","属性","地点","outlet","ˈaʊtlet","n. 出口；发泄途径；经销店；折扣店","Try using ""outlet"" in a sentence related to 事物属性 地点.","1222"
"1223","categorized-collection","按类型区分（4000词）","属性","地点","entrance","ˈentrəns","n. 入口；进入；到场 v. 使出神；使入迷","Try using ""entrance"" in a sentence related to 事物属性 地点.","1223"
"1224","categorized-collection","按类型区分（4000词）","属性","多","excessive","ɪkˈsesɪv","adj. 过度的；过分的","Try using ""excessive"" in a sentence related to 事物属性 多.","1224"
"1225","categorized-collection","按类型区分（4000词）","属性","多","miscellaneous","ˌmɪsəˈleɪniəs","adj. 混杂的；各种各样的","Try using ""miscellaneous"" in a sentence related to 事物属性 多.","1225"
"1226","categorized-collection","按类型区分（4000词）","属性","多","multitude","ˈmʌltɪtjuːd","n. 大量；众多；群众","Try using ""multitude"" in a sentence related to 事物属性 多.","1226"
"1227","categorized-collection","按类型区分（4000词）","属性","多","numerous","ˈnjuːmərəs","adj. 许多的；众多的","Try using ""numerous"" in a sentence related to 事物属性 多.","1227"
"1228","categorized-collection","按类型区分（4000词）","属性","多","remittance","rɪˈmɪt(ə)ns","n. 汇款","Try using ""remittance"" in a sentence related to 事物属性 多.","1228"
"1229","categorized-collection","按类型区分（4000词）","属性","多","massive","ˈmæsɪv","adj. 大而重的；大规模的","Try using ""massive"" in a sentence related to 事物属性 多.","1229"
"1230","categorized-collection","按类型区分（4000词）","属性","多","plentiful","ˈplentɪf(ə)l","adj. 丰富的；充裕的","Try using ""plentiful"" in a sentence related to 事物属性 多.","1230"
"1231","categorized-collection","按类型区分（4000词）","属性","多","abundant","əˈbʌndənt","adj. 丰富的；充裕的","Try using ""abundant"" in a sentence related to 事物属性 多.","1231"
"1232","categorized-collection","按类型区分（4000词）","属性","多","copious","ˈkəʊpiəs","adj. 大量的；丰富的","Try using ""copious"" in a sentence related to 事物属性 多.","1232"
"1233","categorized-collection","按类型区分（4000词）","属性","多","plenteous","ˈplentiəs","adj. 许多的；丰饶的；充足的；丰富的","Try using ""plenteous"" in a sentence related to 事物属性 多.","1233"
"1234","categorized-collection","按类型区分（4000词）","属性","多","example","ɪɡˈzɑːmp(ə)l","n. 例子；实例；榜样","Try using ""example"" in a sentence related to 事物属性 多.","1234"
"1235","categorized-collection","按类型区分（4000词）","属性","多","lavish","ˈlævɪʃ","adj. 奢侈的；慷慨给予的；挥霍的；过多的 v. 浪费；挥霍；慷慨给予","Try using ""lavish"" in a sentence related to 事物属性 多.","1235"
"1236","categorized-collection","按类型区分（4000词）","属性","多","profuse","prəˈfjuːs","adj. 大量的；不吝惜的；浪费的","Try using ""profuse"" in a sentence related to 事物属性 多.","1236"
"1237","categorized-collection","按类型区分（4000词）","属性","多","teeming","ˈtiːmɪŋ","adj. 丰富的；热闹的 v. 充满；充斥；“teem”的现在分词","Try using ""teeming"" in a sentence related to 事物属性 多.","1237"
"1238","categorized-collection","按类型区分（4000词）","属性","多","prolific","prəˈlɪfɪk","adj. 多产的；作品丰富的","Try using ""prolific"" in a sentence related to 事物属性 多.","1238"
"1239","categorized-collection","按类型区分（4000词）","属性","多","swarm","swɔːm","n. 群；蜂群 v. 云集；充满","Try using ""swarm"" in a sentence related to 事物属性 多.","1239"
"1240","categorized-collection","按类型区分（4000词）","属性","多","plethora","ˈpleθərə","n. 过多；过量；过剩","Try using ""plethora"" in a sentence related to 事物属性 多.","1240"
"1241","categorized-collection","按类型区分（4000词）","属性","古怪","abnormal","æbˈnɔːm(ə)l","adj. 不正常的","Try using ""abnormal"" in a sentence related to 事物属性 古怪.","1241"
"1242","categorized-collection","按类型区分（4000词）","属性","古怪","bizarre","bɪˈzɑː(r)","adj. 离奇的；奇特的；奇怪的","Try using ""bizarre"" in a sentence related to 事物属性 古怪.","1242"
"1243","categorized-collection","按类型区分（4000词）","属性","古怪","eccentric","ɪkˈsentrɪk","adj. 古怪的；偏离轨道的 n. 怪人；偏离轨道运行","Try using ""eccentric"" in a sentence related to 事物属性 古怪.","1243"
"1244","categorized-collection","按类型区分（4000词）","属性","古怪","erratic","ɪˈrætɪk","adj. 古怪的；飘忽不定的；不稳定的","Try using ""erratic"" in a sentence related to 事物属性 古怪.","1244"
"1245","categorized-collection","按类型区分（4000词）","属性","古怪","queer","kwɪə(r)","adj. 古怪的；难以解释的","Try using ""queer"" in a sentence related to 事物属性 古怪.","1245"
"1246","categorized-collection","按类型区分（4000词）","属性","古怪","weird","wɪəd","adj. 离奇的；古怪的；怪异的","Try using ""weird"" in a sentence related to 事物属性 古怪.","1246"
"1247","categorized-collection","按类型区分（4000词）","属性","古怪","oddity","ˈɒdəti","n. 古怪；奇异；怪人（物）","Try using ""oddity"" in a sentence related to 事物属性 古怪.","1247"
"1248","categorized-collection","按类型区分（4000词）","属性","古怪","whimsical","ˈwɪmzɪk(ə)l","adj. 异想天开的；古怪的；反复无常的","Try using ""whimsical"" in a sentence related to 事物属性 古怪.","1248"
"1249","categorized-collection","按类型区分（4000词）","属性","古怪","aberrant","ˈæbərənt","adj. 脱离正道的；脱离常轨的","Try using ""aberrant"" in a sentence related to 事物属性 古怪.","1249"
"1250","categorized-collection","按类型区分（4000词）","属性","合适","adapt","əˈdæpt","v. 适应；改编","Try using ""adapt"" in a sentence related to 事物属性 合适.","1250"
"1251","categorized-collection","按类型区分（4000词）","属性","合适","adaptable","əˈdæptəb(ə)l","adj. 能适应的；可适用的","Try using ""adaptable"" in a sentence related to 事物属性 合适.","1251"
"1252","categorized-collection","按类型区分（4000词）","属性","合适","adaptation","ˌædæpˈteɪʃ(ə)n","n. 适应；改编的作品","Try using ""adaptation"" in a sentence related to 事物属性 合适.","1252"
"1253","categorized-collection","按类型区分（4000词）","属性","合适","advisable","ədˈvaɪzəb(ə)l","adj. 明智的；可取的","Try using ""advisable"" in a sentence related to 事物属性 合适.","1253"
"1254","categorized-collection","按类型区分（4000词）","属性","合适","available","əˈveɪləb(ə)l","adj. 可获得的；可用的；有空的","Try using ""available"" in a sentence related to 事物属性 合适.","1254"
"1255","categorized-collection","按类型区分（4000词）","属性","合适","becoming","bɪˈkʌmɪŋ","adj. 合适的；与…相称的；适当的 v. 变成；成为；变得；“become”的现在分词","Try using ""becoming"" in a sentence related to 事物属性 合适.","1255"
"1256","categorized-collection","按类型区分（4000词）","属性","合适","coincide","ˌkəʊɪnˈsaɪd","v. 一致；相符合；巧合","Try using ""coincide"" in a sentence related to 事物属性 合适.","1256"
"1257","categorized-collection","按类型区分（4000词）","属性","合适","competent","ˈkɒmpɪtənt","adj. 有能力的；胜任的","Try using ""competent"" in a sentence related to 事物属性 合适.","1257"
"1258","categorized-collection","按类型区分（4000词）","属性","合适","conformity","kənˈfɔːməti","n. 符合；一致；遵从；依照","Try using ""conformity"" in a sentence related to 事物属性 合适.","1258"
"1259","categorized-collection","按类型区分（4000词）","属性","合适","correspondence","ˌkɒrəˈspɒndəns","n. 来信；通信联系；相似","Try using ""correspondence"" in a sentence related to 事物属性 合适.","1259"
"1260","categorized-collection","按类型区分（4000词）","属性","合适","entitled","ɪnˈtaɪt(ə)ld","adj. 有资格的 v. 授权；命名；“entitle”的过去式和过去分词","Try using ""entitled"" in a sentence related to 事物属性 合适.","1260"
"1261","categorized-collection","按类型区分（4000词）","属性","合适","expedient","ɪkˈspiːdiənt","n. 权宜之计；应急办法 adj. 权宜的","Try using ""expedient"" in a sentence related to 事物属性 合适.","1261"
"1262","categorized-collection","按类型区分（4000词）","属性","合适","feasible","ˈfiːzəb(ə)l","adj. 可行的；行得通的","Try using ""feasible"" in a sentence related to 事物属性 合适.","1262"
"1263","categorized-collection","按类型区分（4000词）","属性","合适","fit","fɪt","adj. 健康的；适合的 v. 符合；合身","Try using ""fit"" in a sentence related to 事物属性 合适.","1263"
"1264","categorized-collection","按类型区分（4000词）","属性","合适","fitting","ˈfɪtɪŋ","n. 试衣；试样 adj. 适合的；恰当的 v. 符合；合身；“fit”的现在分词","Try using ""fitting"" in a sentence related to 事物属性 合适.","1264"
"1265","categorized-collection","按类型区分（4000词）","属性","合适","methodical","məˈθɒdɪk(ə)l","adj. 井然的；有条理的","Try using ""methodical"" in a sentence related to 事物属性 合适.","1265"
"1266","categorized-collection","按类型区分（4000词）","属性","合适","pertinent","ˈpɜːtɪnənt","adj. 相关的；切题的","Try using ""pertinent"" in a sentence related to 事物属性 合适.","1266"
"1267","categorized-collection","按类型区分（4000词）","属性","合适","plausible","ˈplɔːzəb(ə)l","adj. 看似真实的；似乎可信的；似乎合理的","Try using ""plausible"" in a sentence related to 事物属性 合适.","1267"
"1268","categorized-collection","按类型区分（4000词）","属性","合适","preferable","ˈprefrəb(ə)l","adj. 较合意的；更可取的","Try using ""preferable"" in a sentence related to 事物属性 合适.","1268"
"1269","categorized-collection","按类型区分（4000词）","属性","合适","propriety","prəˈpraɪəti","n. 适当；妥当；得体","Try using ""propriety"" in a sentence related to 事物属性 合适.","1269"
"1270","categorized-collection","按类型区分（4000词）","属性","合适","qualified","ˈkwɒlɪfaɪd","adj. 有资格的；合格的；有保留的；有限制的 v. 取得资格；“qualify”的过去式和过去分词","Try using ""qualified"" in a sentence related to 事物属性 合适.","1270"
"1271","categorized-collection","按类型区分（4000词）","属性","合适","rational","ˈræʃnəl","adj. 理性的；理智的；合理的","Try using ""rational"" in a sentence related to 事物属性 合适.","1271"
"1272","categorized-collection","按类型区分（4000词）","属性","合适","reliable","rɪˈlaɪəb(ə)l","adj. 可靠的；可信的","Try using ""reliable"" in a sentence related to 事物属性 合适.","1272"
"1273","categorized-collection","按类型区分（4000词）","属性","合适","sober","ˈsəʊbə(r)","adj. 清醒的；严肃的；素淡的 v. （使）清醒，变得稳重","Try using ""sober"" in a sentence related to 事物属性 合适.","1273"
"1274","categorized-collection","按类型区分（4000词）","属性","合适","suitable","ˈsuːtəb(ə)l","adj. 合适的；适宜的","Try using ""suitable"" in a sentence related to 事物属性 合适.","1274"
"1275","categorized-collection","按类型区分（4000词）","属性","合适","suit","suːt","n. 套装；西装；诉讼 v. 适合；相配","Try using ""suit"" in a sentence related to 事物属性 合适.","1275"
"1276","categorized-collection","按类型区分（4000词）","属性","合适","tally","ˈtæli","n. 账目；记数；得分 v. 符合；合计；计分","Try using ""tally"" in a sentence related to 事物属性 合适.","1276"
"1277","categorized-collection","按类型区分（4000词）","属性","合适","temperate","ˈtempərət","adj. 有节制的；克制的；温和的","Try using ""temperate"" in a sentence related to 事物属性 合适.","1277"
"1278","categorized-collection","按类型区分（4000词）","属性","精巧","crafty","ˈkrɑːfti","adj. 巧妙的；狡诈的","Try using ""crafty"" in a sentence related to 事物属性 精巧.","1278"
"1279","categorized-collection","按类型区分（4000词）","属性","精巧","delicate","ˈdelɪkət","adj. 微妙的；易碎的；脆弱的；精致的","Try using ""delicate"" in a sentence related to 事物属性 精巧.","1279"
"1280","categorized-collection","按类型区分（4000词）","属性","精巧","dexterous","ˈdekstrəs","adj. 灵巧的（手）；熟练的；敏捷的","Try using ""dexterous"" in a sentence related to 事物属性 精巧.","1280"
"1281","categorized-collection","按类型区分（4000词）","属性","精巧","elaborate","ɪˈlæbərət","v. 精心制作；详尽阐述 adj. 精心制作的；详尽的","Try using ""elaborate"" in a sentence related to 事物属性 精巧.","1281"
"1282","categorized-collection","按类型区分（4000词）","属性","精巧","elegant","ˈelɪɡənt","adj. 优雅的；优美的；典雅的","Try using ""elegant"" in a sentence related to 事物属性 精巧.","1282"
"1283","categorized-collection","按类型区分（4000词）","属性","精巧","exquisite","ɪkˈskwɪzɪt","adj. 精美的；细腻的；强烈的","Try using ""exquisite"" in a sentence related to 事物属性 精巧.","1283"
"1284","categorized-collection","按类型区分（4000词）","属性","精巧","refined","rɪˈfaɪnd","adj. 精炼的；优雅的；经过改良的 v. 精炼；改进；“refine”的过去式和过去分词","Try using ""refined"" in a sentence related to 事物属性 精巧.","1284"
"1285","categorized-collection","按类型区分（4000词）","属性","静","sedate","sɪˈdeɪt","adj. 安详的；安静的；镇静的 v. 给…服镇静剂","Try using ""sedate"" in a sentence related to 事物属性 静.","1285"
"1286","categorized-collection","按类型区分（4000词）","属性","静","tranquil","ˈtræŋkwɪl","adj. 安静的；平静的；宁静的","Try using ""tranquil"" in a sentence related to 事物属性 静.","1286"
"1287","categorized-collection","按类型区分（4000词）","属性","静","placid","ˈplæsɪd","adj. 平静的；宁静的；温和的","Try using ""placid"" in a sentence related to 事物属性 静.","1287"
"1288","categorized-collection","按类型区分（4000词）","属性","静","static","ˈstætɪk","adj. 静止的；不变的 n. 静电","Try using ""static"" in a sentence related to 事物属性 静.","1288"
"1289","categorized-collection","按类型区分（4000词）","属性","静","serene","səˈriːn","adj. 平静的；宁静的；安详的","Try using ""serene"" in a sentence related to 事物属性 静.","1289"
"1290","categorized-collection","按类型区分（4000词）","属性","静","pacify","ˈpæsɪfaɪ","v. 安抚；抚慰；平定","Try using ""pacify"" in a sentence related to 事物属性 静.","1290"
"1291","categorized-collection","按类型区分（4000词）","属性","静","serenity","səˈrenəti","n. 安详；宁静","Try using ""serenity"" in a sentence related to 事物属性 静.","1291"
"1292","categorized-collection","按类型区分（4000词）","属性","静","Still","stɪl","adv. 仍然；还是 adj. 静止的；平静的","Try using ""Still"" in a sentence related to 事物属性 静.","1292"
"1293","categorized-collection","按类型区分（4000词）","属性","静","lull","lʌl","v. 使镇静；使安静；哄骗；麻痹 n. 间歇期；平静期","Try using ""lull"" in a sentence related to 事物属性 静.","1293"
"1294","categorized-collection","按类型区分（4000词）","属性","静","restful","ˈrestf(ə)l","adj. 益于休息的；宁静的；悠闲的","Try using ""restful"" in a sentence related to 事物属性 静.","1294"
"1295","categorized-collection","按类型区分（4000词）","属性","静","quietude","ˈkwaɪətjuːd","n. 宁静；平静；寂静","Try using ""quietude"" in a sentence related to 事物属性 静.","1295"
"1296","categorized-collection","按类型区分（4000词）","属性","距离","remote","rɪˈməʊt","adj. 偏远的；久远的；渺茫的 n. 遥控器","Try using ""remote"" in a sentence related to 事物属性 距离.","1296"
"1297","categorized-collection","按类型区分（4000词）","属性","距离","distant","ˈdɪstənt","adj. 遥远的；远处的；疏远的；冷漠的","Try using ""distant"" in a sentence related to 事物属性 距离.","1297"
"1298","categorized-collection","按类型区分（4000词）","属性","距离","proximity","prɒkˈsɪməti","n. 接近；亲近","Try using ""proximity"" in a sentence related to 事物属性 距离.","1298"
"1299","categorized-collection","按类型区分（4000词）","属性","距离","adjacent","əˈdʒeɪs(ə)nt","adj. 相邻的；邻近的","Try using ""adjacent"" in a sentence related to 事物属性 距离.","1299"
"1300","categorized-collection","按类型区分（4000词）","属性","距离","adjoin","əˈdʒɔɪn","v. 毗连；紧挨","Try using ""adjoin"" in a sentence related to 事物属性 距离.","1300"
"1301","categorized-collection","按类型区分（4000词）","属性","距离","adjoining","əˈdʒɔɪnɪŋ","adj. 贴邻的；毗连的 v. 邻接；毗连；“adjoin”的现在分词","Try using ""adjoining"" in a sentence related to 事物属性 距离.","1301"
"1302","categorized-collection","按类型区分（4000词）","属性","距离","propinquity","prəˈpɪŋkwəti","n. 邻近；接近；（血统上的）近亲","Try using ""propinquity"" in a sentence related to 事物属性 距离.","1302"
"1303","categorized-collection","按类型区分（4000词）","属性","距离","neighboring","ˈneɪbərɪŋ","adj. 邻近的；毗邻的","Try using ""neighboring"" in a sentence related to 事物属性 距离.","1303"
"1304","categorized-collection","按类型区分（4000词）","属性","距离","bordering","ˈbɔːdərɪŋ","n. 边缘；设立疆界；加边; v. 接壤（border 的 ing 形式）；在……上加边","Try using ""bordering"" in a sentence related to 事物属性 距离.","1304"
"1305","categorized-collection","按类型区分（4000词）","属性","距离","abut","əˈbʌt","v. 邻接；毗连","Try using ""abut"" in a sentence related to 事物属性 距离.","1305"
"1306","categorized-collection","按类型区分（4000词）","属性","距离","circumjacent","ˌsɜːkəmˈdʒeɪsnt","adj. 周围的；邻接的；围绕着的","Try using ""circumjacent"" in a sentence related to 事物属性 距离.","1306"
"1307","categorized-collection","按类型区分（4000词）","属性","距离","contiguous","kənˈtɪɡjuəs","adj. 相接的；相邻的；接壤的","Try using ""contiguous"" in a sentence related to 事物属性 距离.","1307"
"1308","categorized-collection","按类型区分（4000词）","属性","距离","border","ˈbɔːdə(r)","n. 边界；边疆 v. 和…毗邻；与…接壤","Try using ""border"" in a sentence related to 事物属性 距离.","1308"
"1309","categorized-collection","按类型区分（4000词）","属性","空","bare","beə(r)","adj. 赤裸的；空的；光秃秃的；仅有的 v. 使露出","Try using ""bare"" in a sentence related to 事物属性 空.","1309"
"1310","categorized-collection","按类型区分（4000词）","属性","空","empty","ˈempti","adj. 空的；无意义的 v. 倒空；变空","Try using ""empty"" in a sentence related to 事物属性 空.","1310"
"1311","categorized-collection","按类型区分（4000词）","属性","空","evacuate","ɪˈvækjueɪt","v. 撤离；疏散；撤出","Try using ""evacuate"" in a sentence related to 事物属性 空.","1311"
"1312","categorized-collection","按类型区分（4000词）","属性","空","null","nʌl","adj. 等于零的；无效的；无价值的","Try using ""null"" in a sentence related to 事物属性 空.","1312"
"1313","categorized-collection","按类型区分（4000词）","属性","空","vacant","ˈveɪkənt","adj. 空缺的；空虚的；茫然若失的","Try using ""vacant"" in a sentence related to 事物属性 空.","1313"
"1314","categorized-collection","按类型区分（4000词）","属性","空","vacuum","ˈvækjuːm","n. 真空；空虚 v. 用真空吸尘器打扫","Try using ""vacuum"" in a sentence related to 事物属性 空.","1314"
"1315","categorized-collection","按类型区分（4000词）","属性","空","void","vɔɪd","adj. 空的；缺乏的；无效的 n. 空白；空虚 v. 取消；使无效","Try using ""void"" in a sentence related to 事物属性 空.","1315"
"1316","categorized-collection","按类型区分（4000词）","属性","空","cavity","ˈkævəti","n. 腔；窝；洞；孔","Try using ""cavity"" in a sentence related to 事物属性 空.","1316"
"1317","categorized-collection","按类型区分（4000词）","属性","空","vacuous","ˈvækjuəs","adj. 空虚的；茫然的；空洞的","Try using ""vacuous"" in a sentence related to 事物属性 空.","1317"
"1318","categorized-collection","按类型区分（4000词）","属性","空","hollow","ˈhɒləʊ","adj. 中空的；空洞的 n. 凹陷处；坑洼处","Try using ""hollow"" in a sentence related to 事物属性 空.","1318"
"1319","categorized-collection","按类型区分（4000词）","属性","空","cavern","ˈkævən","n. 大洞穴；大山洞","Try using ""cavern"" in a sentence related to 事物属性 空.","1319"
"1320","categorized-collection","按类型区分（4000词）","属性","宽敞","spacious","ˈspeɪʃəs","adj. 宽敞的；广阔的","Try using ""spacious"" in a sentence related to 事物属性 宽敞.","1320"
"1321","categorized-collection","按类型区分（4000词）","属性","宽敞","expansive","ɪkˈspænsɪv","adj. 膨胀的；广阔的；豁达的；健谈的","Try using ""expansive"" in a sentence related to 事物属性 宽敞.","1321"
"1322","categorized-collection","按类型区分（4000词）","属性","宽敞","commodious","kəˈməʊdiəs","adj. 宽敞的","Try using ""commodious"" in a sentence related to 事物属性 宽敞.","1322"
"1323","categorized-collection","按类型区分（4000词）","属性","宽敞","broad","brɔːd","adj. 宽阔的；广阔的","Try using ""broad"" in a sentence related to 事物属性 宽敞.","1323"
"1324","categorized-collection","按类型区分（4000词）","属性","宽敞","loose","luːs","v. 松开；释放 adj. 未固定牢的；宽松的","Try using ""loose"" in a sentence related to 事物属性 宽敞.","1324"
"1325","categorized-collection","按类型区分（4000词）","属性","宽敞","capacious","kəˈpeɪʃəs","adj. 容量大的；广阔的；宽敞的","Try using ""capacious"" in a sentence related to 事物属性 宽敞.","1325"
"1326","categorized-collection","按类型区分（4000词）","属性","宽敞","roomy","ˈruːmi","adj. 宽敞的；宽大的","Try using ""roomy"" in a sentence related to 事物属性 宽敞.","1326"
"1327","categorized-collection","按类型区分（4000词）","属性","宽敞","sizeable","ˈsaɪzəb(ə)l","adj. 相当大的","Try using ""sizeable"" in a sentence related to 事物属性 宽敞.","1327"
"1328","categorized-collection","按类型区分（4000词）","属性","宽敞","voluminous","vəˈluːmɪnəs","adj. 宽松的；容积大的；部头大的；卷数多的","Try using ""voluminous"" in a sentence related to 事物属性 宽敞.","1328"
"1329","categorized-collection","按类型区分（4000词）","属性","量","adequate","ˈædɪkwət","adj. 足够的；尚可的","Try using ""adequate"" in a sentence related to 事物属性 量.","1329"
"1330","categorized-collection","按类型区分（4000词）","属性","量","block","blɒk","n. 块；街区；大楼；大厦；障碍物 v. 阻塞；阻碍","Try using ""block"" in a sentence related to 事物属性 量.","1330"
"1331","categorized-collection","按类型区分（4000词）","属性","量","bulk","bʌlk","n. 巨大的东西；大量；大部分；体积","Try using ""bulk"" in a sentence related to 事物属性 量.","1331"
"1332","categorized-collection","按类型区分（4000词）","属性","量","countless","ˈkaʊntləs","adj. 无数的；多的；数不清的","Try using ""countless"" in a sentence related to 事物属性 量.","1332"
"1333","categorized-collection","按类型区分（4000词）","属性","量","excess","ɪkˈses","n. 过度；超过；过量 adj. 多余的；过多的","Try using ""excess"" in a sentence related to 事物属性 量.","1333"
"1334","categorized-collection","按类型区分（4000词）","属性","量","excessive","ɪkˈsesɪv","adj. 过度的；过分的","Try using ""excessive"" in a sentence related to 事物属性 量.","1334"
"1335","categorized-collection","按类型区分（4000词）","属性","量","fraught","frɔːt","adj. 充满（不愉快事物）的；焦虑的","Try using ""fraught"" in a sentence related to 事物属性 量.","1335"
"1336","categorized-collection","按类型区分（4000词）","属性","量","further","ˈfɜːðə(r)","adv. 更远；进一步；此外 adj. 附加的；更多的 v. 促进；推动","Try using ""further"" in a sentence related to 事物属性 量.","1336"
"1337","categorized-collection","按类型区分（4000词）","属性","量","innumerable","ɪˈnjuːmərəb(ə)l","adj. 无数的；数不清的","Try using ""innumerable"" in a sentence related to 事物属性 量.","1337"
"1338","categorized-collection","按类型区分（4000词）","属性","量","majority","məˈdʒɒrəti","n. 大多数；大部分","Try using ""majority"" in a sentence related to 事物属性 量.","1338"
"1339","categorized-collection","按类型区分（4000词）","属性","量","multitude","ˈmʌltɪtjuːd","n. 大量；众多；群众","Try using ""multitude"" in a sentence related to 事物属性 量.","1339"
"1340","categorized-collection","按类型区分（4000词）","属性","量","numerous","ˈnjuːmərəs","adj. 许多的；众多的","Try using ""numerous"" in a sentence related to 事物属性 量.","1340"
"1341","categorized-collection","按类型区分（4000词）","属性","量","pervade","pəˈveɪd","v. 弥漫；遍及；蔓延","Try using ""pervade"" in a sentence related to 事物属性 量.","1341"
"1342","categorized-collection","按类型区分（4000词）","属性","量","quantitative","ˈkwɒntɪtətɪv","adj. 数量的；定量的","Try using ""quantitative"" in a sentence related to 事物属性 量.","1342"
"1343","categorized-collection","按类型区分（4000词）","属性","量","quantity","ˈkwɒntəti","n. 量；数量；大量","Try using ""quantity"" in a sentence related to 事物属性 量.","1343"
"1344","categorized-collection","按类型区分（4000词）","属性","量","redundant","rɪˈdʌndənt","adj. 多余的；过剩的；被裁减的","Try using ""redundant"" in a sentence related to 事物属性 量.","1344"
"1345","categorized-collection","按类型区分（4000词）","属性","量","skimpy","ˈskɪmpi","adj. 短小的；少量的；贫乏的；不足的；吝啬的","Try using ""skimpy"" in a sentence related to 事物属性 量.","1345"
"1346","categorized-collection","按类型区分（4000词）","属性","量","spare","speə(r)","adj. 多余的；空闲的；备用的；瘦削的；简陋的 v. 节省；抽出；分让；宽恕；使免遭","Try using ""spare"" in a sentence related to 事物属性 量.","1346"
"1347","categorized-collection","按类型区分（4000词）","属性","量","sporadic","spəˈrædɪk","adj. 不定时发生的；时有时无的；零星的","Try using ""sporadic"" in a sentence related to 事物属性 量.","1347"
"1348","categorized-collection","按类型区分（4000词）","属性","量","sufficient","səˈfɪʃ(ə)nt","adj. 足够的；充足的","Try using ""sufficient"" in a sentence related to 事物属性 量.","1348"
"1349","categorized-collection","按类型区分（4000词）","属性","量","suffuse","səˈfjuːz","v. 弥漫于；充满；扩散；布满","Try using ""suffuse"" in a sentence related to 事物属性 量.","1349"
"1350","categorized-collection","按类型区分（4000词）","属性","量","team","tiːm","n. 队；团队；球队","Try using ""team"" in a sentence related to 事物属性 量.","1350"
"1351","categorized-collection","按类型区分（4000词）","属性","量","volume","ˈvɒljuːm","n. 卷；册；体积；音量","Try using ""volume"" in a sentence related to 事物属性 量.","1351"
"1352","categorized-collection","按类型区分（4000词）","属性","普遍","universal","ˌjuːnɪˈvɜːs(ə)l","adj. 普遍的；全体的","Try using ""universal"" in a sentence related to 事物属性 普遍.","1352"
"1353","categorized-collection","按类型区分（4000词）","属性","普遍","exhaustive","ɪɡˈzɔːstɪv","adj. 详尽的；彻底的；无遗漏的","Try using ""exhaustive"" in a sentence related to 事物属性 普遍.","1353"
"1354","categorized-collection","按类型区分（4000词）","属性","普遍","extensive","ɪkˈstensɪv","adj. 广大的；广阔的；广泛的；大量的","Try using ""extensive"" in a sentence related to 事物属性 普遍.","1354"
"1355","categorized-collection","按类型区分（4000词）","属性","普遍","catholic","ˈkæθlɪk","n. 天主教徒 adj. 天主教的","Try using ""catholic"" in a sentence related to 事物属性 普遍.","1355"
"1356","categorized-collection","按类型区分（4000词）","属性","普遍","widespread","ˈwaɪdspred","adj. 流传甚广的；分布广的","Try using ""widespread"" in a sentence related to 事物属性 普遍.","1356"
"1357","categorized-collection","按类型区分（4000词）","属性","普遍","unanimous","juˈnænɪməs","adj. 全体一致的；一致同意的；无异议的","Try using ""unanimous"" in a sentence related to 事物属性 普遍.","1357"
"1358","categorized-collection","按类型区分（4000词）","属性","普遍","ubiquitous","juːˈbɪkwɪtəs","adj. 到处存在的","Try using ""ubiquitous"" in a sentence related to 事物属性 普遍.","1358"
"1359","categorized-collection","按类型区分（4000词）","属性","普遍","prevalent","ˈprevələnt","adj. 普遍的；流行的；盛行的","Try using ""prevalent"" in a sentence related to 事物属性 普遍.","1359"
"1360","categorized-collection","按类型区分（4000词）","属性","普遍","pervasive","pəˈveɪsɪv","adj. 遍布的；弥漫的","Try using ""pervasive"" in a sentence related to 事物属性 普遍.","1360"
"1361","categorized-collection","按类型区分（4000词）","属性","普遍","diffusive","dɪˈfjuːsɪv","adj. 扩散的；散布性的","Try using ""diffusive"" in a sentence related to 事物属性 普遍.","1361"
"1362","categorized-collection","按类型区分（4000词）","属性","普通","average","ˈævərɪdʒ","adj. 平均的；普通的 n. 平均数；平均水平 v. 平均为…","Try using ""average"" in a sentence related to 事物属性 普通.","1362"
"1363","categorized-collection","按类型区分（4000词）","属性","普通","commonplace","ˈkɒmənpleɪs","adj. 普通的；平庸的 n. 平凡的事","Try using ""commonplace"" in a sentence related to 事物属性 普通.","1363"
"1364","categorized-collection","按类型区分（4000词）","属性","普通","general","ˈdʒenrəl","adj. 总的；普遍的；一般的；大致的；首席的 n. 将军","Try using ""general"" in a sentence related to 事物属性 普通.","1364"
"1365","categorized-collection","按类型区分（4000词）","属性","普通","mediocre","ˌmiːdiˈəʊkə(r)","adj. 平庸的；平凡的；普通的","Try using ""mediocre"" in a sentence related to 事物属性 普通.","1365"
"1366","categorized-collection","按类型区分（4000词）","属性","普通","ordinary","ˈɔːd(ə)nri","adj. 普通的；平常的；一般的","Try using ""ordinary"" in a sentence related to 事物属性 普通.","1366"
"1367","categorized-collection","按类型区分（4000词）","属性","普通","pedestrian","pəˈdestriən","n. 行人；步行者 adj. 步行的；呆板的；平淡无奇的","Try using ""pedestrian"" in a sentence related to 事物属性 普通.","1367"
"1368","categorized-collection","按类型区分（4000词）","属性","普通","mundane","mʌnˈdeɪn","adj. 世俗的；平凡的","Try using ""mundane"" in a sentence related to 事物属性 普通.","1368"
"1369","categorized-collection","按类型区分（4000词）","属性","少","scarce","skeəs","adj. 缺乏的；不足的；稀有的","Try using ""scarce"" in a sentence related to 事物属性 少.","1369"
"1370","categorized-collection","按类型区分（4000词）","属性","少","paucity","ˈpɔːsəti","n. 不足；缺乏","Try using ""paucity"" in a sentence related to 事物属性 少.","1370"
"1371","categorized-collection","按类型区分（4000词）","属性","少","tiny","ˈtaɪni","adj. 极小的；微小的；微量的","Try using ""tiny"" in a sentence related to 事物属性 少.","1371"
"1372","categorized-collection","按类型区分（4000词）","属性","少","scant","skænt","adj. 一丁点的；微小的；不足的；欠缺的","Try using ""scant"" in a sentence related to 事物属性 少.","1372"
"1373","categorized-collection","按类型区分（4000词）","属性","少","sparse","spɑːs","adj. 稀少的；稀疏的","Try using ""sparse"" in a sentence related to 事物属性 少.","1373"
"1374","categorized-collection","按类型区分（4000词）","属性","少","inadequate","ɪnˈædɪkwət","adj. 不充分的； 不足的；能力不足的","Try using ""inadequate"" in a sentence related to 事物属性 少.","1374"
"1375","categorized-collection","按类型区分（4000词）","属性","少","scarcity","ˈskeəsəti","n. 缺乏；不足；缺少","Try using ""scarcity"" in a sentence related to 事物属性 少.","1375"
"1376","categorized-collection","按类型区分（4000词）","属性","少","awareness","əˈweənəs","n. 意识；认识；察觉","Try using ""awareness"" in a sentence related to 事物属性 少.","1376"
"1377","categorized-collection","按类型区分（4000词）","属性","少","dearth","dɜːθ","n. 缺乏；不足","Try using ""dearth"" in a sentence related to 事物属性 少.","1377"
"1378","categorized-collection","按类型区分（4000词）","属性","少","slight","slaɪt","adj. 轻微的；微小的；细瘦的 n. 轻慢 v. 轻视","Try using ""slight"" in a sentence related to 事物属性 少.","1378"
"1379","categorized-collection","按类型区分（4000词）","属性","少","deficient","dɪˈfɪʃ(ə)nt","adj. 不足的；缺乏的；有缺陷的","Try using ""deficient"" in a sentence related to 事物属性 少.","1379"
"1380","categorized-collection","按类型区分（4000词）","属性","少","undersupplied","ˌʌndəsəˈplaɪd","adj. 供应不足的；补给不足的","Try using ""undersupplied"" in a sentence related to 事物属性 少.","1380"
"1381","categorized-collection","按类型区分（4000词）","属性","少","lacking","ˈlækɪŋ","adj. 缺乏的；不足的 v. 缺乏；短缺；“lack”的现在分词","Try using ""lacking"" in a sentence related to 事物属性 少.","1381"
"1382","categorized-collection","按类型区分（4000词）","属性","特质","character","ˈkærəktə(r)","n. 人物角色；性格；特点；文字","Try using ""character"" in a sentence related to 事物属性 特质.","1382"
"1383","categorized-collection","按类型区分（4000词）","属性","特质","characteristic","ˌkærəktəˈrɪstɪk","adj. 典型的；特有的 n. 特点；特性","Try using ""characteristic"" in a sentence related to 事物属性 特质.","1383"
"1384","categorized-collection","按类型区分（4000词）","属性","特质","extraordinary","ɪkˈstrɔːd(ə)nri","adj. 不平常的；非凡的","Try using ""extraordinary"" in a sentence related to 事物属性 特质.","1384"
"1385","categorized-collection","按类型区分（4000词）","属性","特质","given","ˈɡɪv(ə)n","v. 给予；“give”的过去分词 prep. 考虑到 adj. 规定的","Try using ""given"" in a sentence related to 事物属性 特质.","1385"
"1386","categorized-collection","按类型区分（4000词）","属性","特质","idiosyncrasy","ˌɪdiəˈsɪŋkrəsi","n. 特性；习性；癖性","Try using ""idiosyncrasy"" in a sentence related to 事物属性 特质.","1386"
"1387","categorized-collection","按类型区分（4000词）","属性","特质","original","əˈrɪdʒən(ə)l","n. 原件；原稿 adj. 原来的；原版的；新颖的；有创造性的","Try using ""original"" in a sentence related to 事物属性 特质.","1387"
"1388","categorized-collection","按类型区分（4000词）","属性","特质","particularly","pəˈtɪkjələli","adv. 特别；尤其","Try using ""particularly"" in a sentence related to 事物属性 特质.","1388"
"1389","categorized-collection","按类型区分（4000词）","属性","特质","quaint","kweɪnt","adj. 离奇有趣的；古色古香的；古怪的","Try using ""quaint"" in a sentence related to 事物属性 特质.","1389"
"1390","categorized-collection","按类型区分（4000词）","属性","特质","trait","treɪt","n. 特性；特点","Try using ""trait"" in a sentence related to 事物属性 特质.","1390"
"1391","categorized-collection","按类型区分（4000词）","属性","特质","attribute","əˈtrɪbjuːt","v. 由…引起；把…归因于；认为是…创作的 n. 属性；品质；特征；定语","Try using ""attribute"" in a sentence related to 事物属性 特质.","1391"
"1392","categorized-collection","按类型区分（4000词）","属性","特质","feature","ˈfiːtʃə(r)","n. 特征；报刊特写 v. 以…为特色；是…的重要组成；放映","Try using ""feature"" in a sentence related to 事物属性 特质.","1392"
"1393","categorized-collection","按类型区分（4000词）","属性","特质","unique","juˈniːk","adj. 唯一的；独特的","Try using ""unique"" in a sentence related to 事物属性 特质.","1393"
"1394","categorized-collection","按类型区分（4000词）","属性","万能","panacea","ˌpænəˈsiːə","n. 万应药；灵丹妙药","Try using ""panacea"" in a sentence related to 事物属性 万能.","1394"
"1395","categorized-collection","按类型区分（4000词）","属性","万能","cure-all","ˈkjʊər ɔːl","n. 万应灵药；仙丹","Try using ""cure-all"" in a sentence related to 事物属性 万能.","1395"
"1396","categorized-collection","按类型区分（4000词）","属性","万能","omnipotent","ɒmˈnɪpətənt","adj. 全能的；无所不能的","Try using ""omnipotent"" in a sentence related to 事物属性 万能.","1396"
"1397","categorized-collection","按类型区分（4000词）","属性","万能","almighty","ɔːlˈmaɪti","adj. 全能的； 有无限权力的；很大的","Try using ""almighty"" in a sentence related to 事物属性 万能.","1397"
"1398","categorized-collection","按类型区分（4000词）","属性","万能","all-powerful","ɔːlˈpaʊəfl","adj. 全能的","Try using ""all-powerful"" in a sentence related to 事物属性 万能.","1398"
"1399","categorized-collection","按类型区分（4000词）","属性","危险","all-powerful","ɔːlˈpaʊəfl","adj. 全能的","Try using ""all-powerful"" in a sentence related to 事物属性 危险.","1399"
"1400","categorized-collection","按类型区分（4000词）","属性","危险","imperil","ɪmˈperəl","v. 使陷于危险；危及","Try using ""imperil"" in a sentence related to 事物属性 危险.","1400"
"1401","categorized-collection","按类型区分（4000词）","属性","危险","vulnerability","ˌvʌlnərəˈbɪləti","n. 脆弱性；弱点；致命性","Try using ""vulnerability"" in a sentence related to 事物属性 危险.","1401"
"1402","categorized-collection","按类型区分（4000词）","属性","危险","prejudice","ˈpredʒədɪs","n. 偏见；成见 v. 使有偏见；损害","Try using ""prejudice"" in a sentence related to 事物属性 危险.","1402"
"1403","categorized-collection","按类型区分（4000词）","属性","味道","acid","ˈæsɪd","adj. 酸的；酸性的；刻薄的 n. 酸","Try using ""acid"" in a sentence related to 事物属性 味道.","1403"
"1404","categorized-collection","按类型区分（4000词）","属性","味道","savor","ˈseɪvə(r)","v. 品味；细品；享用；体会 n. 风味；滋味","Try using ""savor"" in a sentence related to 事物属性 味道.","1404"
"1405","categorized-collection","按类型区分（4000词）","属性","味道","aura","ˈɔːrə","n. 气质；气氛；氛围","Try using ""aura"" in a sentence related to 事物属性 味道.","1405"
"1406","categorized-collection","按类型区分（4000词）","属性","味道","aroma","əˈrəʊmə","n. 香味；芳香","Try using ""aroma"" in a sentence related to 事物属性 味道.","1406"
"1407","categorized-collection","按类型区分（4000词）","属性","味道","smell","smel","n. 闻；气味；嗅觉 v. 嗅；闻；散发气味；察觉","Try using ""smell"" in a sentence related to 事物属性 味道.","1407"
"1408","categorized-collection","按类型区分（4000词）","属性","味道","flavor","ˈfleɪvə(r)","n. 风味；味道；特色 v. 给…调味","Try using ""flavor"" in a sentence related to 事物属性 味道.","1408"
"1409","categorized-collection","按类型区分（4000词）","属性","味道","pungent","ˈpʌndʒənt","adj. 刺鼻的；一语道破的","Try using ""pungent"" in a sentence related to 事物属性 味道.","1409"
"1410","categorized-collection","按类型区分（4000词）","属性","味道","fragrant","ˈfreɪɡrənt","adj. 芳香的；馥郁的","Try using ""fragrant"" in a sentence related to 事物属性 味道.","1410"
"1411","categorized-collection","按类型区分（4000词）","属性","味道","palatable","ˈpælətəb(ə)l","adj. 可口美味的；合意的；可接受的","Try using ""palatable"" in a sentence related to 事物属性 味道.","1411"
"1412","categorized-collection","按类型区分（4000词）","属性","味道","balmy","ˈbɑːmi","adj. 温和宜人的（气候）；芳香的","Try using ""balmy"" in a sentence related to 事物属性 味道.","1412"
"1413","categorized-collection","按类型区分（4000词）","属性","味道","delicious","dɪˈlɪʃəs","adj. 美味的；可口的","Try using ""delicious"" in a sentence related to 事物属性 味道.","1413"
"1414","categorized-collection","按类型区分（4000词）","属性","味道","sour","ˈsaʊə(r)","adj. 酸的；不友好的；坏脾气的 v. （使）变酸","Try using ""sour"" in a sentence related to 事物属性 味道.","1414"
"1415","categorized-collection","按类型区分（4000词）","属性","味道","perfume","ˈpɜːfjuːm","n. 香水；香味 v. 给…添加香味","Try using ""perfume"" in a sentence related to 事物属性 味道.","1415"
"1416","categorized-collection","按类型区分（4000词）","属性","味道","bitter","ˈbɪtə(r)","adj. 有苦味的；痛苦的；刺痛的；激烈而不快的","Try using ""bitter"" in a sentence related to 事物属性 味道.","1416"
"1417","categorized-collection","按类型区分（4000词）","属性","味道","odorous","ˈəʊdərəs","adj. 有气味的；有臭气的","Try using ""odorous"" in a sentence related to 事物属性 味道.","1417"
"1418","categorized-collection","按类型区分（4000词）","属性","味道","vinegary","ˈvɪnɪɡəri","adj. 酸的；尖酸的；醋的","Try using ""vinegary"" in a sentence related to 事物属性 味道.","1418"
"1419","categorized-collection","按类型区分（4000词）","属性","味道","peppery","ˈpɛpəri","adj. 辛辣的；胡椒味的；暴躁的","Try using ""peppery"" in a sentence related to 事物属性 味道.","1419"
"1420","categorized-collection","按类型区分（4000词）","属性","味道","fishy","ˈfɪʃi","adj. 鱼腥味的；靠不住的；可疑的","Try using ""fishy"" in a sentence related to 事物属性 味道.","1420"
"1421","categorized-collection","按类型区分（4000词）","属性","物理属性","all-powerful","ɔːlˈpaʊəfl","adj. 全能的","Try using ""all-powerful"" in a sentence related to 事物属性 物理属性.","1421"
"1422","categorized-collection","按类型区分（4000词）","属性","显著","emphatic","ɪmˈfætɪk","adj. 强调的；明确表示的；加强语气的","Try using ""emphatic"" in a sentence related to 事物属性 显著.","1422"
"1423","categorized-collection","按类型区分（4000词）","属性","显著","especially","ɪˈspeʃəli","adv. 尤其；特别；专门","Try using ""especially"" in a sentence related to 事物属性 显著.","1423"
"1424","categorized-collection","按类型区分（4000词）","属性","显著","imposing","ɪmˈpəʊzɪŋ","adj. 壮观的；堂皇的；使印象深刻的 v. 强加；征收；“impose”的现在分词","Try using ""imposing"" in a sentence related to 事物属性 显著.","1424"
"1425","categorized-collection","按类型区分（4000词）","属性","显著","impressive","ɪmˈpresɪv","adj. 令人印象深刻的；令人钦佩的","Try using ""impressive"" in a sentence related to 事物属性 显著.","1425"
"1426","categorized-collection","按类型区分（4000词）","属性","显著","marked","mɑːkt","adj. 明显的；显著的；有记号的 v. 做标记；（使）留痕迹；评分；“mark”的过去式和过去分词","Try using ""marked"" in a sentence related to 事物属性 显著.","1426"
"1427","categorized-collection","按类型区分（4000词）","属性","显著","obvious","ˈɒbviəs","adj. 明显的；显然的","Try using ""obvious"" in a sentence related to 事物属性 显著.","1427"
"1428","categorized-collection","按类型区分（4000词）","属性","显著","outstanding","aʊtˈstændɪŋ","adj. 杰出的；尚未处理的","Try using ""outstanding"" in a sentence related to 事物属性 显著.","1428"
"1429","categorized-collection","按类型区分（4000词）","属性","显著","pronounced","prəˈnaʊnst","adj. 显著的；断然的；明确的 v. 发音；宣告；“pronounce”的过去式和过去分词","Try using ""pronounced"" in a sentence related to 事物属性 显著.","1429"
"1430","categorized-collection","按类型区分（4000词）","属性","显著","remarkable","rɪˈmɑːkəb(ə)l","adj. 值得注意的；显著的；非凡的；不同寻常的","Try using ""remarkable"" in a sentence related to 事物属性 显著.","1430"
"1431","categorized-collection","按类型区分（4000词）","属性","显著","sharp","ʃɑːp","adj. 锋利的；灵敏的；尖刻的；骤变的","Try using ""sharp"" in a sentence related to 事物属性 显著.","1431"
"1432","categorized-collection","按类型区分（4000词）","属性","显著","distinct","dɪˈstɪŋkt","adj. 有区别的；清晰的；明显的","Try using ""distinct"" in a sentence related to 事物属性 显著.","1432"
"1433","categorized-collection","按类型区分（4000词）","属性","显著","palpable","ˈpælpəb(ə)l","adj. 可感知的；易察觉的；明显的","Try using ""palpable"" in a sentence related to 事物属性 显著.","1433"
"1434","categorized-collection","按类型区分（4000词）","属性","显著","notable","ˈnəʊtəb(ə)l","adj. 值得注意的；显著的；著名的 n. 名人；显要人物","Try using ""notable"" in a sentence related to 事物属性 显著.","1434"
"1435","categorized-collection","按类型区分（4000词）","属性","显著","prominent","ˈprɒmɪnənt","adj. 突出的；显著的；杰出的","Try using ""prominent"" in a sentence related to 事物属性 显著.","1435"
"1436","categorized-collection","按类型区分（4000词）","属性","显著","dramatic","drəˈmætɪk","adj. 急剧的；激动人心的；戏剧（性）的；引人注目的","Try using ""dramatic"" in a sentence related to 事物属性 显著.","1436"
"1437","categorized-collection","按类型区分（4000词）","属性","显著","significant","sɪɡˈnɪfɪkənt","adj. 重大的；重要的；影响明显的；意味深长的","Try using ""significant"" in a sentence related to 事物属性 显著.","1437"
"1438","categorized-collection","按类型区分（4000词）","属性","显著","noteworthy","ˈnəʊtwɜːði","adj. 值得注意的；显著的","Try using ""noteworthy"" in a sentence related to 事物属性 显著.","1438"
"1439","categorized-collection","按类型区分（4000词）","属性","小","minute","ˈmɪnɪt","n. 分钟；一会儿 adj. 微小的","Try using ""minute"" in a sentence related to 事物属性 小.","1439"
"1440","categorized-collection","按类型区分（4000词）","属性","小","diminutive","dɪˈmɪnjətɪv","adj. 极小的；特小的；微小的 n. 小的人；指小词缀；爱称","Try using ""diminutive"" in a sentence related to 事物属性 小.","1440"
"1441","categorized-collection","按类型区分（4000词）","属性","小","miniature","ˈmɪnətʃə(r)","adj. 迷你的；微型的；n. 微型画；小幅肖像；小型模型","Try using ""miniature"" in a sentence related to 事物属性 小.","1441"
"1442","categorized-collection","按类型区分（4000词）","属性","小","petite","pəˈtiːt","adj. 娇小的（妇女）","Try using ""petite"" in a sentence related to 事物属性 小.","1442"
"1443","categorized-collection","按类型区分（4000词）","属性","小","trivial","ˈtrɪviəl","adj. 不重要的；琐碎的；微不足道的","Try using ""trivial"" in a sentence related to 事物属性 小.","1443"
"1444","categorized-collection","按类型区分（4000词）","属性","小","insignificant","ˌɪnsɪɡˈnɪfɪkənt","adj. 无关紧要的；不重要的","Try using ""insignificant"" in a sentence related to 事物属性 小.","1444"
"1445","categorized-collection","按类型区分（4000词）","属性","小","infinitesimal","ˌɪnfɪnɪˈtesɪm(ə)l","adj. 极微的；无限小的","Try using ""infinitesimal"" in a sentence related to 事物属性 小.","1445"
"1446","categorized-collection","按类型区分（4000词）","属性","小","minuscule","ˈmɪnəskjuːl","adj. 极小的；微小的 n. 小写字母","Try using ""minuscule"" in a sentence related to 事物属性 小.","1446"
"1447","categorized-collection","按类型区分（4000词）","属性","小","trifling","ˈtraɪflɪŋ","adj. 微不足道的；无关紧要的 v. 闹着玩；玩弄；“trifle”的现在分词","Try using ""trifling"" in a sentence related to 事物属性 小.","1447"
"1448","categorized-collection","按类型区分（4000词）","属性","小","negligible","ˈneɡlɪdʒəb(ə)l","adj. 可以忽略的；微不足道的","Try using ""negligible"" in a sentence related to 事物属性 小.","1448"
"1449","categorized-collection","按类型区分（4000词）","属性","虚幻","conceive","kənˈsiːv","v. 构思；设想；怀孕","Try using ""conceive"" in a sentence related to 事物属性 虚幻.","1449"
"1450","categorized-collection","按类型区分（4000词）","属性","虚幻","fantasy","ˈfæntəsi","n. 幻想；奇幻","Try using ""fantasy"" in a sentence related to 事物属性 虚幻.","1450"
"1451","categorized-collection","按类型区分（4000词）","属性","虚幻","fictitious","fɪkˈtɪʃəs","adj. 虚构的；虚假的","Try using ""fictitious"" in a sentence related to 事物属性 虚幻.","1451"
"1452","categorized-collection","按类型区分（4000词）","属性","虚幻","figment","ˈfɪɡmənt","n. 虚构的东西","Try using ""figment"" in a sentence related to 事物属性 虚幻.","1452"
"1453","categorized-collection","按类型区分（4000词）","属性","虚幻","illusion","ɪˈluːʒ(ə)n","n. 错觉；幻觉","Try using ""illusion"" in a sentence related to 事物属性 虚幻.","1453"
"1454","categorized-collection","按类型区分（4000词）","属性","虚幻","imaginary","ɪˈmædʒɪnəri","adj. 想象中的；虚构的","Try using ""imaginary"" in a sentence related to 事物属性 虚幻.","1454"
"1455","categorized-collection","按类型区分（4000词）","属性","虚幻","imaginative","ɪˈmædʒɪnətɪv","adj. 有想象力的；富于想象的","Try using ""imaginative"" in a sentence related to 事物属性 虚幻.","1455"
"1456","categorized-collection","按类型区分（4000词）","属性","虚幻","mythical","ˈmɪθɪk(ə)l","adj. 神话的；虚构的；杜撰出来的","Try using ""mythical"" in a sentence related to 事物属性 虚幻.","1456"
"1457","categorized-collection","按类型区分（4000词）","属性","虚幻","occult","əˈkʌlt","adj. 超自然的；神秘的；隐藏的 v. 掩蔽 n. 神秘的事物；神秘学","Try using ""occult"" in a sentence related to 事物属性 虚幻.","1457"
"1458","categorized-collection","按类型区分（4000词）","属性","虚幻","superstition","ˌsuːpəˈstɪʃ(ə)n","n. 迷信；迷信观念（或思想）","Try using ""superstition"" in a sentence related to 事物属性 虚幻.","1458"
"1459","categorized-collection","按类型区分（4000词）","属性","虚幻","provisional","prəˈvɪʒən(ə)l","adj. 临时的；暂时的","Try using ""provisional"" in a sentence related to 事物属性 虚幻.","1459"
"1460","categorized-collection","按类型区分（4000词）","属性","虚幻","legendary","ˈledʒəndri","adj. 传奇的；传说的；享有盛名的","Try using ""legendary"" in a sentence related to 事物属性 虚幻.","1460"
"1461","categorized-collection","按类型区分（4000词）","属性","虚幻","delusion","dɪˈluːʒ(ə)n","n. 错觉；妄想","Try using ""delusion"" in a sentence related to 事物属性 虚幻.","1461"
"1462","categorized-collection","按类型区分（4000词）","属性","虚幻","hallucination","həˌluːsɪˈneɪʃ(ə)n","n. 幻觉；幻视；幻象","Try using ""hallucination"" in a sentence related to 事物属性 虚幻.","1462"
"1463","categorized-collection","按类型区分（4000词）","属性","虚幻","mysterious","mɪˈstɪəriəs","adj. 神秘的","Try using ""mysterious"" in a sentence related to 事物属性 虚幻.","1463"
"1464","categorized-collection","按类型区分（4000词）","属性","需要","gratuitous","ɡrəˈtjuːɪtəs","adj. 无故的；无必要的；无偿的；免费的","Try using ""gratuitous"" in a sentence related to 事物属性 需要.","1464"
"1465","categorized-collection","按类型区分（4000词）","属性","需要","imperative","ɪmˈperətɪv","adj. 紧急的；极重要的；祈使的 n. 紧急的事；祈使语气","Try using ""imperative"" in a sentence related to 事物属性 需要.","1465"
"1466","categorized-collection","按类型区分（4000词）","属性","需要","indispensable","ˌɪndɪˈspensəb(ə)l","adj. 不可缺少的","Try using ""indispensable"" in a sentence related to 事物属性 需要.","1466"
"1467","categorized-collection","按类型区分（4000词）","属性","需要","requisite","ˈrekwɪzɪt","adj. 必需的；必备的；必不可少的 n. 必需品","Try using ""requisite"" in a sentence related to 事物属性 需要.","1467"
"1468","categorized-collection","按类型区分（4000词）","属性","需要","crucial","ˈkruːʃ(ə)l","adj. 至关重要的；决定性的","Try using ""crucial"" in a sentence related to 事物属性 需要.","1468"
"1469","categorized-collection","按类型区分（4000词）","属性","需要","essential","ɪˈsenʃ(ə)l","adj. 必需的；基本的；本质的 n. 必需品","Try using ""essential"" in a sentence related to 事物属性 需要.","1469"
"1470","categorized-collection","按类型区分（4000词）","属性","需要","fundamental","ˌfʌndəˈment(ə)l","adj. 基本的；基础的；根本的 n. 基本原则；基本原理","Try using ""fundamental"" in a sentence related to 事物属性 需要.","1470"
"1471","categorized-collection","按类型区分（4000词）","属性","需要","prerequisite","ˌpriːˈrekwəzɪt","n. 前提；先决条件 adj. 首要必备的","Try using ""prerequisite"" in a sentence related to 事物属性 需要.","1471"
"1472","categorized-collection","按类型区分（4000词）","属性","需要","vital","ˈvaɪt(ə)l","adj. 至关重要的；所必需的；生死攸关的；充满活力的","Try using ""vital"" in a sentence related to 事物属性 需要.","1472"
"1473","categorized-collection","按类型区分（4000词）","属性","真实","actual","ˈæktʃuəl","adj. 真实的；实际的","Try using ""actual"" in a sentence related to 事物属性 真实.","1473"
"1474","categorized-collection","按类型区分（4000词）","属性","真实","authentic","ɔːˈθentɪk","adj. 真正的；真实的；真迹的；可靠的","Try using ""authentic"" in a sentence related to 事物属性 真实.","1474"
"1475","categorized-collection","按类型区分（4000词）","属性","真实","genuine","ˈdʒenjuɪn","adj. 真正的；真诚的","Try using ""genuine"" in a sentence related to 事物属性 真实.","1475"
"1476","categorized-collection","按类型区分（4000词）","属性","真实","tangible","ˈtændʒəb(ə)l","adj. 可触摸的；实际的；有形的；确凿的","Try using ""tangible"" in a sentence related to 事物属性 真实.","1476"
"1477","categorized-collection","按类型区分（4000词）","属性","真实","truly","ˈtruːli","adv. 衷心地；真实地","Try using ""truly"" in a sentence related to 事物属性 真实.","1477"
"1478","categorized-collection","按类型区分（4000词）","属性","真实","unfeigned","ʌnˈfeɪnd","adj. 真实的；非假装的","Try using ""unfeigned"" in a sentence related to 事物属性 真实.","1478"
"1479","categorized-collection","按类型区分（4000词）","属性","真实","veracious","vəˈreɪʃəs","adj. 诚实的；说实话的；准确的","Try using ""veracious"" in a sentence related to 事物属性 真实.","1479"
"1480","categorized-collection","按类型区分（4000词）","属性","真实","veridical","vəˈrɪdɪkl","adj. 不虚伪的；诚实的","Try using ""veridical"" in a sentence related to 事物属性 真实.","1480"
"1481","categorized-collection","按类型区分（4000词）","属性","重要","cardinal","ˈkɑːdɪn(ə)l","adj. 首要的；大红色的 n. 红衣主教；枢机主教；基数","Try using ""cardinal"" in a sentence related to 事物属性 重要.","1481"
"1482","categorized-collection","按类型区分（4000词）","属性","重要","chiefly","ˈtʃiːfli","adv. 主要地；首要地 adj. 领袖（般）的","Try using ""chiefly"" in a sentence related to 事物属性 重要.","1482"
"1483","categorized-collection","按类型区分（4000词）","属性","重要","crucial","ˈkruːʃ(ə)l","adj. 至关重要的；决定性的","Try using ""crucial"" in a sentence related to 事物属性 重要.","1483"
"1484","categorized-collection","按类型区分（4000词）","属性","重要","dominant","ˈdɒmɪnənt","adj. 支配的；占优势的；显性的","Try using ""dominant"" in a sentence related to 事物属性 重要.","1484"
"1485","categorized-collection","按类型区分（4000词）","属性","重要","elementary","ˌelɪˈmentri","adj. 基本的；初级的","Try using ""elementary"" in a sentence related to 事物属性 重要.","1485"
"1486","categorized-collection","按类型区分（4000词）","属性","重要","elite","ɪˈliːt","n. （社会）精英；上层人士 adj. 精英的；出类拔萃的","Try using ""elite"" in a sentence related to 事物属性 重要.","1486"
"1487","categorized-collection","按类型区分（4000词）","属性","重要","essential","ɪˈsenʃ(ə)l","adj. 必需的；基本的；本质的 n. 必需品","Try using ""essential"" in a sentence related to 事物属性 重要.","1487"
"1488","categorized-collection","按类型区分（4000词）","属性","重要","fateful","ˈfeɪtf(ə)l","adj. 重大的；命中注定的；决定命运的；预言性的","Try using ""fateful"" in a sentence related to 事物属性 重要.","1488"
"1489","categorized-collection","按类型区分（4000词）","属性","重要","foremost","ˈfɔːməʊst","adj. 最重要的；最好的 adv. 首要地","Try using ""foremost"" in a sentence related to 事物属性 重要.","1489"
"1490","categorized-collection","按类型区分（4000词）","属性","重要","Forte","ˈfɔːteɪ","n. 专长；特长 adv. 用强音","Try using ""Forte"" in a sentence related to 事物属性 重要.","1490"
"1491","categorized-collection","按类型区分（4000词）","属性","重要","fundamental","ˌfʌndəˈment(ə)l","adj. 基本的；基础的；根本的 n. 基本原则；基本原理","Try using ""fundamental"" in a sentence related to 事物属性 重要.","1491"
"1492","categorized-collection","按类型区分（4000词）","属性","重要","gist","dʒɪst","n. 要点；大意；主旨","Try using ""gist"" in a sentence related to 事物属性 重要.","1492"
"1493","categorized-collection","按类型区分（4000词）","属性","重要","key","kiː","n. 钥匙；关键 adj. 关键的","Try using ""key"" in a sentence related to 事物属性 重要.","1493"
"1494","categorized-collection","按类型区分（4000词）","属性","重要","largely","ˈlɑːdʒli","adv. 大部分地；主要地；大量地","Try using ""largely"" in a sentence related to 事物属性 重要.","1494"
"1495","categorized-collection","按类型区分（4000词）","属性","重要","leading","ˈliːdɪŋ","adj. 最重要的；一流的；处于领导地位的 v. 带领；领导；“lead”的现在分词","Try using ""leading"" in a sentence related to 事物属性 重要.","1495"
"1496","categorized-collection","按类型区分（4000词）","属性","重要","major","ˈmeɪdʒə(r)","adj. 主要的；较多的；成年的；大调的 n. 主修课；成年人；少校；大调 v. 主修","Try using ""major"" in a sentence related to 事物属性 重要.","1496"
"1497","categorized-collection","按类型区分（4000词）","属性","重要","merit","ˈmerɪt","n. 优点；功绩；价值 v. 值得；应得","Try using ""merit"" in a sentence related to 事物属性 重要.","1497"
"1498","categorized-collection","按类型区分（4000词）","属性","重要","momentous","məˈmentəs","adj. 重要的；重大的","Try using ""momentous"" in a sentence related to 事物属性 重要.","1498"
"1499","categorized-collection","按类型区分（4000词）","属性","重要","motif","məʊˈtiːf","n. 主题；主旨；图样","Try using ""motif"" in a sentence related to 事物属性 重要.","1499"
"1500","categorized-collection","按类型区分（4000词）","属性","重要","optimum","ˈɒptɪməm","adj. 最适宜的；最佳的","Try using ""optimum"" in a sentence related to 事物属性 重要.","1500"
"1501","categorized-collection","按类型区分（4000词）","属性","重要","pivotal","ˈpɪvət(ə)l","adj. 枢轴的；重要的；关键的","Try using ""pivotal"" in a sentence related to 事物属性 重要.","1501"
"1502","categorized-collection","按类型区分（4000词）","属性","重要","predominantly","prɪˈdɒmɪnəntli","adv. 占主导地位地；主要地","Try using ""predominantly"" in a sentence related to 事物属性 重要.","1502"
"1503","categorized-collection","按类型区分（4000词）","属性","重要","predominate","prɪˈdɒmɪneɪt","v. 占主导地位；占支配地位","Try using ""predominate"" in a sentence related to 事物属性 重要.","1503"
"1504","categorized-collection","按类型区分（4000词）","属性","重要","preference","ˈprefrəns","n. 偏爱；偏好；优先；优惠","Try using ""preference"" in a sentence related to 事物属性 重要.","1504"
"1505","categorized-collection","按类型区分（4000词）","属性","重要","primarily","praɪˈmerəli","adv. 主要地","Try using ""primarily"" in a sentence related to 事物属性 重要.","1505"
"1506","categorized-collection","按类型区分（4000词）","属性","重要","principal","ˈprɪnsəp(ə)l","adj. 最重要的；主要的；本金的 n. 负责人；首长；校长；本金","Try using ""principal"" in a sentence related to 事物属性 重要.","1506"
"1507","categorized-collection","按类型区分（4000词）","属性","重要","significant","sɪɡˈnɪfɪkənt","adj. 重大的；重要的；影响明显的；意味深长的","Try using ""significant"" in a sentence related to 事物属性 重要.","1507"
"1508","categorized-collection","按类型区分（4000词）","属性","重要","sole","səʊl","n. 鞋底；脚掌 adj. 仅有的；唯一的","Try using ""sole"" in a sentence related to 事物属性 重要.","1508"
"1509","categorized-collection","按类型区分（4000词）","属性","重要","sum","sʌm","n. 总数；金额 v. 总计；概括","Try using ""sum"" in a sentence related to 事物属性 重要.","1509"
"1510","categorized-collection","按类型区分（4000词）","属性","重要","superb","suːˈpɜːb","adj. 极佳的；卓越的","Try using ""superb"" in a sentence related to 事物属性 重要.","1510"
"1511","categorized-collection","按类型区分（4000词）","属性","重要","tenor","ˈtenə(r)","n. 男高音；次中音乐器；大意","Try using ""tenor"" in a sentence related to 事物属性 重要.","1511"
"1512","categorized-collection","按类型区分（4000词）","属性","重要","vital","ˈvaɪt(ə)l","adj. 至关重要的；所必需的；生死攸关的；充满活力的","Try using ""vital"" in a sentence related to 事物属性 重要.","1512"
"1513","categorized-collection","按类型区分（4000词）","属性","壮丽","glorious","ˈɡlɔːriəs","adj. 光荣的；辉煌的","Try using ""glorious"" in a sentence related to 事物属性 壮丽.","1513"
"1514","categorized-collection","按类型区分（4000词）","属性","壮丽","gorgeous","ˈɡɔːdʒəs","adj. 华丽的；绚丽的；极好的","Try using ""gorgeous"" in a sentence related to 事物属性 壮丽.","1514"
"1515","categorized-collection","按类型区分（4000词）","属性","壮丽","grand","ɡrænd","adj. 壮丽的；堂皇的；痛快的；重大的；总的 n. 一千美元（或英镑）；大钢琴","Try using ""grand"" in a sentence related to 事物属性 壮丽.","1515"
"1516","categorized-collection","按类型区分（4000词）","属性","壮丽","magnificent","mæɡˈnɪfɪs(ə)nt","adj. 壮丽的；宏伟的；华丽的","Try using ""magnificent"" in a sentence related to 事物属性 壮丽.","1516"
"1517","categorized-collection","按类型区分（4000词）","属性","壮丽","radiant","ˈreɪdiənt","adj. 发光的；辐射的；容光焕发的","Try using ""radiant"" in a sentence related to 事物属性 壮丽.","1517"
"1518","categorized-collection","按类型区分（4000词）","属性","壮丽","solemn","ˈsɒləm","adj. 严肃的；庄严的；隆重的","Try using ""solemn"" in a sentence related to 事物属性 壮丽.","1518"
"1519","categorized-collection","按类型区分（4000词）","属性","壮丽","spectacular","spekˈtækjələ(r)","adj. 壮观的","Try using ""spectacular"" in a sentence related to 事物属性 壮丽.","1519"
"1520","categorized-collection","按类型区分（4000词）","属性","壮丽","splendid","ˈsplendɪd","adj. 壮观的；辉煌的；极好的","Try using ""splendid"" in a sentence related to 事物属性 壮丽.","1520"
"1521","categorized-collection","按类型区分（4000词）","属性","壮丽","splendor","ˈsplendə(r)","n. 华丽；壮丽；光辉；显赫","Try using ""splendor"" in a sentence related to 事物属性 壮丽.","1521"
"1522","categorized-collection","按类型区分（4000词）","属性","壮丽","superb","suːˈpɜːb","adj. 极佳的；卓越的","Try using ""superb"" in a sentence related to 事物属性 壮丽.","1522"
"1523","categorized-collection","按类型区分（4000词）","动物","动物","mammal","ˈmæm(ə)l","n. 哺乳动物","Try using ""mammal"" in a sentence related to 动物.","1523"
"1524","categorized-collection","按类型区分（4000词）","动物","动物","buffalo","ˈbʌfələʊ","n. 水牛；野牛","Try using ""buffalo"" in a sentence related to 动物.","1524"
"1525","categorized-collection","按类型区分（4000词）","动物","动物","calf","kɑːf","n. 小牛；牛犊；小腿肚","Try using ""calf"" in a sentence related to 动物.","1525"
"1526","categorized-collection","按类型区分（4000词）","动物","动物","zebra","ˈzebrə","n. 斑马","Try using ""zebra"" in a sentence related to 动物.","1526"
"1527","categorized-collection","按类型区分（4000词）","动物","动物","antelope","ˈæntɪləʊp","n. 羚羊","Try using ""antelope"" in a sentence related to 动物.","1527"
"1528","categorized-collection","按类型区分（4000词）","动物","动物","gazelle","ɡəˈzel","n. 小羚羊；瞪羚","Try using ""gazelle"" in a sentence related to 动物.","1528"
"1529","categorized-collection","按类型区分（4000词）","动物","动物","reindeer","ˈreɪndɪə(r)","n. 驯鹿","Try using ""reindeer"" in a sentence related to 动物.","1529"
"1530","categorized-collection","按类型区分（4000词）","动物","动物","dromedary","ˈdrɒmədəri","n. 单峰骆驼","Try using ""dromedary"" in a sentence related to 动物.","1530"
"1531","categorized-collection","按类型区分（4000词）","动物","动物","rhinoceros","raɪˈnɒsərəs","n. 犀牛","Try using ""rhinoceros"" in a sentence related to 动物.","1531"
"1532","categorized-collection","按类型区分（4000词）","动物","动物","leopard","ˈlepəd","n. 豹","Try using ""leopard"" in a sentence related to 动物.","1532"
"1533","categorized-collection","按类型区分（4000词）","动物","动物","beaver","ˈbiːvə(r)","n. 海狸；海狸毛皮 v. 勤奋工作","Try using ""beaver"" in a sentence related to 动物.","1533"
"1534","categorized-collection","按类型区分（4000词）","动物","动物","chimpanzee","ˌtʃɪmpænˈziː","n. 黑猩猩","Try using ""chimpanzee"" in a sentence related to 动物.","1534"
"1535","categorized-collection","按类型区分（4000词）","动物","动物","gorilla","ɡəˈrɪlə","n. 大猩猩","Try using ""gorilla"" in a sentence related to 动物.","1535"
"1536","categorized-collection","按类型区分（4000词）","动物","动物","hedgehog","ˈhedʒhɒɡ","n. 刺猬","Try using ""hedgehog"" in a sentence related to 动物.","1536"
"1537","categorized-collection","按类型区分（4000词）","动物","动物","walrus","ˈwɔːlrəs","n. 海象","Try using ""walrus"" in a sentence related to 动物.","1537"
"1538","categorized-collection","按类型区分（4000词）","动物","动物","eagle","ˈiːɡ(ə)l","n. 鹰","Try using ""eagle"" in a sentence related to 动物.","1538"
"1539","categorized-collection","按类型区分（4000词）","动物","动物","falcon","ˈfɔːlkən","n. 猎鹰","Try using ""falcon"" in a sentence related to 动物.","1539"
"1540","categorized-collection","按类型区分（4000词）","动物","动物","vulture","ˈvʌltʃə(r)","n. 兀鹫；秃鹫；贪得无厌的人","Try using ""vulture"" in a sentence related to 动物.","1540"
"1541","categorized-collection","按类型区分（4000词）","动物","动物","turkey","ˈtɜːki","n. 火鸡","Try using ""turkey"" in a sentence related to 动物.","1541"
"1542","categorized-collection","按类型区分（4000词）","动物","动物","peacock","ˈpiːkɒk","n. 雄孔雀","Try using ""peacock"" in a sentence related to 动物.","1542"
"1543","categorized-collection","按类型区分（4000词）","动物","动物","ostrich","ˈɒstrɪtʃ","n. 鸵鸟","Try using ""ostrich"" in a sentence related to 动物.","1543"
"1544","categorized-collection","按类型区分（4000词）","动物","动物","seagull","ˈsiːɡʌl","n. 海鸥","Try using ""seagull"" in a sentence related to 动物.","1544"
"1545","categorized-collection","按类型区分（4000词）","动物","动物","canary","kəˈneəri","n. 金丝雀 adj. 鲜黄色的","Try using ""canary"" in a sentence related to 动物.","1545"
"1546","categorized-collection","按类型区分（4000词）","动物","动物","reptile","ˈreptaɪl","n. 爬行动物 adj. 爬虫类的","Try using ""reptile"" in a sentence related to 动物.","1546"
"1547","categorized-collection","按类型区分（4000词）","动物","动物","batrachia","bəˈtreɪkɪə","n. 蝾螈类；两栖纲（等于Amphibia）","Try using ""batrachia"" in a sentence related to 动物.","1547"
"1548","categorized-collection","按类型区分（4000词）","动物","动物","python","ˈpaɪθən","n. 大蟒蛇；巨蟒","Try using ""python"" in a sentence related to 动物.","1548"
"1549","categorized-collection","按类型区分（4000词）","动物","动物","rattlesnake","ˈræt(ə)lsneɪk","n. （美洲的）响尾蛇","Try using ""rattlesnake"" in a sentence related to 动物.","1549"
"1550","categorized-collection","按类型区分（4000词）","动物","动物","lizard","ˈlɪzəd","n. 蜥蜴","Try using ""lizard"" in a sentence related to 动物.","1550"
"1551","categorized-collection","按类型区分（4000词）","动物","动物","chameleon","kəˈmiːliən","n. 变色龙；见风使舵的人","Try using ""chameleon"" in a sentence related to 动物.","1551"
"1552","categorized-collection","按类型区分（4000词）","动物","动物","crocodile","ˈkrɒkədaɪl","n. 鳄鱼","Try using ""crocodile"" in a sentence related to 动物.","1552"
"1553","categorized-collection","按类型区分（4000词）","动物","动物","turtle","ˈtɜːt(ə)l","n. 龟；海龟","Try using ""turtle"" in a sentence related to 动物.","1553"
"1554","categorized-collection","按类型区分（4000词）","动物","动物","salmon","ˈsæmən","n. 鲑鱼；三文鱼；大马哈鱼","Try using ""salmon"" in a sentence related to 动物.","1554"
"1555","categorized-collection","按类型区分（4000词）","动物","动物","sardine","ˌsɑːˈdiːn","n. 沙丁鱼；沙丁鱼罐头","Try using ""sardine"" in a sentence related to 动物.","1555"
"1556","categorized-collection","按类型区分（4000词）","动物","动物","cicada","sɪˈkɑːdə","n. 蝉；知了","Try using ""cicada"" in a sentence related to 动物.","1556"
"1557","categorized-collection","按类型区分（4000词）","动物","动物","dragonfly","ˈdræɡənflaɪ","n. 蜻蜓","Try using ""dragonfly"" in a sentence related to 动物.","1557"
"1558","categorized-collection","按类型区分（4000词）","动物","动物","cricket","ˈkrɪkɪt","n. 板球；蟋蟀","Try using ""cricket"" in a sentence related to 动物.","1558"
"1559","categorized-collection","按类型区分（4000词）","动物","动物","centipede","ˈsentɪpiːd","n. 蜈蚣；百足虫","Try using ""centipede"" in a sentence related to 动物.","1559"
"1560","categorized-collection","按类型区分（4000词）","动物","动物","butterfly","ˈbʌtəflaɪ","n. 蝴蝶","Try using ""butterfly"" in a sentence related to 动物.","1560"
"1561","categorized-collection","按类型区分（4000词）","动物","动物","scorpion","ˈskɔːpiən","n. 蝎子","Try using ""scorpion"" in a sentence related to 动物.","1561"
"1562","categorized-collection","按类型区分（4000词）","动物","动物","mollusk","ˈmɒləsk","n. 软体动物","Try using ""mollusk"" in a sentence related to 动物.","1562"
"1563","categorized-collection","按类型区分（4000词）","动物","动物","crustacean","krʌˈsteɪʃ(ə)n","n. 甲壳动物 adj. 甲壳类的","Try using ""crustacean"" in a sentence related to 动物.","1563"
"1564","categorized-collection","按类型区分（4000词）","动物","动物","cuttlefish","ˈkʌt(ə)lfɪʃ","n. 乌贼；墨鱼；墨斗鱼","Try using ""cuttlefish"" in a sentence related to 动物.","1564"
"1565","categorized-collection","按类型区分（4000词）","动物","动物","octopus","ˈɒktəpəs","n. 章鱼","Try using ""octopus"" in a sentence related to 动物.","1565"
"1566","categorized-collection","按类型区分（4000词）","动物","动物","lobster","ˈlɒbstə(r)","n. 龙虾","Try using ""lobster"" in a sentence related to 动物.","1566"
"1567","categorized-collection","按类型区分（4000词）","动物","动物","prawn","prɔːn","n. 对虾；明虾 v. 捕虾","Try using ""prawn"" in a sentence related to 动物.","1567"
"1568","categorized-collection","按类型区分（4000词）","动物","动物","worm","wɜːm","n. 蠕虫","Try using ""worm"" in a sentence related to 动物.","1568"
"1569","categorized-collection","按类型区分（4000词）","动物","动物","earthworm","ˈɜːθwɜːm","n. 蚯蚓","Try using ""earthworm"" in a sentence related to 动物.","1569"
"1570","categorized-collection","按类型区分（4000词）","动物","动物","baboon","bəˈbuːn","n. 狒狒","Try using ""baboon"" in a sentence related to 动物.","1570"
"1571","categorized-collection","按类型区分（4000词）","动物","动物","moth","mɒθ","n. 蛾；蛀虫","Try using ""moth"" in a sentence related to 动物.","1571"
"1572","categorized-collection","按类型区分（4000词）","动物","动物","caterpillar","ˈkætəpɪlə(r)","n. 毛毛虫","Try using ""caterpillar"" in a sentence related to 动物.","1572"
"1573","categorized-collection","按类型区分（4000词）","动物","动物","dinosaur","ˈdaɪnəsɔː(r)","n. 恐龙","Try using ""dinosaur"" in a sentence related to 动物.","1573"
"1574","categorized-collection","按类型区分（4000词）","动物","动物","larva","ˈlɑːvə","n. 幼虫；幼体","Try using ""larva"" in a sentence related to 动物.","1574"
"1575","categorized-collection","按类型区分（4000词）","动物","动物","family","ˈfæməli","n. 家庭；家族 adj. 家庭的；家族的","Try using ""family"" in a sentence related to 动物.","1575"
"1576","categorized-collection","按类型区分（4000词）","动物","动物","class","klɑːs","n. 班级；课；等级；阶级；类别","Try using ""class"" in a sentence related to 动物.","1576"
"1577","categorized-collection","按类型区分（4000词）","动物","动物","order","ˈɔːdə(r)","n. 顺序；条理；订单；命令；（生物学的）目 v. 订购；命令；点餐；整理","Try using ""order"" in a sentence related to 动物.","1577"
"1578","categorized-collection","按类型区分（4000词）","动物","动物","suborder","ˈsʌbˌbɔːdə(r)","n. 亚目","Try using ""suborder"" in a sentence related to 动物.","1578"
"1579","categorized-collection","按类型区分（4000词）","动物","动物","genus","ˈdʒiːnəs","n. （动植物的）属；类","Try using ""genus"" in a sentence related to 动物.","1579"
"1580","categorized-collection","按类型区分（4000词）","动物","动物","antenna","ænˈtenə","n. 触角；天线","Try using ""antenna"" in a sentence related to 动物.","1580"
"1581","categorized-collection","按类型区分（4000词）","动物","动物","tentacle","ˈtentək(ə)l","n. 触角；触须；触手","Try using ""tentacle"" in a sentence related to 动物.","1581"
"1582","categorized-collection","按类型区分（4000词）","动物","动物","spleen","spliːn","n. 脾脏；怒气","Try using ""spleen"" in a sentence related to 动物.","1582"
"1583","categorized-collection","按类型区分（4000词）","动物","动物","hide","haɪd","v. 隐藏；躲藏；隐瞒 n. 兽皮；人皮","Try using ""hide"" in a sentence related to 动物.","1583"
"1584","categorized-collection","按类型区分（4000词）","动物","动物","spine","spaɪn","n. 脊柱；书脊；尖刺","Try using ""spine"" in a sentence related to 动物.","1584"
"1585","categorized-collection","按类型区分（4000词）","动物","动物","toe","təʊ","n. 脚趾 v. 用脚尖触","Try using ""toe"" in a sentence related to 动物.","1585"
"1586","categorized-collection","按类型区分（4000词）","动物","动物","bill","bɪl","n. 账单；钞票；议案 v. 给…开账单","Try using ""bill"" in a sentence related to 动物.","1586"
"1587","categorized-collection","按类型区分（4000词）","动物","动物","beak","biːk","n. 鸟喙","Try using ""beak"" in a sentence related to 动物.","1587"
"1588","categorized-collection","按类型区分（4000词）","动物","动物","fuzzy","ˈfʌzi","adj. 毛茸茸的；模糊的；含糊不清的","Try using ""fuzzy"" in a sentence related to 动物.","1588"
"1589","categorized-collection","按类型区分（4000词）","动物","动物","scale","skeɪl","n. 规模；等级；秤；刻度；比例（尺） v. 改变…大小；攀登","Try using ""scale"" in a sentence related to 动物.","1589"
"1590","categorized-collection","按类型区分（4000词）","动物","动物","nervous","ˈnɜːvəs","adj. 担忧的；焦虑的；紧张不安的；神经系统的","Try using ""nervous"" in a sentence related to 动物.","1590"
"1591","categorized-collection","按类型区分（4000词）","动物","动物","grease","ɡriːs","n. 油脂；润滑油；动物油脂 v. 给…加润滑油；涂油脂于","Try using ""grease"" in a sentence related to 动物.","1591"
"1592","categorized-collection","按类型区分（4000词）","动物","动物","jellyfish","ˈdʒelifɪʃ","n. 水母；海蜇；软弱无用的人","Try using ""jellyfish"" in a sentence related to 动物.","1592"
"1593","categorized-collection","按类型区分（4000词）","动物","动物","starfish","ˈstɑːfɪʃ","n. 海星（一种海洋动物）","Try using ""starfish"" in a sentence related to 动物.","1593"
"1594","categorized-collection","按类型区分（4000词）","动物","动物","Porpoise","ˈpɔːpəs","n. 鼠海豚","Try using ""Porpoise"" in a sentence related to 动物.","1594"
"1595","categorized-collection","按类型区分（4000词）","动物","动物","dolphin","ˈdɒlfɪn","n. 海豚","Try using ""dolphin"" in a sentence related to 动物.","1595"
"1596","categorized-collection","按类型区分（4000词）","动物","动物","shrimp","ʃrɪmp","n. 虾；小虾；矮小的人","Try using ""shrimp"" in a sentence related to 动物.","1596"
"1597","categorized-collection","按类型区分（4000词）","动物","动物","sponge","spʌndʒ","n. 海绵动物；海绵块 v. 用海绵揩拭","Try using ""sponge"" in a sentence related to 动物.","1597"
"1598","categorized-collection","按类型区分（4000词）","动物","动物","plankton","ˈplæŋktən","n. 浮游生物","Try using ""plankton"" in a sentence related to 动物.","1598"
"1599","categorized-collection","按类型区分（4000词）","动物","动物","oyster","ˈɔɪstə(r)","n. 牡蛎；蚝","Try using ""oyster"" in a sentence related to 动物.","1599"
"1600","categorized-collection","按类型区分（4000词）","动物","动物","clam","klæm","n. 蛤；沉默寡言的人","Try using ""clam"" in a sentence related to 动物.","1600"
"1601","categorized-collection","按类型区分（4000词）","动物","动物","coral","ˈkɒrəl","n. 珊瑚；珊瑚虫 adj. 珊瑚色的；红色的","Try using ""coral"" in a sentence related to 动物.","1601"
"1602","categorized-collection","按类型区分（4000词）","动物","动物","crab","kræb","n. 蟹；螃蟹 v. 抱怨；发牢骚","Try using ""crab"" in a sentence related to 动物.","1602"
"1603","categorized-collection","按类型区分（4000词）","生活","澳大利亚","adelaide","ˈædəleɪd","n. 阿德莱德（澳大利亚东南部城市）","Try using ""adelaide"" in a sentence related to 人类生活 澳大利亚.","1603"
"1604","categorized-collection","按类型区分（4000词）","生活","澳大利亚","australian capital territory","/ɒˈstreɪliən ˈkæpɪtl ˈterɪtri/","n. 澳大利亚首都领地（澳大利亚的一个联邦领地，首府为堪培拉）","Try using ""australian capital territory"" in a sentence related to 人类生活 澳大利亚.","1604"
"1605","categorized-collection","按类型区分（4000词）","生活","澳大利亚","bicameral","ˌbaɪˈkæmərəl","adj. 两院制的；有参众两院的","Try using ""bicameral"" in a sentence related to 人类生活 澳大利亚.","1605"
"1606","categorized-collection","按类型区分（4000词）","生活","澳大利亚","brisbane","ˈbrɪzbən","n. 布里斯班","Try using ""brisbane"" in a sentence related to 人类生活 澳大利亚.","1606"
"1607","categorized-collection","按类型区分（4000词）","生活","澳大利亚","Canberra","ˈkænbərə","n. 堪培拉（澳大利亚首都）","Try using ""Canberra"" in a sentence related to 人类生活 澳大利亚.","1607"
"1608","categorized-collection","按类型区分（4000词）","生活","澳大利亚","escarpment","ɪˈskɑːpmənt","n. 悬崖；陡坡","Try using ""escarpment"" in a sentence related to 人类生活 澳大利亚.","1608"
"1609","categorized-collection","按类型区分（4000词）","生活","澳大利亚","eucalyptus","ˌjuːkəˈlɪptəs","n. 桉树","Try using ""eucalyptus"" in a sentence related to 人类生活 澳大利亚.","1609"
"1610","categorized-collection","按类型区分（4000词）","生活","澳大利亚","gold coast","ˈɡəʊld kəʊst","n. 黄金海岸","Try using ""gold coast"" in a sentence related to 人类生活 澳大利亚.","1610"
"1611","categorized-collection","按类型区分（4000词）","生活","澳大利亚","great barrier reef","ɡreɪt ˈbærɪə riːf","n. 大堡礁（位于澳大利亚东北海岸外，是世界上最大的珊瑚礁系统）","Try using ""great barrier reef"" in a sentence related to 人类生活 澳大利亚.","1611"
"1612","categorized-collection","按类型区分（4000词）","生活","澳大利亚","Hobart","ˈhəʊbɑːt","n. 霍巴特（澳大利亚塔斯马尼亚州首府）","Try using ""Hobart"" in a sentence related to 人类生活 澳大利亚.","1612"
"1613","categorized-collection","按类型区分（4000词）","生活","澳大利亚","immigration","ˌɪmɪˈɡreɪʃ(ə)n","n. 移民；移居","Try using ""immigration"" in a sentence related to 人类生活 澳大利亚.","1613"
"1614","categorized-collection","按类型区分（4000词）","生活","澳大利亚","judiciary","dʒuˈdɪʃəri","n. 司法部；司法制度；法官（总称） adj. 司法的；法院的；法官的","Try using ""judiciary"" in a sentence related to 人类生活 澳大利亚.","1614"
"1615","categorized-collection","按类型区分（4000词）","生活","澳大利亚","kangaroo","ˌkæŋɡəˈruː","n. 袋鼠","Try using ""kangaroo"" in a sentence related to 人类生活 澳大利亚.","1615"
"1616","categorized-collection","按类型区分（4000词）","生活","澳大利亚","koala","kəʊˈɑːlə","n. 树袋熊；考拉熊；无尾熊","Try using ""koala"" in a sentence related to 人类生活 澳大利亚.","1616"
"1617","categorized-collection","按类型区分（4000词）","生活","澳大利亚","mangrove","ˈmæŋɡrəʊv","n. 红树","Try using ""mangrove"" in a sentence related to 人类生活 澳大利亚.","1617"
"1618","categorized-collection","按类型区分（4000词）","生活","澳大利亚","melbourne","ˈmelbən","n. 墨尔本（澳大利亚）","Try using ""melbourne"" in a sentence related to 人类生活 澳大利亚.","1618"
"1619","categorized-collection","按类型区分（4000词）","生活","澳大利亚","multicultural","ˌmʌltiˈkʌltʃərəl","adj. 多元文化的","Try using ""multicultural"" in a sentence related to 人类生活 澳大利亚.","1619"
"1620","categorized-collection","按类型区分（4000词）","生活","澳大利亚","new south wales","ˌnjuː saʊθ ˈweɪlz","n. 新南威尔士州（澳大利亚州名）","Try using ""new south wales"" in a sentence related to 人类生活 澳大利亚.","1620"
"1621","categorized-collection","按类型区分（4000词）","生活","澳大利亚","northern territory","/ˈnɔːðən ˈtɛrɪtəri/","n. 北领地（澳大利亚的一个自治领地，位于该国中北部）","Try using ""northern territory"" in a sentence related to 人类生活 澳大利亚.","1621"
"1622","categorized-collection","按类型区分（4000词）","生活","澳大利亚","South Australia","ˌsaʊθ ɒˈstreɪliə","n. 南澳大利亚","Try using ""South Australia"" in a sentence related to 人类生活 澳大利亚.","1622"
"1623","categorized-collection","按类型区分（4000词）","生活","澳大利亚","sporadic","spəˈrædɪk","adj. 不定时发生的；时有时无的；零星的","Try using ""sporadic"" in a sentence related to 人类生活 澳大利亚.","1623"
"1624","categorized-collection","按类型区分（4000词）","生活","澳大利亚","sydney","ˈsɪdni","n. 悉尼（澳大利亚）","Try using ""sydney"" in a sentence related to 人类生活 澳大利亚.","1624"
"1625","categorized-collection","按类型区分（4000词）","生活","澳大利亚","Tasmania","tæzˈmeɪniə","n. 塔斯马尼亚（澳大利亚州名）","Try using ""Tasmania"" in a sentence related to 人类生活 澳大利亚.","1625"
"1626","categorized-collection","按类型区分（4000词）","生活","澳大利亚","Victoria","vɪkˈtɔːriə","n. 维多利亚","Try using ""Victoria"" in a sentence related to 人类生活 澳大利亚.","1626"
"1627","categorized-collection","按类型区分（4000词）","生活","澳大利亚","vineyard","ˈvɪnjəd","n. 葡萄园；葡萄酒厂","Try using ""vineyard"" in a sentence related to 人类生活 澳大利亚.","1627"
"1628","categorized-collection","按类型区分（4000词）","生活","澳大利亚","Western Australia","ˌwestən ɒˈstreɪliə","n. 西澳大利亚；西澳洲","Try using ""Western Australia"" in a sentence related to 人类生活 澳大利亚.","1628"
"1629","categorized-collection","按类型区分（4000词）","生活","出版","anthology","ænˈθɒlədʒi","n. 选集；文选","Try using ""anthology"" in a sentence related to 人类生活 出版.","1629"
"1630","categorized-collection","按类型区分（4000词）","生活","出版","circulation","ˌsɜːkjəˈleɪʃ(ə)n","n. 循环；流通；发行量","Try using ""circulation"" in a sentence related to 人类生活 出版.","1630"
"1631","categorized-collection","按类型区分（4000词）","生活","出版","commentator","ˈkɒmənteɪtə(r)","n. 评论员；解说员","Try using ""commentator"" in a sentence related to 人类生活 出版.","1631"
"1632","categorized-collection","按类型区分（4000词）","生活","出版","copyright","ˈkɒpiraɪt","n. 版权；著作权","Try using ""copyright"" in a sentence related to 人类生活 出版.","1632"
"1633","categorized-collection","按类型区分（4000词）","生活","出版","correspondent","ˌkɒrəˈspɒndənt","n. 通讯记者；通信者","Try using ""correspondent"" in a sentence related to 人类生活 出版.","1633"
"1634","categorized-collection","按类型区分（4000词）","生活","出版","edition","ɪˈdɪʃ(ə)n","n. 版次；版本","Try using ""edition"" in a sentence related to 人类生活 出版.","1634"
"1635","categorized-collection","按类型区分（4000词）","生活","出版","editorial","ˌedɪˈtɔːriəl","adj. 编辑的；社论的 n. 社论","Try using ""editorial"" in a sentence related to 人类生活 出版.","1635"
"1636","categorized-collection","按类型区分（4000词）","生活","出版","encyclopedia","ɪnˌsaɪkləˈpiːdiə","n. 百科全书","Try using ""encyclopedia"" in a sentence related to 人类生活 出版.","1636"
"1637","categorized-collection","按类型区分（4000词）","生活","出版","feature","ˈfiːtʃə(r)","n. 特征；报刊特写 v. 以…为特色；是…的重要组成；放映","Try using ""feature"" in a sentence related to 人类生活 出版.","1637"
"1638","categorized-collection","按类型区分（4000词）","生活","出版","fortnightly","ˈfɔːtnaɪtli","adj. 两星期一次的；隔周发行的 adv. 两周一次地 n. 双周刊","Try using ""fortnightly"" in a sentence related to 人类生活 出版.","1638"
"1639","categorized-collection","按类型区分（4000词）","生活","出版","headline","ˈhedlaɪn","n. 大字标题；头条","Try using ""headline"" in a sentence related to 人类生活 出版.","1639"
"1640","categorized-collection","按类型区分（4000词）","生活","出版","impression","ɪmˈpreʃ(ə)n","n. 印象","Try using ""impression"" in a sentence related to 人类生活 出版.","1640"
"1641","categorized-collection","按类型区分（4000词）","生活","出版","magazine","ˌmæɡəˈziːn","n. 杂志","Try using ""magazine"" in a sentence related to 人类生活 出版.","1641"
"1642","categorized-collection","按类型区分（4000词）","生活","出版","pamphlet","ˈpæmflət","n. 小册子","Try using ""pamphlet"" in a sentence related to 人类生活 出版.","1642"
"1643","categorized-collection","按类型区分（4000词）","生活","出版","paperback","ˈpeɪpəbæk","n. 平装书；平装本","Try using ""paperback"" in a sentence related to 人类生活 出版.","1643"
"1644","categorized-collection","按类型区分（4000词）","生活","出版","periodical","ˌpɪəriˈɒdɪk(ə)l","adj. 周期的；定期的 n. 期刊","Try using ""periodical"" in a sentence related to 人类生活 出版.","1644"
"1645","categorized-collection","按类型区分（4000词）","生活","出版","pre-dated","ˌpriːˈdeɪtɪd","adj.提前出版的","Try using ""pre-dated"" in a sentence related to 人类生活 出版.","1645"
"1646","categorized-collection","按类型区分（4000词）","生活","出版","proofread","ˈpruːfriːd","v. 校对","Try using ""proofread"" in a sentence related to 人类生活 出版.","1646"
"1647","categorized-collection","按类型区分（4000词）","生活","出版","publication","ˌpʌblɪˈkeɪʃ(ə)n","n. 发表；公布；出版；出版物","Try using ""publication"" in a sentence related to 人类生活 出版.","1647"
"1648","categorized-collection","按类型区分（4000词）","生活","出版","royalty","ˈrɔɪəlti","n. 皇家；皇族；版税","Try using ""royalty"" in a sentence related to 人类生活 出版.","1648"
"1649","categorized-collection","按类型区分（4000词）","生活","出版","selection","sɪˈlekʃ(ə)n","n. 挑选；选择","Try using ""selection"" in a sentence related to 人类生活 出版.","1649"
"1650","categorized-collection","按类型区分（4000词）","生活","度量衡","bushel","ˈbʊʃ(ə)l","n. 蒲式耳（谷物计量单位）","Try using ""bushel"" in a sentence related to 人类生活 度量衡.","1650"
"1651","categorized-collection","按类型区分（4000词）","生活","度量衡","gallon","ˈɡælən","n. 加仑","Try using ""gallon"" in a sentence related to 人类生活 度量衡.","1651"
"1652","categorized-collection","按类型区分（4000词）","生活","度量衡","hectare","ˈhekteə(r)","n. 公顷","Try using ""hectare"" in a sentence related to 人类生活 度量衡.","1652"
"1653","categorized-collection","按类型区分（4000词）","生活","度量衡","measure","ˈmeʒə(r)","n. 衡量；量度；措施；方法 v. 测量；衡量；度量","Try using ""measure"" in a sentence related to 人类生活 度量衡.","1653"
"1654","categorized-collection","按类型区分（4000词）","生活","度量衡","pound","paʊnd","n. 镑；英镑 v. 连续重击；捣碎","Try using ""pound"" in a sentence related to 人类生活 度量衡.","1654"
"1655","categorized-collection","按类型区分（4000词）","生活","度量衡","yard","jɑːd","n. 码；院子；庭院","Try using ""yard"" in a sentence related to 人类生活 度量衡.","1655"
"1656","categorized-collection","按类型区分（4000词）","生活","犯罪","abduct","æbˈdʌkt","v. 绑架；诱拐","Try using ""abduct"" in a sentence related to 人类生活 犯罪.","1656"
"1657","categorized-collection","按类型区分（4000词）","生活","犯罪","accomplice","əˈkʌmplɪs","n. 帮凶；共犯；同谋","Try using ""accomplice"" in a sentence related to 人类生活 犯罪.","1657"
"1658","categorized-collection","按类型区分（4000词）","生活","犯罪","assassinate","əˈsæsɪneɪt","v. 暗杀；行刺","Try using ""assassinate"" in a sentence related to 人类生活 犯罪.","1658"
"1659","categorized-collection","按类型区分（4000词）","生活","犯罪","murder","ˈmɜːdə(r)","n. 谋杀 v. 谋杀；杀害","Try using ""murder"" in a sentence related to 人类生活 犯罪.","1659"
"1660","categorized-collection","按类型区分（4000词）","生活","犯罪","beguile","bɪˈɡaɪl","v. 诱骗；消遣；迷住；消磨","Try using ""beguile"" in a sentence related to 人类生活 犯罪.","1660"
"1661","categorized-collection","按类型区分（4000词）","生活","犯罪","belie","bɪˈlaɪ","v. 掩饰；证明为假","Try using ""belie"" in a sentence related to 人类生活 犯罪.","1661"
"1662","categorized-collection","按类型区分（4000词）","生活","犯罪","blackmail","ˈblækmeɪl","n. 勒索；敲诈 v. 勒索；讹诈","Try using ""blackmail"" in a sentence related to 人类生活 犯罪.","1662"
"1663","categorized-collection","按类型区分（4000词）","生活","犯罪","conspiracy","kənˈspɪrəsi","n. 阴谋","Try using ""conspiracy"" in a sentence related to 人类生活 犯罪.","1663"
"1664","categorized-collection","按类型区分（4000词）","生活","犯罪","conspire","kənˈspaɪə(r)","v. 密谋；协力促成","Try using ""conspire"" in a sentence related to 人类生活 犯罪.","1664"
"1665","categorized-collection","按类型区分（4000词）","生活","犯罪","connive","kəˈnaɪv","v. 纵容；默许；共谋","Try using ""connive"" in a sentence related to 人类生活 犯罪.","1665"
"1666","categorized-collection","按类型区分（4000词）","生活","犯罪","counterfeit","ˈkaʊntəfɪt","adj. 伪造的 v. 仿造，伪造 n. 赝品","Try using ""counterfeit"" in a sentence related to 人类生活 犯罪.","1666"
"1667","categorized-collection","按类型区分（4000词）","生活","犯罪","deceit","dɪˈsiːt","n. 欺骗；欺诈","Try using ""deceit"" in a sentence related to 人类生活 犯罪.","1667"
"1668","categorized-collection","按类型区分（4000词）","生活","犯罪","deceitful","dɪˈsiːtf(ə)l","adj. 欺骗的；不诚实的","Try using ""deceitful"" in a sentence related to 人类生活 犯罪.","1668"
"1669","categorized-collection","按类型区分（4000词）","生活","犯罪","deceive","dɪˈsiːv","v. 欺骗；蒙骗","Try using ""deceive"" in a sentence related to 人类生活 犯罪.","1669"
"1670","categorized-collection","按类型区分（4000词）","生活","犯罪","deceptive","dɪˈseptɪv","adj. 欺骗性的；不实的","Try using ""deceptive"" in a sentence related to 人类生活 犯罪.","1670"
"1671","categorized-collection","按类型区分（4000词）","生活","犯罪","defraud","dɪˈfrɔːd","v. 诈骗；诈取","Try using ""defraud"" in a sentence related to 人类生活 犯罪.","1671"
"1672","categorized-collection","按类型区分（4000词）","生活","犯罪","delude","dɪˈluːd","v. 欺骗；哄骗；误导","Try using ""delude"" in a sentence related to 人类生活 犯罪.","1672"
"1673","categorized-collection","按类型区分（4000词）","生活","犯罪","despoil","dɪˈspɔɪl","v. 抢劫；掠夺；蹂躏；破坏","Try using ""despoil"" in a sentence related to 人类生活 犯罪.","1673"
"1674","categorized-collection","按类型区分（4000词）","生活","犯罪","Embezzle","ɪmˈbez(ə)l","v. 盗用；挪用","Try using ""Embezzle"" in a sentence related to 人类生活 犯罪.","1674"
"1675","categorized-collection","按类型区分（4000词）","生活","犯罪","Extort","ɪkˈstɔːt","v. 勒索；敲诈；强取","Try using ""Extort"" in a sentence related to 人类生活 犯罪.","1675"
"1676","categorized-collection","按类型区分（4000词）","生活","犯罪","fabricate","ˈfæbrɪkeɪt","v. 编造；捏造；制造","Try using ""fabricate"" in a sentence related to 人类生活 犯罪.","1676"
"1677","categorized-collection","按类型区分（4000词）","生活","犯罪","forge","fɔːdʒ","v. 伪造；锻造；建立（联系等） n. 锻造车间","Try using ""forge"" in a sentence related to 人类生活 犯罪.","1677"
"1678","categorized-collection","按类型区分（4000词）","生活","犯罪","fraud","frɔːd","n. 欺骗；欺诈；骗子；伪品","Try using ""fraud"" in a sentence related to 人类生活 犯罪.","1678"
"1679","categorized-collection","按类型区分（4000词）","生活","犯罪","fraudulent","ˈfrɔːdʒələnt","adj. 欺诈的；欺骗性的","Try using ""fraudulent"" in a sentence related to 人类生活 犯罪.","1679"
"1680","categorized-collection","按类型区分（4000词）","生活","犯罪","gangster","ˈɡæŋstə(r)","n. 歹徒；匪徒；暴徒","Try using ""gangster"" in a sentence related to 人类生活 犯罪.","1680"
"1681","categorized-collection","按类型区分（4000词）","生活","犯罪","homicide","ˈhɒmɪsaɪd","n. 凶杀；杀人","Try using ""homicide"" in a sentence related to 人类生活 犯罪.","1681"
"1682","categorized-collection","按类型区分（4000词）","生活","犯罪","kidnap","ˈkɪdnæp","v. 绑架；劫持；诱拐 n. 绑架罪","Try using ""kidnap"" in a sentence related to 人类生活 犯罪.","1682"
"1683","categorized-collection","按类型区分（4000词）","生活","犯罪","pilferage","ˈpɪlfərɪdʒ","n. 偷盗，行窃；赃物","Try using ""pilferage"" in a sentence related to 人类生活 犯罪.","1683"
"1684","categorized-collection","按类型区分（4000词）","生活","犯罪","theft","θeft","n. 偷窃；盗窃罪","Try using ""theft"" in a sentence related to 人类生活 犯罪.","1684"
"1685","categorized-collection","按类型区分（4000词）","生活","犯罪","swindle","ˈswɪnd(ə)l","v. 诈骗；骗取 n. 诈取；骗局","Try using ""swindle"" in a sentence related to 人类生活 犯罪.","1685"
"1686","categorized-collection","按类型区分（4000词）","生活","犯罪","hoodwink","ˈhʊdwɪŋk","v. 欺骗；蒙骗","Try using ""hoodwink"" in a sentence related to 人类生活 犯罪.","1686"
"1687","categorized-collection","按类型区分（4000词）","生活","犯罪","desecrate","ˈdesɪkreɪt","v. 亵渎；污辱；玷污","Try using ""desecrate"" in a sentence related to 人类生活 犯罪.","1687"
"1688","categorized-collection","按类型区分（4000词）","生活","犯罪","falsify","ˈfɔːlsɪfaɪ","v. 篡改；伪造","Try using ""falsify"" in a sentence related to 人类生活 犯罪.","1688"
"1689","categorized-collection","按类型区分（4000词）","生活","服饰","apron","ˈeɪprən","n. 围裙；停机坪","Try using ""apron"" in a sentence related to 人类生活 服饰.","1689"
"1690","categorized-collection","按类型区分（4000词）","生活","服饰","beret","ˈbereɪ","n. 贝雷帽（扁圆无檐）","Try using ""beret"" in a sentence related to 人类生活 服饰.","1690"
"1691","categorized-collection","按类型区分（4000词）","生活","服饰","cashmere","kæʃˈmɪə","n. 开司米；山羊绒","Try using ""cashmere"" in a sentence related to 人类生活 服饰.","1691"
"1692","categorized-collection","按类型区分（4000词）","生活","服饰","cotton","ˈkɒt(ə)n","n. 棉；棉花；棉布","Try using ""cotton"" in a sentence related to 人类生活 服饰.","1692"
"1693","categorized-collection","按类型区分（4000词）","生活","服饰","fabric","ˈfæbrɪk","n. 织物；布料；构造；（建筑物的）结构","Try using ""fabric"" in a sentence related to 人类生活 服饰.","1693"
"1694","categorized-collection","按类型区分（4000词）","生活","服饰","linen","ˈlɪnɪn","n. 亚麻布；亚麻织品 adj. 亚麻布制的；亚麻色的","Try using ""linen"" in a sentence related to 人类生活 服饰.","1694"
"1695","categorized-collection","按类型区分（4000词）","生活","服饰","overalls","ˈəʊvərɔːlz","n. 工作服 n. （工作时穿的）罩衣；“overall”的复数","Try using ""overalls"" in a sentence related to 人类生活 服饰.","1695"
"1696","categorized-collection","按类型区分（4000词）","生活","服饰","overcoat","ˈəʊvəkəʊt","n. 大衣；外套","Try using ""overcoat"" in a sentence related to 人类生活 服饰.","1696"
"1697","categorized-collection","按类型区分（4000词）","生活","服饰","pajamas","pəˈdʒɑːməz","n. 宽大的睡衣裤","Try using ""pajamas"" in a sentence related to 人类生活 服饰.","1697"
"1698","categorized-collection","按类型区分（4000词）","生活","服饰","pattern","ˈpæt(ə)n","n. 模式；图案；样式 v. 形成图案；仿造","Try using ""pattern"" in a sentence related to 人类生活 服饰.","1698"
"1699","categorized-collection","按类型区分（4000词）","生活","服饰","scarf","skɑːf","n. 围巾；头巾 v. 围（围巾）；披（披巾）","Try using ""scarf"" in a sentence related to 人类生活 服饰.","1699"
"1700","categorized-collection","按类型区分（4000词）","生活","服饰","shawl","ʃɔːl","n. 披肩；围巾","Try using ""shawl"" in a sentence related to 人类生活 服饰.","1700"
"1701","categorized-collection","按类型区分（4000词）","生活","服饰","silk","sɪlk","n. 丝绸","Try using ""silk"" in a sentence related to 人类生活 服饰.","1701"
"1702","categorized-collection","按类型区分（4000词）","生活","服饰","uniform","ˈjuːnɪfɔːm","adj. 一致的；统一的 n. 制服","Try using ""uniform"" in a sentence related to 人类生活 服饰.","1702"
"1703","categorized-collection","按类型区分（4000词）","生活","服饰","waistcoat","ˈweɪskəʊt","n. 背心；马甲","Try using ""waistcoat"" in a sentence related to 人类生活 服饰.","1703"
"1704","categorized-collection","按类型区分（4000词）","生活","服饰","wool","wʊl","n. 羊毛；毛线","Try using ""wool"" in a sentence related to 人类生活 服饰.","1704"
"1705","categorized-collection","按类型区分（4000词）","生活","福","felicity","fəˈlɪsəti","n. 幸福；妥帖；合意","Try using ""felicity"" in a sentence related to 人类生活 福.","1705"
"1706","categorized-collection","按类型区分（4000词）","生活","福","fortune","ˈfɔːtʃuːn","n. 命运；财产；运气","Try using ""fortune"" in a sentence related to 人类生活 福.","1706"
"1707","categorized-collection","按类型区分（4000词）","生活","福","mascot","ˈmæskət","n. 吉祥物","Try using ""mascot"" in a sentence related to 人类生活 福.","1707"
"1708","categorized-collection","按类型区分（4000词）","生活","福","bliss","blɪs","n. 无上幸福；极乐","Try using ""bliss"" in a sentence related to 人类生活 福.","1708"
"1709","categorized-collection","按类型区分（4000词）","生活","福","auspicious","ɔːˈspɪʃəs","adj. 吉利的；有利的","Try using ""auspicious"" in a sentence related to 人类生活 福.","1709"
"1710","categorized-collection","按类型区分（4000词）","生活","福","boon","buːn","n. 恩惠；裨益","Try using ""boon"" in a sentence related to 人类生活 福.","1710"
"1711","categorized-collection","按类型区分（4000词）","生活","福","bonanza","bəˈnænzə","n. 富矿带；走运；鸿运；致富之源","Try using ""bonanza"" in a sentence related to 人类生活 福.","1711"
"1712","categorized-collection","按类型区分（4000词）","生活","福","blessing","ˈblesɪŋ","n. 祝福；祷告；幸事；批准 v. 祝福；保佑；“bless”的现在分词","Try using ""blessing"" in a sentence related to 人类生活 福.","1712"
"1713","categorized-collection","按类型区分（4000词）","生活","福","gratitude","ˈɡrætɪtjuːd","n. 感激之情；感谢","Try using ""gratitude"" in a sentence related to 人类生活 福.","1713"
"1714","categorized-collection","按类型区分（4000词）","生活","福","affluence","ˈæfluəns","n. 富裕；丰富","Try using ""affluence"" in a sentence related to 人类生活 福.","1714"
"1715","categorized-collection","按类型区分（4000词）","生活","福","prosperity","prɒˈsperəti","n. 繁荣；兴旺","Try using ""prosperity"" in a sentence related to 人类生活 福.","1715"
"1716","categorized-collection","按类型区分（4000词）","生活","福","welfare","ˈwelfeə(r)","n. 福利；社会救济","Try using ""welfare"" in a sentence related to 人类生活 福.","1716"
"1717","categorized-collection","按类型区分（4000词）","生活","福","opulence","ˈɒpjələns","n. 富裕；富饶；大量","Try using ""opulence"" in a sentence related to 人类生活 福.","1717"
"1718","categorized-collection","按类型区分（4000词）","生活","福","paradise","ˈpærədaɪs","n. 天堂","Try using ""paradise"" in a sentence related to 人类生活 福.","1718"
"1719","categorized-collection","按类型区分（4000词）","生活","福","propitious","prəˈpɪʃəs","adj. 有利的；吉祥的；吉利的","Try using ""propitious"" in a sentence related to 人类生活 福.","1719"
"1720","categorized-collection","按类型区分（4000词）","生活","福","godsend","ˈɡɒdsend","n. 天赐之物；意外获得的幸运","Try using ""godsend"" in a sentence related to 人类生活 福.","1720"
"1721","categorized-collection","按类型区分（4000词）","生活","福","sumptuous","ˈsʌmptʃuəs","adj. 华丽的；奢侈的","Try using ""sumptuous"" in a sentence related to 人类生活 福.","1721"
"1722","categorized-collection","按类型区分（4000词）","生活","工作","assumption","əˈsʌmpʃ(ə)n","n. 假设；假想","This word is useful when describing tasks or plans at work.","1722"
"1723","categorized-collection","按类型区分（4000词）","生活","工作","appoint","əˈpɔɪnt","v. 任命；委派；约定；指定","This word is useful when describing tasks or plans at work.","1723"
"1724","categorized-collection","按类型区分（4000词）","生活","工作","dismiss","dɪsˈmɪs","v. 解雇；解散；摒除；不理会；（法律）驳回","This word is useful when describing tasks or plans at work.","1724"
"1725","categorized-collection","按类型区分（4000词）","生活","工作","audition","ɔːˈdɪʃ(ə)n","n. 试听；试唱；试演；听力 v. 试听；试音；试镜；让…试演","This word is useful when describing tasks or plans at work.","1725"
"1726","categorized-collection","按类型区分（4000词）","生活","工作","interview","ˈɪntəvjuː","n. 面试；访谈 v. 面试；接见","This word is useful when describing tasks or plans at work.","1726"
"1727","categorized-collection","按类型区分（4000词）","生活","工作","career","kəˈrɪə(r)","n. 事业；生涯","This word is useful when describing tasks or plans at work.","1727"
"1728","categorized-collection","按类型区分（4000词）","生活","工作","draft","drɑːft","n. 草稿 v. 起草；草拟","This word is useful when describing tasks or plans at work.","1728"
"1729","categorized-collection","按类型区分（4000词）","生活","工作","drudgery","ˈdrʌdʒəri","n. 单调乏味的苦差事","This word is useful when describing tasks or plans at work.","1729"
"1730","categorized-collection","按类型区分（4000词）","生活","工作","hectic","ˈhektɪk","adj. 紧张忙碌的；忙乱的","This word is useful when describing tasks or plans at work.","1730"
"1731","categorized-collection","按类型区分（4000词）","生活","工作","inaugurate","ɪˈnɔːɡjəreɪt","v. 开创；为（某人）举行就职典礼；为…举行开幕仪式","This word is useful when describing tasks or plans at work.","1731"
"1732","categorized-collection","按类型区分（4000词）","生活","工作","log","lɒɡ","n. 原木；木头；航海日志 v. 伐木；（正式地）记载","This word is useful when describing tasks or plans at work.","1732"
"1733","categorized-collection","按类型区分（4000词）","生活","工作","officeholding","ˈɒfɪshəʊldɪŋ","n. 担任公职：在政府或其他组织中担任职位或职务。","This word is useful when describing tasks or plans at work.","1733"
"1734","categorized-collection","按类型区分（4000词）","生活","工作","promote","prəˈməʊt","v. 促进；推动；提拔；宣传；推销","This word is useful when describing tasks or plans at work.","1734"
"1735","categorized-collection","按类型区分（4000词）","生活","工作","register","ˈredʒɪstə(r)","v. 注册；登记 n. 登记簿；现金出纳机","This word is useful when describing tasks or plans at work.","1735"
"1736","categorized-collection","按类型区分（4000词）","生活","工作","resign","rɪˈzaɪn","v. 辞职；使…顺从于（做）某事","This word is useful when describing tasks or plans at work.","1736"
"1737","categorized-collection","按类型区分（4000词）","生活","工作","sketch","sketʃ","n. 草图；素描；概述 v. 草拟；速写；简述","This word is useful when describing tasks or plans at work.","1737"
"1738","categorized-collection","按类型区分（4000词）","生活","工作","undertaking","ˌʌndəˈteɪkɪŋ","n. 事业；企业；承诺；保证 v. 承担；从事；保证；“undertake”的现在分词","This word is useful when describing tasks or plans at work.","1738"
"1739","categorized-collection","按类型区分（4000词）","生活","工作","vocation","vəʊˈkeɪʃ(ə)n","n. 职业；行业；使命","This word is useful when describing tasks or plans at work.","1739"
"1740","categorized-collection","按类型区分（4000词）","生活","工作","profession","prəˈfeʃ(ə)n","n. 职业；专业","This word is useful when describing tasks or plans at work.","1740"
"1741","categorized-collection","按类型区分（4000词）","生活","工作","trade","treɪd","n. 贸易；交易；行业 v. 贸易；交易","This word is useful when describing tasks or plans at work.","1741"
"1742","categorized-collection","按类型区分（4000词）","生活","工作","occupation","ˌɒkjuˈpeɪʃ(ə)n","n. 占领；占有；职业；消遣","This word is useful when describing tasks or plans at work.","1742"
"1743","categorized-collection","按类型区分（4000词）","生活","工作","overtime","ˈəʊvətaɪm","n. 超时；加班；加班费 v. 使超时 adv. 超时地","This word is useful when describing tasks or plans at work.","1743"
"1744","categorized-collection","按类型区分（4000词）","生活","供给","accommodate","əˈkɒmədeɪt","v. 容纳；为...提供住宿；适应","Try using ""accommodate"" in a sentence related to 人类生活 供给.","1744"
"1745","categorized-collection","按类型区分（4000词）","生活","供给","furnish","ˈfɜːnɪʃ","v. 布置家具；配备；供给；提供","Try using ""furnish"" in a sentence related to 人类生活 供给.","1745"
"1746","categorized-collection","按类型区分（4000词）","生活","供给","provide","prəˈvaɪd","v. 提供；供应","Try using ""provide"" in a sentence related to 人类生活 供给.","1746"
"1747","categorized-collection","按类型区分（4000词）","生活","供给","provision","prəˈvɪʒ(ə)n","n. 供应；预备；储粮；规定；条款","Try using ""provision"" in a sentence related to 人类生活 供给.","1747"
"1748","categorized-collection","按类型区分（4000词）","生活","供给","render","ˈrendə(r)","v. 使变得；给予；（以某种方式）表达；翻译","Try using ""render"" in a sentence related to 人类生活 供给.","1748"
"1749","categorized-collection","按类型区分（4000词）","生活","供给","purvey","pəˈveɪ","v. 供应；供给","Try using ""purvey"" in a sentence related to 人类生活 供给.","1749"
"1750","categorized-collection","按类型区分（4000词）","生活","供给","supply","səˈplaɪ","n. 供应；供给 v. 供给","Try using ""supply"" in a sentence related to 人类生活 供给.","1750"
"1751","categorized-collection","按类型区分（4000词）","生活","供给","delivery","dɪˈlɪvəri","n. 传送；交付；分娩","Try using ""delivery"" in a sentence related to 人类生活 供给.","1751"
"1752","categorized-collection","按类型区分（4000词）","生活","供给","distribute","dɪˈstrɪbjuːt","v. 分发；分配；散布；配给","Try using ""distribute"" in a sentence related to 人类生活 供给.","1752"
"1753","categorized-collection","按类型区分（4000词）","生活","祸","disaster","dɪˈzɑːstə(r)","n. 灾害；灾难","Try using ""disaster"" in a sentence related to 人类生活 祸.","1753"
"1754","categorized-collection","按类型区分（4000词）","生活","祸","disastrous","dɪˈzɑːstrəs","adj. 灾难性的","Try using ""disastrous"" in a sentence related to 人类生活 祸.","1754"
"1755","categorized-collection","按类型区分（4000词）","生活","祸","calamity","kəˈlæməti","n. 大灾祸；灾难","Try using ""calamity"" in a sentence related to 人类生活 祸.","1755"
"1756","categorized-collection","按类型区分（4000词）","生活","祸","unfortunate","ʌnˈfɔːtʃənət","adj. 不幸的；倒霉的 n. 不幸的人","Try using ""unfortunate"" in a sentence related to 人类生活 祸.","1756"
"1757","categorized-collection","按类型区分（4000词）","生活","祸","holocaust","ˈhɒləkɔːst","n. 大屠杀；浩劫","Try using ""holocaust"" in a sentence related to 人类生活 祸.","1757"
"1758","categorized-collection","按类型区分（4000词）","生活","祸","carnage","ˈkɑːnɪdʒ","n. 大屠杀；残杀","Try using ""carnage"" in a sentence related to 人类生活 祸.","1758"
"1759","categorized-collection","按类型区分（4000词）","生活","祸","cataclysm","ˈkætəklɪzəm","n. 大灾难；洪水；剧变","Try using ""cataclysm"" in a sentence related to 人类生活 祸.","1759"
"1760","categorized-collection","按类型区分（4000词）","生活","祸","avalanche","ˈævəlɑːnʃ","n. 雪崩；纷至沓来","Try using ""avalanche"" in a sentence related to 人类生活 祸.","1760"
"1761","categorized-collection","按类型区分（4000词）","生活","祸","slaughter","ˈslɔːtə(r)","v. 屠宰；屠杀 n. 屠宰；屠杀","Try using ""slaughter"" in a sentence related to 人类生活 祸.","1761"
"1762","categorized-collection","按类型区分（4000词）","生活","祸","catastrophe","kəˈtæstrəfi","n. 灾难","Try using ""catastrophe"" in a sentence related to 人类生活 祸.","1762"
"1763","categorized-collection","按类型区分（4000词）","生活","祸","casualty","ˈkæʒuəlti","n. 伤亡（人数）；受伤的人；事故；临时救治所；急诊室","Try using ""casualty"" in a sentence related to 人类生活 祸.","1763"
"1764","categorized-collection","按类型区分（4000词）","生活","祸","mishap","ˈmɪshæp","n. 不幸之事；灾祸；恶运","Try using ""mishap"" in a sentence related to 人类生活 祸.","1764"
"1765","categorized-collection","按类型区分（4000词）","生活","祸","adversity","ədˈvɜːsəti","n. 逆境；不幸","Try using ""adversity"" in a sentence related to 人类生活 祸.","1765"
"1766","categorized-collection","按类型区分（4000词）","生活","祸","afflict","əˈflɪkt","v. 使痛苦；使苦恼；折磨","Try using ""afflict"" in a sentence related to 人类生活 祸.","1766"
"1767","categorized-collection","按类型区分（4000词）","生活","祸","misfortune","ˌmɪsˈfɔːtʃuːn","n. 不幸；灾祸","Try using ""misfortune"" in a sentence related to 人类生活 祸.","1767"
"1768","categorized-collection","按类型区分（4000词）","生活","祸","devastate","ˈdevəsteɪt","v. 毁灭；摧毁；变成废墟","Try using ""devastate"" in a sentence related to 人类生活 祸.","1768"
"1769","categorized-collection","按类型区分（4000词）","生活","祸","massacre","ˈmæsəkə(r)","v. 屠杀 n. 大屠杀","Try using ""massacre"" in a sentence related to 人类生活 祸.","1769"
"1770","categorized-collection","按类型区分（4000词）","生活","祸","deluge","ˈdeljuːdʒ","n. 大洪水；暴雨；泛滥 v. 泛滥；大量涌入","Try using ""deluge"" in a sentence related to 人类生活 祸.","1770"
"1771","categorized-collection","按类型区分（4000词）","生活","祸","upheaval","ʌpˈhiːv(ə)l","n. 剧变；动乱","Try using ""upheaval"" in a sentence related to 人类生活 祸.","1771"
"1772","categorized-collection","按类型区分（4000词）","生活","祸","accident","ˈæksɪd(ə)nt","n. 意外；事故；意外事件","Try using ""accident"" in a sentence related to 人类生活 祸.","1772"
"1773","categorized-collection","按类型区分（4000词）","生活","祸","famine","ˈfæmɪn","n. 饥荒","Try using ""famine"" in a sentence related to 人类生活 祸.","1773"
"1774","categorized-collection","按类型区分（4000词）","生活","祸","victim","ˈvɪktɪm","n. 受害者","Try using ""victim"" in a sentence related to 人类生活 祸.","1774"
"1775","categorized-collection","按类型区分（4000词）","生活","祸","anguish","ˈæŋɡwɪʃ","n. （身体或精神的）极度痛苦","Try using ""anguish"" in a sentence related to 人类生活 祸.","1775"
"1776","categorized-collection","按类型区分（4000词）","生活","祸","ailment","ˈeɪlmənt","n. 轻病；小恙","Try using ""ailment"" in a sentence related to 人类生活 祸.","1776"
"1777","categorized-collection","按类型区分（4000词）","生活","祸","wreckage","ˈrekɪdʒ","n. 破片；残骸","Try using ""wreckage"" in a sentence related to 人类生活 祸.","1777"
"1778","categorized-collection","按类型区分（4000词）","生活","祸","torment","ˈtɔːment","n. 痛苦；折磨；令人痛苦的东西 v. 折磨；使痛苦；烦扰；纠缠；戏弄","Try using ""torment"" in a sentence related to 人类生活 祸.","1778"
"1779","categorized-collection","按类型区分（4000词）","生活","祸","debris","ˈdebriː","n. 碎片；残骸；残渣","Try using ""debris"" in a sentence related to 人类生活 祸.","1779"
"1780","categorized-collection","按类型区分（4000词）","生活","建筑","auditorium","ˌɔːdɪˈtɔːriəm","n. 礼堂；听众席；观众席","Try using ""auditorium"" in a sentence related to 人类生活 建筑.","1780"
"1781","categorized-collection","按类型区分（4000词）","生活","建筑","canopy","ˈkænəpi","n. 天篷；遮篷；树荫","Try using ""canopy"" in a sentence related to 人类生活 建筑.","1781"
"1782","categorized-collection","按类型区分（4000词）","生活","建筑","depot","ˈdepəʊ","n. 仓库；库房；车站","Try using ""depot"" in a sentence related to 人类生活 建筑.","1782"
"1783","categorized-collection","按类型区分（4000词）","生活","建筑","dormitory","ˈdɔːmətri","n. 宿舍","Try using ""dormitory"" in a sentence related to 人类生活 建筑.","1783"
"1784","categorized-collection","按类型区分（4000词）","生活","建筑","dwelling","ˈdwelɪŋ","n. 住宅；住所 v. 居住；栖身；沉湎于；“dwell”的现在分词","Try using ""dwelling"" in a sentence related to 人类生活 建筑.","1784"
"1785","categorized-collection","按类型区分（4000词）","生活","建筑","forge","fɔːdʒ","v. 伪造；锻造；建立（联系等） n. 锻造车间","Try using ""forge"" in a sentence related to 人类生活 建筑.","1785"
"1786","categorized-collection","按类型区分（4000词）","生活","建筑","refuge","ˈrefjuːdʒ","n. 避难所；庇护","Try using ""refuge"" in a sentence related to 人类生活 建筑.","1786"
"1787","categorized-collection","按类型区分（4000词）","生活","建筑","stall","stɔːl","n. 小隔间；摊位；牲畜棚 v. 停顿；（使）熄火；故意拖延","Try using ""stall"" in a sentence related to 人类生活 建筑.","1787"
"1788","categorized-collection","按类型区分（4000词）","生活","建筑","tower","ˈtaʊə(r)","n. 塔；塔楼 v. 远远高于；高耸","Try using ""tower"" in a sentence related to 人类生活 建筑.","1788"
"1789","categorized-collection","按类型区分（4000词）","生活","建筑","vault","vɔːlt","n. 拱顶；墓穴；金库；撑竿跳 v. 跳跃","Try using ""vault"" in a sentence related to 人类生活 建筑.","1789"
"1790","categorized-collection","按类型区分（4000词）","生活","建筑","warehouse","ˈweəhaʊs","n. 仓库；货栈 v. 把…存入仓库","Try using ""warehouse"" in a sentence related to 人类生活 建筑.","1790"
"1791","categorized-collection","按类型区分（4000词）","生活","建筑","villa","ˈvɪlə","n. 别墅","Try using ""villa"" in a sentence related to 人类生活 建筑.","1791"
"1792","categorized-collection","按类型区分（4000词）","生活","建筑","overpass","ˈəʊvəpɑːs","n. 天桥；立交桥","Try using ""overpass"" in a sentence related to 人类生活 建筑.","1792"
"1793","categorized-collection","按类型区分（4000词）","生活","建筑","viaduct","ˈvaɪədʌkt","n. 高架桥；高架铁路","Try using ""viaduct"" in a sentence related to 人类生活 建筑.","1793"
"1794","categorized-collection","按类型区分（4000词）","生活","建筑","shelter","ˈʃeltə(r)","n. 避难所；庇护所 v. 庇护；遮蔽","Try using ""shelter"" in a sentence related to 人类生活 建筑.","1794"
"1795","categorized-collection","按类型区分（4000词）","生活","建筑","palace","ˈpæləs","n. 宫殿；王宫","Try using ""palace"" in a sentence related to 人类生活 建筑.","1795"
"1796","categorized-collection","按类型区分（4000词）","生活","建筑","temple","ˈtemp(ə)l","n. 庙宇；太阳穴","Try using ""temple"" in a sentence related to 人类生活 建筑.","1796"
"1797","categorized-collection","按类型区分（4000词）","生活","建筑","apartment","əˈpɑːtmənt","n. 单元住宅；公寓住宅","Try using ""apartment"" in a sentence related to 人类生活 建筑.","1797"
"1798","categorized-collection","按类型区分（4000词）","生活","困难","arduous","ˈɑːdʒuəs","adj. 艰巨的；费力的","Try using ""arduous"" in a sentence related to 人类生活 困难.","1798"
"1799","categorized-collection","按类型区分（4000词）","生活","困难","devious","ˈdiːviəs","adj. 不直接的；不正直的；迂回的","Try using ""devious"" in a sentence related to 人类生活 困难.","1799"
"1800","categorized-collection","按类型区分（4000词）","生活","困难","dilemma","dɪˈlemə","n. （进退两难的）窘境","Try using ""dilemma"" in a sentence related to 人类生活 困难.","1800"
"1801","categorized-collection","按类型区分（4000词）","生活","困难","embarrass","ɪmˈbærəs","v. 使窘迫；使尴尬","Try using ""embarrass"" in a sentence related to 人类生活 困难.","1801"
"1802","categorized-collection","按类型区分（4000词）","生活","困难","flounder","ˈflaʊndə(r)","v. 挣扎；深陷困境 n. 比目鱼","Try using ""flounder"" in a sentence related to 人类生活 困难.","1802"
"1803","categorized-collection","按类型区分（4000词）","生活","困难","laborious","ləˈbɔːriəs","adj. 耗时费力的；辛苦的；艰难的；艰涩的","Try using ""laborious"" in a sentence related to 人类生活 困难.","1803"
"1804","categorized-collection","按类型区分（4000词）","生活","困难","painstaking","ˈpeɪnzteɪkɪŋ","adj. 艰苦的；需细心的","Try using ""painstaking"" in a sentence related to 人类生活 困难.","1804"
"1805","categorized-collection","按类型区分（4000词）","生活","困难","plight","plaɪt","n. 境况；困境 v. 保证；发誓","Try using ""plight"" in a sentence related to 人类生活 困难.","1805"
"1806","categorized-collection","按类型区分（4000词）","生活","困难","precipitous","prɪˈsɪpɪtəs","adj. 险峻的；急促的；急躁的","Try using ""precipitous"" in a sentence related to 人类生活 困难.","1806"
"1807","categorized-collection","按类型区分（4000词）","生活","困难","strait","streɪt","n. 海峡","Try using ""strait"" in a sentence related to 人类生活 困难.","1807"
"1808","categorized-collection","按类型区分（4000词）","生活","困难","strenuous","ˈstrenjuəs","adj. 费力的；繁重的；艰苦的；发奋的","Try using ""strenuous"" in a sentence related to 人类生活 困难.","1808"
"1809","categorized-collection","按类型区分（4000词）","生活","困难","handicap","ˈhændikæp","n. 残疾；障碍；阻碍；不利 v. 妨碍；使不利","Try using ""handicap"" in a sentence related to 人类生活 困难.","1809"
"1810","categorized-collection","按类型区分（4000词）","生活","困难","adversity","ədˈvɜːsəti","n. 逆境；不幸","Try using ""adversity"" in a sentence related to 人类生活 困难.","1810"
"1811","categorized-collection","按类型区分（4000词）","生活","困难","quandary","ˈkwɒndəri","n. 困境；窘境；困惑之境；进退两难","Try using ""quandary"" in a sentence related to 人类生活 困难.","1811"
"1812","categorized-collection","按类型区分（4000词）","生活","困难","predicament","prɪˈdɪkəmənt","n. 困境；窘境；危境","Try using ""predicament"" in a sentence related to 人类生活 困难.","1812"
"1813","categorized-collection","按类型区分（4000词）","生活","困难","impasse","ˈɪmpæs","n. 绝境；僵局；死路；死胡同","Try using ""impasse"" in a sentence related to 人类生活 困难.","1813"
"1814","categorized-collection","按类型区分（4000词）","生活","困难","backbreaking","ˈbækbreɪkɪŋ","adj. 累断腰的；非常辛劳的","Try using ""backbreaking"" in a sentence related to 人类生活 困难.","1814"
"1815","categorized-collection","按类型区分（4000词）","生活","流行","fashionable","ˈfæʃ(ə)nəb(ə)l","adj. 流行的；时髦的","Try using ""fashionable"" in a sentence related to 人类生活 流行.","1815"
"1816","categorized-collection","按类型区分（4000词）","生活","流行","prevail","prɪˈveɪl","v. 获胜；盛行；劝服","Try using ""prevail"" in a sentence related to 人类生活 流行.","1816"
"1817","categorized-collection","按类型区分（4000词）","生活","流行","prevalent","ˈprevələnt","adj. 普遍的；流行的；盛行的","Try using ""prevalent"" in a sentence related to 人类生活 流行.","1817"
"1818","categorized-collection","按类型区分（4000词）","生活","流行","tide","taɪd","n. 潮汐；潮流","Try using ""tide"" in a sentence related to 人类生活 流行.","1818"
"1819","categorized-collection","按类型区分（4000词）","生活","流行","vogue","vəʊɡ","n. 时髦；时兴","Try using ""vogue"" in a sentence related to 人类生活 流行.","1819"
"1820","categorized-collection","按类型区分（4000词）","生活","流行","stylish","ˈstaɪlɪʃ","adj. 时髦的；漂亮的；有格调的","Try using ""stylish"" in a sentence related to 人类生活 流行.","1820"
"1821","categorized-collection","按类型区分（4000词）","生活","流行","a la mode","ə lɑː məʊd","adj. 按时下流行方式的；（尤指）配冰淇淋的（用于甜点）","Try using ""a la mode"" in a sentence related to 人类生活 流行.","1821"
"1822","categorized-collection","按类型区分（4000词）","生活","流行","popularity","ˌpɒpjuˈlærəti","n. 普及；流行","Try using ""popularity"" in a sentence related to 人类生活 流行.","1822"
"1823","categorized-collection","按类型区分（4000词）","生活","流行","trend","trend","n. 趋势；走向 v. 倾向","Try using ""trend"" in a sentence related to 人类生活 流行.","1823"
"1824","categorized-collection","按类型区分（4000词）","生活","流行","modish","ˈməʊdɪʃ","adj. 流行的；时髦的","Try using ""modish"" in a sentence related to 人类生活 流行.","1824"
"1825","categorized-collection","按类型区分（4000词）","生活","旅馆饭店","attendant","əˈtendənt","n. 服务人员 adj. 随之而来的","You may hear ""attendant"" when checking in at a hotel.","1825"
"1826","categorized-collection","按类型区分（4000词）","生活","旅馆饭店","balcony","ˈbælkəni","n. 阳台","You may hear ""balcony"" when checking in at a hotel.","1826"
"1827","categorized-collection","按类型区分（4000词）","生活","旅馆饭店","blanket","ˈblæŋkɪt","n. 毛毯；厚的覆盖物 adj. 包括所有的 v. 覆盖","You may hear ""blanket"" when checking in at a hotel.","1827"
"1828","categorized-collection","按类型区分（4000词）","生活","旅馆饭店","carpet","ˈkɑːpɪt","n. 地毯","You may hear ""carpet"" when checking in at a hotel.","1828"
"1829","categorized-collection","按类型区分（4000词）","生活","旅馆饭店","lavatory","ˈlævətri","n. 盥洗室；厕所","You may hear ""lavatory"" when checking in at a hotel.","1829"
"1830","categorized-collection","按类型区分（4000词）","生活","旅馆饭店","lounge","laʊndʒ","n. 休息室；长沙发 v. 懒洋洋地躺卧；闲逛；闲散度日","You may hear ""lounge"" when checking in at a hotel.","1830"
"1831","categorized-collection","按类型区分（4000词）","生活","旅馆饭店","mattress","ˈmætrəs","n. 褥垫；床垫","You may hear ""mattress"" when checking in at a hotel.","1831"
"1832","categorized-collection","按类型区分（4000词）","生活","旅馆饭店","newsstand","ˈnjuːzstænd","n. 书报摊；书报亭","You may hear ""newsstand"" when checking in at a hotel.","1832"
"1833","categorized-collection","按类型区分（4000词）","生活","旅馆饭店","reception","rɪˈsepʃ(ə)n","n. 接待；招待会","You may hear ""reception"" when checking in at a hotel.","1833"
"1834","categorized-collection","按类型区分（4000词）","生活","旅馆饭店","registration","ˌredʒɪˈstreɪʃ(ə)n","n. 登记；注册；挂号","You may hear ""registration"" when checking in at a hotel.","1834"
"1835","categorized-collection","按类型区分（4000词）","生活","旅馆饭店","shutter","ˈʃʌtə(r)","n. 百叶窗；（照相机的）快门","You may hear ""shutter"" when checking in at a hotel.","1835"
"1836","categorized-collection","按类型区分（4000词）","生活","旅馆饭店","suite","swiːt","n. 套房；随从；组曲；一套家具","You may hear ""suite"" when checking in at a hotel.","1836"
"1837","categorized-collection","按类型区分（4000词）","生活","名誉","admirable","ˈædmərəb(ə)l","adj. 令人钦佩的；令人赞赏的","Try using ""admirable"" in a sentence related to 人类生活 名誉.","1837"
"1838","categorized-collection","按类型区分（4000词）","生活","名誉","admire","ədˈmaɪə(r)","v. 钦佩；赞赏","Try using ""admire"" in a sentence related to 人类生活 名誉.","1838"
"1839","categorized-collection","按类型区分（4000词）","生活","名誉","adore","əˈdɔː(r)","v. 爱慕；敬慕；崇拜","Try using ""adore"" in a sentence related to 人类生活 名誉.","1839"
"1840","categorized-collection","按类型区分（4000词）","生活","名誉","advocate","ˈædvəkeɪt","v. 提倡；主张 n. 提倡者；拥护者；辩护律师","Try using ""advocate"" in a sentence related to 人类生活 名誉.","1840"
"1841","categorized-collection","按类型区分（4000词）","生活","名誉","awe","ɔː","n. 敬畏 v. 使敬畏","Try using ""awe"" in a sentence related to 人类生活 名誉.","1841"
"1842","categorized-collection","按类型区分（4000词）","生活","名誉","celebrate","ˈselɪbreɪt","v. 庆祝；歌颂","Try using ""celebrate"" in a sentence related to 人类生活 名誉.","1842"
"1843","categorized-collection","按类型区分（4000词）","生活","名誉","celebrated","ˈselɪbreɪtɪd","adj. 著名的 v. 庆祝；“celebrate”的过去式和过去分词","Try using ""celebrated"" in a sentence related to 人类生活 名誉.","1843"
"1844","categorized-collection","按类型区分（4000词）","生活","名誉","classic","ˈklæsɪk","adj. 第一流的；典范的；典型的 n. 优秀的典范；文学经典；名著","Try using ""classic"" in a sentence related to 人类生活 名誉.","1844"
"1845","categorized-collection","按类型区分（4000词）","生活","名誉","commend","kəˈmend","v. 推荐；表扬；举荐","Try using ""commend"" in a sentence related to 人类生活 名誉.","1845"
"1846","categorized-collection","按类型区分（4000词）","生活","名誉","compliment","ˈkɒmplɪmənt","v. 称赞；恭维 n. 称赞；恭维","Try using ""compliment"" in a sentence related to 人类生活 名誉.","1846"
"1847","categorized-collection","按类型区分（4000词）","生活","名誉","complimentary","ˌkɒmplɪˈmentri","adj. 赞美的；称赞的；免费赠送的","Try using ""complimentary"" in a sentence related to 人类生活 名誉.","1847"
"1848","categorized-collection","按类型区分（4000词）","生活","名誉","credit","ˈkredɪt","n. 赞扬；荣誉；赊账；信用；贷款；学分 v. 相信；给银行账户上存钱","Try using ""credit"" in a sentence related to 人类生活 名誉.","1848"
"1849","categorized-collection","按类型区分（4000词）","生活","名誉","deference","ˈdefərəns","n. 尊重；遵从；听从","Try using ""deference"" in a sentence related to 人类生活 名誉.","1849"
"1850","categorized-collection","按类型区分（4000词）","生活","名誉","deferential","ˌdefəˈrenʃ(ə)l","adj. 恭敬的；顺从的","Try using ""deferential"" in a sentence related to 人类生活 名誉.","1850"
"1851","categorized-collection","按类型区分（4000词）","生活","名誉","dignified","ˈdɪɡnɪfaɪd","adj. 高贵的；有尊严的","Try using ""dignified"" in a sentence related to 人类生活 名誉.","1851"
"1852","categorized-collection","按类型区分（4000词）","生活","名誉","dignify","ˈdɪɡnɪfaɪ","v. 使有尊严；使崇高；使显贵","Try using ""dignify"" in a sentence related to 人类生活 名誉.","1852"
"1853","categorized-collection","按类型区分（4000词）","生活","名誉","dignity","ˈdɪɡnəti","n. 尊严；高贵；尊贵；庄严","Try using ""dignity"" in a sentence related to 人类生活 名誉.","1853"
"1854","categorized-collection","按类型区分（4000词）","生活","名誉","embalm","ɪmˈbɑːm","vt. 铭记于心；使不朽；防腐；使充满香气","Try using ""embalm"" in a sentence related to 人类生活 名誉.","1854"
"1855","categorized-collection","按类型区分（4000词）","生活","名誉","eminent","ˈemɪnənt","adj. 著名的；非凡的；杰出的","Try using ""eminent"" in a sentence related to 人类生活 名誉.","1855"
"1856","categorized-collection","按类型区分（4000词）","生活","名誉","entitle","ɪnˈtaɪt(ə)l","v. 授权；命名；给...权利（或资格）","Try using ""entitle"" in a sentence related to 人类生活 名誉.","1856"
"1857","categorized-collection","按类型区分（4000词）","生活","名誉","esteem","ɪˈstiːm","v. 尊重；尊敬 n. 尊重；尊敬","Try using ""esteem"" in a sentence related to 人类生活 名誉.","1857"
"1858","categorized-collection","按类型区分（4000词）","生活","名誉","exalt","ɪɡˈzɔːlt","v. 赞扬；提升；加强","Try using ""exalt"" in a sentence related to 人类生活 名誉.","1858"
"1859","categorized-collection","按类型区分（4000词）","生活","名誉","exalted","ɪɡˈzɔːltɪd","adj. 高位的；高尚的；欣喜的 v. 赞扬；提升；加强；“exalt”的过去式和过去分词","Try using ""exalted"" in a sentence related to 人类生活 名誉.","1859"
"1860","categorized-collection","按类型区分（4000词）","生活","名誉","excellent","ˈeksələnt","adj. 优秀的；杰出的；卓越的","Try using ""excellent"" in a sentence related to 人类生活 名誉.","1860"
"1861","categorized-collection","按类型区分（4000词）","生活","名誉","excel","ɪkˈsel","v. 优于；擅长；胜过","Try using ""excel"" in a sentence related to 人类生活 名誉.","1861"
"1862","categorized-collection","按类型区分（4000词）","生活","名誉","exceptional","ɪkˈsepʃən(ə)l","adj. 卓越的；杰出的；罕见的；特别的","Try using ""exceptional"" in a sentence related to 人类生活 名誉.","1862"
"1863","categorized-collection","按类型区分（4000词）","生活","名誉","exemplary","ɪɡˈzempləri","adj. 典范的；可做模范的；惩戒性的","Try using ""exemplary"" in a sentence related to 人类生活 名誉.","1863"
"1864","categorized-collection","按类型区分（4000词）","生活","名誉","extol","ɪkˈstəʊl","v. 颂扬；赞扬","Try using ""extol"" in a sentence related to 人类生活 名誉.","1864"
"1865","categorized-collection","按类型区分（4000词）","生活","名誉","feat","fiːt","n. 功绩；技艺；壮举","Try using ""feat"" in a sentence related to 人类生活 名誉.","1865"
"1866","categorized-collection","按类型区分（4000词）","生活","名誉","glorious","ˈɡlɔːriəs","adj. 光荣的；辉煌的","Try using ""glorious"" in a sentence related to 人类生活 名誉.","1866"
"1867","categorized-collection","按类型区分（4000词）","生活","名誉","gorgeous","ˈɡɔːdʒəs","adj. 华丽的；绚丽的；极好的","Try using ""gorgeous"" in a sentence related to 人类生活 名誉.","1867"
"1868","categorized-collection","按类型区分（4000词）","生活","名誉","grandeur","ˈɡrændʒə","n. 庄严；宏伟；壮观","Try using ""grandeur"" in a sentence related to 人类生活 名誉.","1868"
"1869","categorized-collection","按类型区分（4000词）","生活","名誉","homage","ˈhɒmɪdʒ","n. 尊敬；崇敬","Try using ""homage"" in a sentence related to 人类生活 名誉.","1869"
"1870","categorized-collection","按类型区分（4000词）","生活","名誉","illustrious","ɪˈlʌstriəs","adj. 著名的；杰出的","Try using ""illustrious"" in a sentence related to 人类生活 名誉.","1870"
"1871","categorized-collection","按类型区分（4000词）","生活","名誉","immortal","ɪˈmɔːt(ə)l","adj. 不朽的；永世的；不死的 n. 不朽的人物；神仙；永生不灭者","Try using ""immortal"" in a sentence related to 人类生活 名誉.","1871"
"1872","categorized-collection","按类型区分（4000词）","生活","名誉","infamous","ˈɪnfəməs","adj. 臭名远扬的；声名狼藉的；无耻的","Try using ""infamous"" in a sentence related to 人类生活 名誉.","1872"
"1873","categorized-collection","按类型区分（4000词）","生活","名誉","laud","lɔːd","v. 称赞；赞美 n. 赞颂；赞美","Try using ""laud"" in a sentence related to 人类生活 名誉.","1873"
"1874","categorized-collection","按类型区分（4000词）","生活","名誉","laudable","ˈlɔːdəb(ə)l","adj. 应受赞扬的；值得赞美的","Try using ""laudable"" in a sentence related to 人类生活 名誉.","1874"
"1875","categorized-collection","按类型区分（4000词）","生活","名誉","legendary","ˈledʒəndri","adj. 传奇的；传说的；享有盛名的","Try using ""legendary"" in a sentence related to 人类生活 名誉.","1875"
"1876","categorized-collection","按类型区分（4000词）","生活","名誉","lofty","ˈlɒfti","adj. 高的；崇高的；傲慢的","Try using ""lofty"" in a sentence related to 人类生活 名誉.","1876"
"1877","categorized-collection","按类型区分（4000词）","生活","名誉","matchless","ˈmætʃləs","adj. 无与伦比的；无双的；无可匹敌的","Try using ""matchless"" in a sentence related to 人类生活 名誉.","1877"
"1878","categorized-collection","按类型区分（4000词）","生活","名誉","notable","ˈnəʊtəb(ə)l","adj. 值得注意的；显著的；著名的 n. 名人；显要人物","Try using ""notable"" in a sentence related to 人类生活 名誉.","1878"
"1879","categorized-collection","按类型区分（4000词）","生活","名誉","noted","ˈnəʊtɪd","adj. 著名的；闻名的；显著的 v. 注意；备注；“note”的过去式和过去分词","Try using ""noted"" in a sentence related to 人类生活 名誉.","1879"
"1880","categorized-collection","按类型区分（4000词）","生活","名誉","notorious","nəʊˈtɔːriəs","adj. 声名狼藉的；臭名昭著的","Try using ""notorious"" in a sentence related to 人类生活 名誉.","1880"
"1881","categorized-collection","按类型区分（4000词）","生活","名誉","obscure","əbˈskjʊə(r)","adj. 昏暗的；不清楚的；无名的 v. 使模糊；使隐晦；使费解","Try using ""obscure"" in a sentence related to 人类生活 名誉.","1881"
"1882","categorized-collection","按类型区分（4000词）","生活","名誉","odor","ˈəʊdə(r)","n. 臭味；气味","Try using ""odor"" in a sentence related to 人类生活 名誉.","1882"
"1883","categorized-collection","按类型区分（4000词）","生活","名誉","outstanding","aʊtˈstændɪŋ","adj. 杰出的；尚未处理的","Try using ""outstanding"" in a sentence related to 人类生活 名誉.","1883"
"1884","categorized-collection","按类型区分（4000词）","生活","名誉","pre-eminent","ˌpriː ˈemɪnənt","adj. 杰出的；卓越的；出类拔萃的","Try using ""pre-eminent"" in a sentence related to 人类生活 名誉.","1884"
"1885","categorized-collection","按类型区分（4000词）","生活","名誉","prestige","preˈstiːʒ","n. 声望；威望；威信","Try using ""prestige"" in a sentence related to 人类生活 名誉.","1885"
"1886","categorized-collection","按类型区分（4000词）","生活","名誉","prominent","ˈprɒmɪnənt","adj. 突出的；显著的；杰出的","Try using ""prominent"" in a sentence related to 人类生活 名誉.","1886"
"1887","categorized-collection","按类型区分（4000词）","生活","名誉","renowned","rɪˈnaʊnd","adj. 有名的；有声誉的","Try using ""renowned"" in a sentence related to 人类生活 名誉.","1887"
"1888","categorized-collection","按类型区分（4000词）","生活","名誉","respect","rɪˈspekt","v. 尊重；尊敬；遵从 n. 尊重；尊敬；方面","Try using ""respect"" in a sentence related to 人类生活 名誉.","1888"
"1889","categorized-collection","按类型区分（4000词）","生活","名誉","revere","rɪˈvɪə(r)","v. 尊敬；敬畏","Try using ""revere"" in a sentence related to 人类生活 名誉.","1889"
"1890","categorized-collection","按类型区分（4000词）","生活","名誉","reverence","ˈrevərəns","n. 尊敬；尊崇","Try using ""reverence"" in a sentence related to 人类生活 名誉.","1890"
"1891","categorized-collection","按类型区分（4000词）","生活","名誉","supreme","suˈpriːm","adj. 至上的；最高的","Try using ""supreme"" in a sentence related to 人类生活 名誉.","1891"
"1892","categorized-collection","按类型区分（4000词）","生活","名誉","tarnish","ˈtɑːnɪʃ","v. （使）失去光泽；使晦暗；玷污 n. 晦暗；污渍","Try using ""tarnish"" in a sentence related to 人类生活 名誉.","1892"
"1893","categorized-collection","按类型区分（4000词）","生活","名誉","venerate","ˈvenəreɪt","v. 尊敬；崇敬","Try using ""venerate"" in a sentence related to 人类生活 名誉.","1893"
"1894","categorized-collection","按类型区分（4000词）","生活","名誉","virtue","ˈvɜːtʃuː","n. 美德；优点","Try using ""virtue"" in a sentence related to 人类生活 名誉.","1894"
"1895","categorized-collection","按类型区分（4000词）","生活","气氛","aura","ˈɔːrə","n. 气质；气氛；氛围","Try using ""aura"" in a sentence related to 人类生活 气氛.","1895"
"1896","categorized-collection","按类型区分（4000词）","生活","气氛","hilarious","hɪˈleəriəs","adj. 非常滑稽的","Try using ""hilarious"" in a sentence related to 人类生活 气氛.","1896"
"1897","categorized-collection","按类型区分（4000词）","生活","气氛","hilarity","hɪˈlærəti","n. 欢闹；狂欢","Try using ""hilarity"" in a sentence related to 人类生活 气氛.","1897"
"1898","categorized-collection","按类型区分（4000词）","生活","气氛","sullen","ˈsʌlən","adj. 面有愠色的；闷闷不乐的；阴沉的","Try using ""sullen"" in a sentence related to 人类生活 气氛.","1898"
"1899","categorized-collection","按类型区分（4000词）","生活","气氛","hospitable","hɒˈspɪtəb(ə)l","adj. 好客的；热情友好的；殷勤的；（气候、环境等）适宜的","Try using ""hospitable"" in a sentence related to 人类生活 气氛.","1899"
"1900","categorized-collection","按类型区分（4000词）","生活","气氛","ambience","ˈæmbiəns","n. 气氛； 情调","Try using ""ambience"" in a sentence related to 人类生活 气氛.","1900"
"1901","categorized-collection","按类型区分（4000词）","生活","气氛","atmosphere","ˈætməsfɪə(r)","n. 大气；气氛；氛围","Try using ""atmosphere"" in a sentence related to 人类生活 气氛.","1901"
"1902","categorized-collection","按类型区分（4000词）","生活","气氛","passionate","ˈpæʃənət","adj. 热情的；充满热情的","Try using ""passionate"" in a sentence related to 人类生活 气氛.","1902"
"1903","categorized-collection","按类型区分（4000词）","生活","气氛","ardent","ˈɑːd(ə)nt","adj. 热心的；热情的","Try using ""ardent"" in a sentence related to 人类生活 气氛.","1903"
"1904","categorized-collection","按类型区分（4000词）","生活","气氛","riproarious","rɪˈprɔːrɪəs","adj. 喧闹的；欢闹的","Try using ""riproarious"" in a sentence related to 人类生活 气氛.","1904"
"1905","categorized-collection","按类型区分（4000词）","生活","社会活动","banquet","ˈbæŋkwɪt","n. 宴会；盛宴","Try using ""banquet"" in a sentence related to 人类生活 社会活动.","1905"
"1906","categorized-collection","按类型区分（4000词）","生活","社会活动","bidding","ˈbɪdɪŋ","n. 命令；出价；投标；叫牌 v. 投标；出价；叫牌；恳求；命令；说（问候话）；“bid”的现在分词","Try using ""bidding"" in a sentence related to 人类生活 社会活动.","1906"
"1907","categorized-collection","按类型区分（4000词）","生活","社会活动","celebrate","ˈselɪbreɪt","v. 庆祝；歌颂","Try using ""celebrate"" in a sentence related to 人类生活 社会活动.","1907"
"1908","categorized-collection","按类型区分（4000词）","生活","社会活动","ceremonial","ˌserɪˈməʊniəl","n. 礼仪；礼节 adj. 仪式的；正式的","Try using ""ceremonial"" in a sentence related to 人类生活 社会活动.","1908"
"1909","categorized-collection","按类型区分（4000词）","生活","社会活动","ceremonious","ˌserəˈməʊniəs","adj. 讲究礼仪的；隆重的","Try using ""ceremonious"" in a sentence related to 人类生活 社会活动.","1909"
"1910","categorized-collection","按类型区分（4000词）","生活","社会活动","ceremony","ˈserəməni","n. 仪式；典礼","Try using ""ceremony"" in a sentence related to 人类生活 社会活动.","1910"
"1911","categorized-collection","按类型区分（4000词）","生活","社会活动","conference","ˈkɒnfərəns","n. 大型会议；商讨","Try using ""conference"" in a sentence related to 人类生活 社会活动.","1911"
"1912","categorized-collection","按类型区分（4000词）","生活","社会活动","decorum","dɪˈkɔːrəm","n. 礼貌得体；适宜的举止","Try using ""decorum"" in a sentence related to 人类生活 社会活动.","1912"
"1913","categorized-collection","按类型区分（4000词）","生活","社会活动","entertain","ˌentəˈteɪn","v. 娱乐；使快乐；款待；心存；怀有","Try using ""entertain"" in a sentence related to 人类生活 社会活动.","1913"
"1914","categorized-collection","按类型区分（4000词）","生活","社会活动","etiquette","ˈetɪkət","n. 礼仪；礼节","Try using ""etiquette"" in a sentence related to 人类生活 社会活动.","1914"
"1915","categorized-collection","按类型区分（4000词）","生活","社会活动","formal","ˈfɔːm(ə)l","adj. 正式的；正规的","Try using ""formal"" in a sentence related to 人类生活 社会活动.","1915"
"1916","categorized-collection","按类型区分（4000词）","生活","社会活动","reception","rɪˈsepʃ(ə)n","n. 接待；招待会","Try using ""reception"" in a sentence related to 人类生活 社会活动.","1916"
"1917","categorized-collection","按类型区分（4000词）","生活","社会活动","session","ˈseʃ(ə)n","n. 会议；会期；开庭；学年；一段时间","Try using ""session"" in a sentence related to 人类生活 社会活动.","1917"
"1918","categorized-collection","按类型区分（4000词）","生活","社会活动","unveil","ˌʌnˈveɪl","v. 摘下面纱；揭幕；揭露","Try using ""unveil"" in a sentence related to 人类生活 社会活动.","1918"
"1919","categorized-collection","按类型区分（4000词）","生活","社会活动","commemorate","kəˈmeməreɪt","v. 纪念","Try using ""commemorate"" in a sentence related to 人类生活 社会活动.","1919"
"1920","categorized-collection","按类型区分（4000词）","生活","社会活动","Opening","ˈəʊpənɪŋ","n. 开始；开口；空缺职位 adj. 开始的 v. 打开；“open”的现在分词","Try using ""Opening"" in a sentence related to 人类生活 社会活动.","1920"
"1921","categorized-collection","按类型区分（4000词）","生活","生产","behave","bɪˈheɪv","v. 表现；举止","Try using ""behave"" in a sentence related to 人类生活 生产.","1921"
"1922","categorized-collection","按类型区分（4000词）","生活","生产","conserve","kənˈsɜːv","v. 保护；保存；节约 n. 蜜饯；果酱","Try using ""conserve"" in a sentence related to 人类生活 生产.","1922"
"1923","categorized-collection","按类型区分（4000词）","生活","生产","construct","kənˈstrʌkt","v. 建造；构造；作（几何图） n. 结构（物）；构想；概念","Try using ""construct"" in a sentence related to 人类生活 生产.","1923"
"1924","categorized-collection","按类型区分（4000词）","生活","生产","convey","kənˈveɪ","v. 传达；表达；运送；输送","Try using ""convey"" in a sentence related to 人类生活 生产.","1924"
"1925","categorized-collection","按类型区分（4000词）","生活","生产","fabricate","ˈfæbrɪkeɪt","v. 编造；捏造；制造","Try using ""fabricate"" in a sentence related to 人类生活 生产.","1925"
"1926","categorized-collection","按类型区分（4000词）","生活","生产","gear","ɡɪə(r)","n. 用具；齿轮；排挡 v. 换挡；调整；（使）适合","Try using ""gear"" in a sentence related to 人类生活 生产.","1926"
"1927","categorized-collection","按类型区分（4000词）","生活","生产","hoist","hɔɪst","v. 提升；吊起；举高 n. 吊升机械；起重机","Try using ""hoist"" in a sentence related to 人类生活 生产.","1927"
"1928","categorized-collection","按类型区分（4000词）","生活","生产","manipulate","məˈnɪpjuleɪt","v. 操纵；使用","Try using ""manipulate"" in a sentence related to 人类生活 生产.","1928"
"1929","categorized-collection","按类型区分（4000词）","生活","生产","manufacture","ˌmænjuˈfæktʃə(r)","v. （用机器大量）制造；虚构；捏造 n. 制造","Try using ""manufacture"" in a sentence related to 人类生活 生产.","1929"
"1930","categorized-collection","按类型区分（4000词）","生活","生产","mill","mɪl","n. 磨坊；磨粉机；工厂 v. 碾碎；磨碎","Try using ""mill"" in a sentence related to 人类生活 生产.","1930"
"1931","categorized-collection","按类型区分（4000词）","生活","生产","mine","maɪn","n. 矿；地雷 pron. 我的（东西） v. 采矿；埋地雷","Try using ""mine"" in a sentence related to 人类生活 生产.","1931"
"1932","categorized-collection","按类型区分（4000词）","生活","生产","monitor","ˈmɒnɪtə(r)","n. 监视器；班长；显示器 v. 监控；监视","Try using ""monitor"" in a sentence related to 人类生活 生产.","1932"
"1933","categorized-collection","按类型区分（4000词）","生活","生产","outfit","ˈaʊtfɪt","n. 全套装备；整套服装；配备；机构 v. 装备；配置设备；供给服装","Try using ""outfit"" in a sentence related to 人类生活 生产.","1933"
"1934","categorized-collection","按类型区分（4000词）","生活","生产","practical","ˈpræktɪk(ə)l","adj. 实际的；实践的；实用的","Try using ""practical"" in a sentence related to 人类生活 生产.","1934"
"1935","categorized-collection","按类型区分（4000词）","生活","生产","raise","reɪz","v. 提起；增加；养育；筹募；引起 n. 加薪","Try using ""raise"" in a sentence related to 人类生活 生产.","1935"
"1936","categorized-collection","按类型区分（4000词）","生活","生产","release","rɪˈliːs","n. 释放；发布 v. 释放；发布","Try using ""release"" in a sentence related to 人类生活 生产.","1936"
"1937","categorized-collection","按类型区分（4000词）","生活","生产","preserve","prɪˈzɜːv","v. 保存；保护；保持 n. （某群体）专有的活动；保护区","Try using ""preserve"" in a sentence related to 人类生活 生产.","1937"
"1938","categorized-collection","按类型区分（4000词）","生活","生产","assembly","əˈsembli","n. 装配；集会；会议","Try using ""assembly"" in a sentence related to 人类生活 生产.","1938"
"1939","categorized-collection","按类型区分（4000词）","生活","生活","baggage","ˈbæɡɪdʒ","n. 行李","Try using ""baggage"" in a sentence related to 人类生活 生活.","1939"
"1940","categorized-collection","按类型区分（4000词）","生活","生活","domestic","dəˈmestɪk","adj. 家庭的；国内的；驯养的 n. 佣人","Try using ""domestic"" in a sentence related to 人类生活 生活.","1940"
"1941","categorized-collection","按类型区分（4000词）","生活","生活","dwell","dwel","v. 居住；栖身","Try using ""dwell"" in a sentence related to 人类生活 生活.","1941"
"1942","categorized-collection","按类型区分（4000词）","生活","生活","residency","ˈrezɪdənsi","n. 居住；定居；驻留期；住院医生实习期","Try using ""residency"" in a sentence related to 人类生活 生活.","1942"
"1943","categorized-collection","按类型区分（4000词）","生活","生活","furniture","ˈfɜːnɪtʃə(r)","n. 家具","Try using ""furniture"" in a sentence related to 人类生活 生活.","1943"
"1944","categorized-collection","按类型区分（4000词）","生活","生活","hurdle","ˈhɜːd(ə)l","n. 跨栏；障碍；难关 v. 越过障碍；克服","Try using ""hurdle"" in a sentence related to 人类生活 生活.","1944"
"1945","categorized-collection","按类型区分（4000词）","生活","生活","idyllic","ɪˈdɪlɪk","adj. 田园诗的","Try using ""idyllic"" in a sentence related to 人类生活 生活.","1945"
"1946","categorized-collection","按类型区分（4000词）","生活","生活","inhabit","ɪnˈhæbɪt","v. 居住于；栖息","Try using ""inhabit"" in a sentence related to 人类生活 生活.","1946"
"1947","categorized-collection","按类型区分（4000词）","生活","生活","nostalgia","nɒˈstældʒə","n. 怀恋；怀旧；乡愁","Try using ""nostalgia"" in a sentence related to 人类生活 生活.","1947"
"1948","categorized-collection","按类型区分（4000词）","生活","生活","nurture","ˈnɜːtʃə(r)","n. 养育；教养；培育 v. 养育；培养；给予营养","Try using ""nurture"" in a sentence related to 人类生活 生活.","1948"
"1949","categorized-collection","按类型区分（4000词）","生活","生活","regimen","ˈredʒɪmən","n. 养生之道","Try using ""regimen"" in a sentence related to 人类生活 生活.","1949"
"1950","categorized-collection","按类型区分（4000词）","生活","生活","reside","rɪˈzaɪd","v. 居住；（性质）存在；属于","Try using ""reside"" in a sentence related to 人类生活 生活.","1950"
"1951","categorized-collection","按类型区分（4000词）","生活","生活","resident","ˈrezɪdənt","n. 常住居民 adj. 居住的；常驻的","Try using ""resident"" in a sentence related to 人类生活 生活.","1951"
"1952","categorized-collection","按类型区分（4000词）","生活","生活","rubbish","ˈrʌbɪʃ","n. 垃圾；废物","Try using ""rubbish"" in a sentence related to 人类生活 生活.","1952"
"1953","categorized-collection","按类型区分（4000词）","生活","生活","scale","skeɪl","n. 规模；等级；秤；刻度；比例（尺） v. 改变…大小；攀登","Try using ""scale"" in a sentence related to 人类生活 生活.","1953"
"1954","categorized-collection","按类型区分（4000词）","生活","生活","scorch","skɔːtʃ","v. 烤得变色；（使）烧焦","Try using ""scorch"" in a sentence related to 人类生活 生活.","1954"
"1955","categorized-collection","按类型区分（4000词）","生活","生活","singe","sɪndʒ","v. （使）烧焦；（使）烫糊","Try using ""singe"" in a sentence related to 人类生活 生活.","1955"
"1956","categorized-collection","按类型区分（4000词）","生活","生活","sojourn","ˈsɒdʒən","n. 旅居；逗留 v. 旅居；逗留","Try using ""sojourn"" in a sentence related to 人类生活 生活.","1956"
"1957","categorized-collection","按类型区分（4000词）","生活","生活","sustenance","ˈsʌstənəns","n. 食物；营养；维持生计","Try using ""sustenance"" in a sentence related to 人类生活 生活.","1957"
"1958","categorized-collection","按类型区分（4000词）","生活","生活","trash","træʃ","n. 垃圾；无价值的东西 v. 丢弃；损坏；诋毁","Try using ""trash"" in a sentence related to 人类生活 生活.","1958"
"1959","categorized-collection","按类型区分（4000词）","生活","生活","transportation","ˌtrænspɔːˈteɪʃ(ə)n","n. 运输；交通工具；运输系统","Try using ""transportation"" in a sentence related to 人类生活 生活.","1959"
"1960","categorized-collection","按类型区分（4000词）","生活","生活","nutrition","njuˈtrɪʃ(ə)n","n. 营养；滋养","Try using ""nutrition"" in a sentence related to 人类生活 生活.","1960"
"1961","categorized-collection","按类型区分（4000词）","生活","时间","abiding","əˈbaɪdɪŋ","adj. 持久不变的","Try using ""abiding"" in a sentence related to 人类生活 时间.","1961"
"1962","categorized-collection","按类型区分（4000词）","生活","时间","abrupt","əˈbrʌpt","adj. 突然的；唐突的；粗鲁无礼的；不连贯的；陡峭的","Try using ""abrupt"" in a sentence related to 人类生活 时间.","1962"
"1963","categorized-collection","按类型区分（4000词）","生活","时间","beforehand","bɪˈfɔːhænd","adv. 预先；提前","Try using ""beforehand"" in a sentence related to 人类生活 时间.","1963"
"1964","categorized-collection","按类型区分（4000词）","生活","时间","chronic","ˈkrɒnɪk","adj. 长期的；慢性的","Try using ""chronic"" in a sentence related to 人类生活 时间.","1964"
"1965","categorized-collection","按类型区分（4000词）","生活","时间","concurrent","kənˈkʌrənt","adj. 同时发生的","Try using ""concurrent"" in a sentence related to 人类生活 时间.","1965"
"1966","categorized-collection","按类型区分（4000词）","生活","时间","concur","kənˈkɜː(r)","v. 意见一致；同意","Try using ""concur"" in a sentence related to 人类生活 时间.","1966"
"1967","categorized-collection","按类型区分（4000词）","生活","时间","contemporary","kənˈtemprəri","adj. 现代的；当代的；同时代的 n. 同代人；同辈人；同龄人","Try using ""contemporary"" in a sentence related to 人类生活 时间.","1967"
"1968","categorized-collection","按类型区分（4000词）","生活","时间","current","ˈkʌrənt","n. （水、气、电）流；趋势 adj. 当前的；流通的","Try using ""current"" in a sentence related to 人类生活 时间.","1968"
"1969","categorized-collection","按类型区分（4000词）","生活","时间","cursory","ˈkɜːsəri","adj. 匆匆的；粗略的；仓促的","Try using ""cursory"" in a sentence related to 人类生活 时间.","1969"
"1970","categorized-collection","按类型区分（4000词）","生活","时间","dated","ˈdeɪtɪd","adj. 过时的；陈旧的 v. 标日期；约会；追溯到；“date”的过去式和过去分词","Try using ""dated"" in a sentence related to 人类生活 时间.","1970"
"1971","categorized-collection","按类型区分（4000词）","生活","时间","due","djuː","adj. 预期的；应给的；到期的","Try using ""due"" in a sentence related to 人类生活 时间.","1971"
"1972","categorized-collection","按类型区分（4000词）","生活","时间","duration","djuˈreɪʃ(ə)n","n. 持续时间；期间","Try using ""duration"" in a sentence related to 人类生活 时间.","1972"
"1973","categorized-collection","按类型区分（4000词）","生活","时间","elapse","ɪˈlæps","v. 逝去；过去 n. （光阴）逝去","Try using ""elapse"" in a sentence related to 人类生活 时间.","1973"
"1974","categorized-collection","按类型区分（4000词）","生活","时间","epoch","ˈiːpɒk","n. 时期；时代；纪元；划时代的大事","Try using ""epoch"" in a sentence related to 人类生活 时间.","1974"
"1975","categorized-collection","按类型区分（4000词）","生活","时间","era","ˈɪərə","n. 时代；纪元","Try using ""era"" in a sentence related to 人类生活 时间.","1975"
"1976","categorized-collection","按类型区分（4000词）","生活","时间","eternal","ɪˈtɜːn(ə)l","adj. 不朽的；永久的","Try using ""eternal"" in a sentence related to 人类生活 时间.","1976"
"1977","categorized-collection","按类型区分（4000词）","生活","时间","everlasting","ˌevəˈlɑːstɪŋ","adj. 永久的；永恒的；经久不变的","Try using ""everlasting"" in a sentence related to 人类生活 时间.","1977"
"1978","categorized-collection","按类型区分（4000词）","生活","时间","extant","ekˈstænt","adj. 尚存的；现存的","Try using ""extant"" in a sentence related to 人类生活 时间.","1978"
"1979","categorized-collection","按类型区分（4000词）","生活","时间","extemporaneous","ɪkˌstempəˈreɪniəs","adj. 即席的；临时的；无准备的；不用讲稿的","Try using ""extemporaneous"" in a sentence related to 人类生活 时间.","1979"
"1980","categorized-collection","按类型区分（4000词）","生活","时间","formerly","ˈfɔːməli","adv. 以前；从前；原来","Try using ""formerly"" in a sentence related to 人类生活 时间.","1980"
"1981","categorized-collection","按类型区分（4000词）","生活","时间","former","ˈfɔːmə(r)","adj. 以前的；前者的 n. 模子","Try using ""former"" in a sentence related to 人类生活 时间.","1981"
"1982","categorized-collection","按类型区分（4000词）","生活","时间","forthright","ˈfɔːθraɪt","adj. 直截了当的；直率的；坦白的","Try using ""forthright"" in a sentence related to 人类生活 时间.","1982"
"1983","categorized-collection","按类型区分（4000词）","生活","时间","hasty","ˈheɪsti","adj. 匆忙的；草率的；急躁的","Try using ""hasty"" in a sentence related to 人类生活 时间.","1983"
"1984","categorized-collection","按类型区分（4000词）","生活","时间","immediate","ɪˈmiːdiət","adj. 立即的；即刻的；最近的；紧接的","Try using ""immediate"" in a sentence related to 人类生活 时间.","1984"
"1985","categorized-collection","按类型区分（4000词）","生活","时间","impromptu","ɪmˈprɒmptjuː","adj. 无准备的；即兴的；即席的 adv. 无准备地；即兴地；即席地","Try using ""impromptu"" in a sentence related to 人类生活 时间.","1985"
"1986","categorized-collection","按类型区分（4000词）","生活","时间","improvise","ˈɪmprəvaɪz","v. 即兴创作；即兴表演；临时准备","Try using ""improvise"" in a sentence related to 人类生活 时间.","1986"
"1987","categorized-collection","按类型区分（4000词）","生活","时间","instantaneous","ˌɪnstənˈteɪniəs","adj. 瞬间的；即刻的","Try using ""instantaneous"" in a sentence related to 人类生活 时间.","1987"
"1988","categorized-collection","按类型区分（4000词）","生活","时间","interlude","ˈɪntəluːd","n. 间歇；插曲；幕间节目","Try using ""interlude"" in a sentence related to 人类生活 时间.","1988"
"1989","categorized-collection","按类型区分（4000词）","生活","时间","juncture","ˈdʒʌŋktʃə(r)","n. 时刻；关头；接合","Try using ""juncture"" in a sentence related to 人类生活 时间.","1989"
"1990","categorized-collection","按类型区分（4000词）","生活","时间","lasting","ˈlɑːstɪŋ","adj. 持久的；恒久的 v. 持续；“last”的现在分词","Try using ""lasting"" in a sentence related to 人类生活 时间.","1990"
"1991","categorized-collection","按类型区分（4000词）","生活","时间","lately","ˈleɪtli","adv. 最近；近来","Try using ""lately"" in a sentence related to 人类生活 时间.","1991"
"1992","categorized-collection","按类型区分（4000词）","生活","时间","nocturnal","nɒkˈtɜːn(ə)l","adj. 夜间活动的；夜间发生的","Try using ""nocturnal"" in a sentence related to 人类生活 时间.","1992"
"1993","categorized-collection","按类型区分（4000词）","生活","时间","obsolete","ˈɒbsəliːt","adj. 过时的；废弃的；淘汰的","Try using ""obsolete"" in a sentence related to 人类生活 时间.","1993"
"1994","categorized-collection","按类型区分（4000词）","生活","时间","occasional","əˈkeɪʒən(ə)l","adj. 偶然的；临时的；不时的","Try using ""occasional"" in a sentence related to 人类生活 时间.","1994"
"1995","categorized-collection","按类型区分（4000词）","生活","时间","overdue","ˌəʊvəˈdjuː","adj. 过期的；未还的；逾期的","Try using ""overdue"" in a sentence related to 人类生活 时间.","1995"
"1996","categorized-collection","按类型区分（4000词）","生活","时间","perennial","pəˈreniəl","adj. 永久的；反复出现的；多年生的 n. 多年生植物","Try using ""perennial"" in a sentence related to 人类生活 时间.","1996"
"1997","categorized-collection","按类型区分（4000词）","生活","时间","permanent","ˈpɜːmənənt","adj. 永久的；持久的","Try using ""permanent"" in a sentence related to 人类生活 时间.","1997"
"1998","categorized-collection","按类型区分（4000词）","生活","时间","pressing","ˈpresɪŋ","adj. 紧迫的；紧急的 v. 按；压榨；“press”的现在分词","Try using ""pressing"" in a sentence related to 人类生活 时间.","1998"
"1999","categorized-collection","按类型区分（4000词）","生活","时间","previous","ˈpriːviəs","adj. 先前的","Try using ""previous"" in a sentence related to 人类生活 时间.","1999"
"2000","categorized-collection","按类型区分（4000词）","生活","时间","previously","ˈpriːviəsli","adv. 以前；先前","Try using ""previously"" in a sentence related to 人类生活 时间.","2000"
"2001","categorized-collection","按类型区分（4000词）","生活","时间","punctual","ˈpʌŋktʃuəl","adj. 准时的","Try using ""punctual"" in a sentence related to 人类生活 时间.","2001"
"2002","categorized-collection","按类型区分（4000词）","生活","时间","recently","ˈriːs(ə)ntli","adv. 最近；近来","Try using ""recently"" in a sentence related to 人类生活 时间.","2002"
"2003","categorized-collection","按类型区分（4000词）","生活","时间","schedule","ˈʃedjuːl","n. 日程表；时间表 v. 安排","Try using ""schedule"" in a sentence related to 人类生活 时间.","2003"
"2004","categorized-collection","按类型区分（4000词）","生活","时间","session","ˈseʃ(ə)n","n. 会议；会期；开庭；学年；一段时间","Try using ""session"" in a sentence related to 人类生活 时间.","2004"
"2005","categorized-collection","按类型区分（4000词）","生活","时间","simultaneously","ˌsɪm(ə)lˈteɪniəsli","adv. 同时地","Try using ""simultaneously"" in a sentence related to 人类生活 时间.","2005"
"2006","categorized-collection","按类型区分（4000词）","生活","时间","subsequent","ˈsʌbsɪkwənt","adj. 随后的；后来的","Try using ""subsequent"" in a sentence related to 人类生活 时间.","2006"
"2007","categorized-collection","按类型区分（4000词）","生活","时间","synchronize","ˈsɪŋkrənaɪz","v. 同时发生","Try using ""synchronize"" in a sentence related to 人类生活 时间.","2007"
"2008","categorized-collection","按类型区分（4000词）","生活","时间","temporal","ˈtempərəl","adj. 时间的；世俗的；暂存的","Try using ""temporal"" in a sentence related to 人类生活 时间.","2008"
"2009","categorized-collection","按类型区分（4000词）","生活","时间","temporary","ˈtemprəri","adj. 短暂的；临时的","Try using ""temporary"" in a sentence related to 人类生活 时间.","2009"
"2010","categorized-collection","按类型区分（4000词）","生活","时间","tentative","ˈtentətɪv","adj. 不确定的；暂定的；试验性的；踌躇的","Try using ""tentative"" in a sentence related to 人类生活 时间.","2010"
"2011","categorized-collection","按类型区分（4000词）","生活","时间","transient","ˈtrænziənt","adj. 短暂的","Try using ""transient"" in a sentence related to 人类生活 时间.","2011"
"2012","categorized-collection","按类型区分（4000词）","生活","时间","transitory","ˈtrænzətri","adj. 暂时的；片刻的；转瞬即逝的","Try using ""transitory"" in a sentence related to 人类生活 时间.","2012"
"2013","categorized-collection","按类型区分（4000词）","生活","时间","urgent","ˈɜːdʒənt","adj. 紧急的；紧迫的","Try using ""urgent"" in a sentence related to 人类生活 时间.","2013"
"2014","categorized-collection","按类型区分（4000词）","生活","食物","barley","ˈbɑːli","n. 大麦；大麦粒","Try using ""barley"" in a sentence related to 人类生活 食物.","2014"
"2015","categorized-collection","按类型区分（4000词）","生活","食物","beet","biːt","n. 甜菜；甜菜根","Try using ""beet"" in a sentence related to 人类生活 食物.","2015"
"2016","categorized-collection","按类型区分（4000词）","生活","食物","beverage","ˈbevərɪdʒ","n. 饮料","Try using ""beverage"" in a sentence related to 人类生活 食物.","2016"
"2017","categorized-collection","按类型区分（4000词）","生活","食物","bland","blænd","adj. 温和的；和蔼的；淡味的；乏味的","Try using ""bland"" in a sentence related to 人类生活 食物.","2017"
"2018","categorized-collection","按类型区分（4000词）","生活","食物","broccoli","ˈbrɒkəli","n. 西兰花；花椰菜","Try using ""broccoli"" in a sentence related to 人类生活 食物.","2018"
"2019","categorized-collection","按类型区分（4000词）","生活","食物","butter","ˈbʌtə(r)","n. 黄油；奶油 v. 涂黄油于...上","Try using ""butter"" in a sentence related to 人类生活 食物.","2019"
"2020","categorized-collection","按类型区分（4000词）","生活","食物","cabbage","ˈkæbɪdʒ","n. 卷心菜","Try using ""cabbage"" in a sentence related to 人类生活 食物.","2020"
"2021","categorized-collection","按类型区分（4000词）","生活","食物","carrot","ˈkærət","n. 胡萝卜","Try using ""carrot"" in a sentence related to 人类生活 食物.","2021"
"2022","categorized-collection","按类型区分（4000词）","生活","食物","celery","ˈseləri","n. 芹菜","Try using ""celery"" in a sentence related to 人类生活 食物.","2022"
"2023","categorized-collection","按类型区分（4000词）","生活","食物","cereal","ˈsɪəriəl","n. 谷物；谷类食品；麦片","Try using ""cereal"" in a sentence related to 人类生活 食物.","2023"
"2024","categorized-collection","按类型区分（4000词）","生活","食物","chop","tʃɒp","v. 砍；劈；剁 n. 砍；剁；排骨","Try using ""chop"" in a sentence related to 人类生活 食物.","2024"
"2025","categorized-collection","按类型区分（4000词）","生活","食物","condiment","ˈkɒndɪmənt","n. 调味品；佐料","Try using ""condiment"" in a sentence related to 人类生活 食物.","2025"
"2026","categorized-collection","按类型区分（4000词）","生活","食物","corn","kɔːn","n. 玉米；谷物","Try using ""corn"" in a sentence related to 人类生活 食物.","2026"
"2027","categorized-collection","按类型区分（4000词）","生活","食物","cucumber","ˈkjuːkʌmbə(r)","n. 黄瓜","Try using ""cucumber"" in a sentence related to 人类生活 食物.","2027"
"2028","categorized-collection","按类型区分（4000词）","生活","食物","cuisine","kwɪˈziːn","n. 烹饪；菜肴；烹调风格","Try using ""cuisine"" in a sentence related to 人类生活 食物.","2028"
"2029","categorized-collection","按类型区分（4000词）","生活","食物","dessert","dɪˈzɜːt","n. 甜食；餐后甜点","Try using ""dessert"" in a sentence related to 人类生活 食物.","2029"
"2030","categorized-collection","按类型区分（4000词）","生活","食物","diet","ˈdaɪət","n. 日常饮食；节食 v. 节制饮食","Try using ""diet"" in a sentence related to 人类生活 食物.","2030"
"2031","categorized-collection","按类型区分（4000词）","生活","食物","edible","ˈedəb(ə)l","adj. 可食用的；可以吃的","Try using ""edible"" in a sentence related to 人类生活 食物.","2031"
"2032","categorized-collection","按类型区分（4000词）","生活","食物","grain","ɡreɪn","n. 谷物；颗粒","Try using ""grain"" in a sentence related to 人类生活 食物.","2032"
"2033","categorized-collection","按类型区分（4000词）","生活","食物","imbibe","ɪmˈbaɪb","v. 饮；吸收；吸入","Try using ""imbibe"" in a sentence related to 人类生活 食物.","2033"
"2034","categorized-collection","按类型区分（4000词）","生活","食物","leek","liːk","n. 韭葱；扁葱","Try using ""leek"" in a sentence related to 人类生活 食物.","2034"
"2035","categorized-collection","按类型区分（4000词）","生活","食物","lettuce","ˈletɪs","n. 生菜；莴苣","Try using ""lettuce"" in a sentence related to 人类生活 食物.","2035"
"2036","categorized-collection","按类型区分（4000词）","生活","食物","millet","ˈmɪlɪt","n. 小米；粟","Try using ""millet"" in a sentence related to 人类生活 食物.","2036"
"2037","categorized-collection","按类型区分（4000词）","生活","食物","mustard","ˈmʌstəd","n. 芥末；芥末酱","Try using ""mustard"" in a sentence related to 人类生活 食物.","2037"
"2038","categorized-collection","按类型区分（4000词）","生活","食物","nibble","ˈnɪb(ə)l","v. 轻咬；啃；一点点地吃 n. 一小口；轻咬；少量","Try using ""nibble"" in a sentence related to 人类生活 食物.","2038"
"2039","categorized-collection","按类型区分（4000词）","生活","食物","nutriment","ˈnjuːtrɪmənt","n. 营养品；养料；营养的来源；食物","Try using ""nutriment"" in a sentence related to 人类生活 食物.","2039"
"2040","categorized-collection","按类型区分（4000词）","生活","食物","oats","əʊts","n. 燕麦；燕麦片","Try using ""oats"" in a sentence related to 人类生活 食物.","2040"
"2041","categorized-collection","按类型区分（4000词）","生活","食物","onion","ˈʌnjən","n. 洋葱","Try using ""onion"" in a sentence related to 人类生活 食物.","2041"
"2042","categorized-collection","按类型区分（4000词）","生活","食物","pea","piː","n. 豌豆","Try using ""pea"" in a sentence related to 人类生活 食物.","2042"
"2043","categorized-collection","按类型区分（4000词）","生活","食物","peanut","ˈpiːnʌt","n. 花生","Try using ""peanut"" in a sentence related to 人类生活 食物.","2043"
"2044","categorized-collection","按类型区分（4000词）","生活","食物","pepper","ˈpepə(r)","n. 胡椒粉；甜椒 v. 撒上胡椒","Try using ""pepper"" in a sentence related to 人类生活 食物.","2044"
"2045","categorized-collection","按类型区分（4000词）","生活","食物","potato","pəˈteɪtəʊ","n. 土豆；马铃薯","Try using ""potato"" in a sentence related to 人类生活 食物.","2045"
"2046","categorized-collection","按类型区分（4000词）","生活","食物","pumpkin","ˈpʌmpkɪn","n. 南瓜","Try using ""pumpkin"" in a sentence related to 人类生活 食物.","2046"
"2047","categorized-collection","按类型区分（4000词）","生活","食物","radish","ˈrædɪʃ","n. 小萝卜","Try using ""radish"" in a sentence related to 人类生活 食物.","2047"
"2048","categorized-collection","按类型区分（4000词）","生活","食物","rice","raɪs","n. 米饭","Try using ""rice"" in a sentence related to 人类生活 食物.","2048"
"2049","categorized-collection","按类型区分（4000词）","生活","食物","rye","raɪ","n. 黑麦；裸麦；裸麦粒；裸麦威士忌酒 adj. 用黑麦制成的","Try using ""rye"" in a sentence related to 人类生活 食物.","2049"
"2050","categorized-collection","按类型区分（4000词）","生活","食物","scoop","skuːp","n. 勺子；球型勺；长柄勺；独家新闻 v. 用勺舀；挖空；抢先获得","Try using ""scoop"" in a sentence related to 人类生活 食物.","2050"
"2051","categorized-collection","按类型区分（4000词）","生活","食物","seasoning","ˈsiːzənɪŋ","n. 调味品；佐料 v. 给 ... 调味；适应；风干；“season”的现在分词","Try using ""seasoning"" in a sentence related to 人类生活 食物.","2051"
"2052","categorized-collection","按类型区分（4000词）","生活","食物","sesame","ˈsesəmi","n. 芝麻","Try using ""sesame"" in a sentence related to 人类生活 食物.","2052"
"2053","categorized-collection","按类型区分（4000词）","生活","食物","soybean","ˈsɔɪbiːn","n. 大豆","Try using ""soybean"" in a sentence related to 人类生活 食物.","2053"
"2054","categorized-collection","按类型区分（4000词）","生活","食物","spinach","ˈspɪnɪtʃ","n. 菠菜","Try using ""spinach"" in a sentence related to 人类生活 食物.","2054"
"2055","categorized-collection","按类型区分（4000词）","生活","食物","tomato","təˈmɑːtəʊ","n. 西红柿；番茄","Try using ""tomato"" in a sentence related to 人类生活 食物.","2055"
"2056","categorized-collection","按类型区分（4000词）","生活","食物","wheat","wiːt","n. 小麦；小麦色","Try using ""wheat"" in a sentence related to 人类生活 食物.","2056"
"2057","categorized-collection","按类型区分（4000词）","生活","外表","array","əˈreɪ","n. 大批；数列 v. 排列；部署（兵力）","Try using ""array"" in a sentence related to 人类生活 外表.","2057"
"2058","categorized-collection","按类型区分（4000词）","生活","外表","aspect","ˈæspekt","n. 方面；模样；朝向","Try using ""aspect"" in a sentence related to 人类生活 外表.","2058"
"2059","categorized-collection","按类型区分（4000词）","生活","外表","attire","əˈtaɪə(r)","n. 服装；衣服","Try using ""attire"" in a sentence related to 人类生活 外表.","2059"
"2060","categorized-collection","按类型区分（4000词）","生活","外表","bald","bɔːld","adj. 秃头的；不加修饰的；赤裸裸的","Try using ""bald"" in a sentence related to 人类生活 外表.","2060"
"2061","categorized-collection","按类型区分（4000词）","生活","外表","clothing","ˈkləʊðɪŋ","n. 衣服；服装","Try using ""clothing"" in a sentence related to 人类生活 外表.","2061"
"2062","categorized-collection","按类型区分（4000词）","生活","外表","corpulent","ˈkɔːpjələnt","adj. 肥胖的；发福的","Try using ""corpulent"" in a sentence related to 人类生活 外表.","2062"
"2063","categorized-collection","按类型区分（4000词）","生活","外表","cosmetics","kɒzˈmetɪks","n. 化妆品；美容品；“cosmetic”的复数","Try using ""cosmetics"" in a sentence related to 人类生活 外表.","2063"
"2064","categorized-collection","按类型区分（4000词）","生活","外表","costume","ˈkɒstjuːm","n. 服装；衣服；戏服 v. 给…穿上服装","Try using ""costume"" in a sentence related to 人类生活 外表.","2064"
"2065","categorized-collection","按类型区分（4000词）","生活","外表","garb","ɡɑːb","n. 服装；制服；装束 v. 穿衣","Try using ""garb"" in a sentence related to 人类生活 外表.","2065"
"2066","categorized-collection","按类型区分（4000词）","生活","外表","guise","ɡaɪz","n. 装束；打扮；伪装","Try using ""guise"" in a sentence related to 人类生活 外表.","2066"
"2067","categorized-collection","按类型区分（4000词）","生活","外表","obese","əʊˈbiːs","adj. 极肥胖的","Try using ""obese"" in a sentence related to 人类生活 外表.","2067"
"2068","categorized-collection","按类型区分（4000词）","生活","外表","outfit","ˈaʊtfɪt","n. 全套装备；整套服装；配备；机构 v. 装备；配置设备；供给服装","Try using ""outfit"" in a sentence related to 人类生活 外表.","2068"
"2069","categorized-collection","按类型区分（4000词）","生活","外表","ragged","ˈræɡɪd","adj. 破旧的；衣衫褴褛的","Try using ""ragged"" in a sentence related to 人类生活 外表.","2069"
"2070","categorized-collection","按类型区分（4000词）","生活","外表","shabby","ˈʃæbi","adj. 破旧的；肮脏破烂的；衣衫褴褛的","Try using ""shabby"" in a sentence related to 人类生活 外表.","2070"
"2071","categorized-collection","按类型区分（4000词）","生活","外表","sole","səʊl","n. 鞋底；脚掌 adj. 仅有的；唯一的","Try using ""sole"" in a sentence related to 人类生活 外表.","2071"
"2072","categorized-collection","按类型区分（4000词）","生活","外表","stodgy","ˈstɒdʒi","adj. 难消化的，使人胀饱的；古板的；枯燥乏味的","Try using ""stodgy"" in a sentence related to 人类生活 外表.","2072"
"2073","categorized-collection","按类型区分（4000词）","生活","外表","stout","staʊt","adj. 肥胖的；粗壮的；坚定的 n. 烈性黑啤酒","Try using ""stout"" in a sentence related to 人类生活 外表.","2073"
"2074","categorized-collection","按类型区分（4000词）","生活","外表","strap","stræp","n. 带子；皮带；皮条 v. 用带缚住；包扎","Try using ""strap"" in a sentence related to 人类生活 外表.","2074"
"2075","categorized-collection","按类型区分（4000词）","生活","休息","bask","bɑːsk","v. 晒太阳（取暖）；沉浸于","Try using ""bask"" in a sentence related to 人类生活 休息.","2075"
"2076","categorized-collection","按类型区分（4000词）","生活","休息","beguile","bɪˈɡaɪl","v. 诱骗；消遣；迷住；消磨","Try using ""beguile"" in a sentence related to 人类生活 休息.","2076"
"2077","categorized-collection","按类型区分（4000词）","生活","休息","lull","lʌl","v. 使镇静；使安静；哄骗；麻痹 n. 间歇期；平静期","Try using ""lull"" in a sentence related to 人类生活 休息.","2077"
"2078","categorized-collection","按类型区分（4000词）","生活","休息","nap","næp","n. 小睡；打盹 v. 小睡；打盹","Try using ""nap"" in a sentence related to 人类生活 休息.","2078"
"2079","categorized-collection","按类型区分（4000词）","生活","休息","recreation","ˌrekriˈeɪʃ(ə)n","n. 消遣；娱乐","Try using ""recreation"" in a sentence related to 人类生活 休息.","2079"
"2080","categorized-collection","按类型区分（4000词）","生活","休息","recess","ˈriːses","n. 休息；休会；壁龛；壁凹 v. 放入壁龛；休息；休会","Try using ""recess"" in a sentence related to 人类生活 休息.","2080"
"2081","categorized-collection","按类型区分（4000词）","生活","休息","repose","rɪˈpəʊz","n. 休息；睡眠；安宁 v. 休息； 长眠；静卧；安置于；将（信赖等）寄托于","Try using ""repose"" in a sentence related to 人类生活 休息.","2081"
"2082","categorized-collection","按类型区分（4000词）","生活","休息","relaxation","ˌriːlækˈseɪʃ(ə)n","n. 放松；消遣；休息","Try using ""relaxation"" in a sentence related to 人类生活 休息.","2082"
"2083","categorized-collection","按类型区分（4000词）","生活","休息","vacation","veɪˈkeɪʃ(ə)n","n. 假期；度假","Try using ""vacation"" in a sentence related to 人类生活 休息.","2083"
"2084","categorized-collection","按类型区分（4000词）","生活","休息","pastime","ˈpɑːstaɪm","n. 消遣；娱乐","Try using ""pastime"" in a sentence related to 人类生活 休息.","2084"
"2085","categorized-collection","按类型区分（4000词）","生活","休息","amusement","əˈmjuːzmənt","n. 娱乐；消遣；乐趣；逗乐","Try using ""amusement"" in a sentence related to 人类生活 休息.","2085"
"2086","categorized-collection","按类型区分（4000词）","生活","休息","leisure","ˈleʒə(r)","n. 空闲；闲暇","Try using ""leisure"" in a sentence related to 人类生活 休息.","2086"
"2087","categorized-collection","按类型区分（4000词）","生活","饮食","beverage","ˈbevərɪdʒ","n. 饮料","Try using ""beverage"" in a sentence related to 人类生活 饮食.","2087"
"2088","categorized-collection","按类型区分（4000词）","生活","饮食","bowl","bəʊl","n. 碗；一碗…；碗状物 v. 投掷；滚动","Try using ""bowl"" in a sentence related to 人类生活 饮食.","2088"
"2089","categorized-collection","按类型区分（4000词）","生活","饮食","buffet","ˈbʌfeɪ","n. 自助餐；餐台；（连续的）打击；vt. 用拳击打；猛烈撞击","Try using ""buffet"" in a sentence related to 人类生活 饮食.","2089"
"2090","categorized-collection","按类型区分（4000词）","生活","饮食","chopsticks","ˈtʃɒpstɪks","n. 筷子；“chopstick”的复数","Try using ""chopsticks"" in a sentence related to 人类生活 饮食.","2090"
"2091","categorized-collection","按类型区分（4000词）","生活","饮食","dish","dɪʃ","n. 盘；碟；菜肴","Try using ""dish"" in a sentence related to 人类生活 饮食.","2091"
"2092","categorized-collection","按类型区分（4000词）","生活","饮食","menu","ˈmenjuː","n. 菜单","Try using ""menu"" in a sentence related to 人类生活 饮食.","2092"
"2093","categorized-collection","按类型区分（4000词）","生活","饮食","napkin","ˈnæpkɪn","n. 餐巾","Try using ""napkin"" in a sentence related to 人类生活 饮食.","2093"
"2094","categorized-collection","按类型区分（4000词）","生活","饮食","plate","pleɪt","n. 盘子；碟子","Try using ""plate"" in a sentence related to 人类生活 饮食.","2094"
"2095","categorized-collection","按类型区分（4000词）","生活","饮食","saucer","ˈsɔːsə(r)","n. 茶托；碟子","Try using ""saucer"" in a sentence related to 人类生活 饮食.","2095"
"2096","categorized-collection","按类型区分（4000词）","生活","饮食","Specialty","ˈspeʃəlti","n. 专业；专长；特色食品","Try using ""Specialty"" in a sentence related to 人类生活 饮食.","2096"
"2097","categorized-collection","按类型区分（4000词）","生活","饮食","toothpick","ˈtuːθpɪk","n. 牙签","Try using ""toothpick"" in a sentence related to 人类生活 饮食.","2097"
"2098","categorized-collection","按类型区分（4000词）","生活","英国","belfast","ˌbelˈfɑːst","n. 贝尔法斯特（北爱尔兰首府）","Try using ""belfast"" in a sentence related to 人类生活 英国.","2098"
"2099","categorized-collection","按类型区分（4000词）","生活","英国","birmingham","ˈbɜːmɪŋˌhæm","n. 伯明翰市","Try using ""birmingham"" in a sentence related to 人类生活 英国.","2099"
"2100","categorized-collection","按类型区分（4000词）","生活","英国","cardiff","ˈkɑːdɪf","n. 加的夫（威尔士首府）","Try using ""cardiff"" in a sentence related to 人类生活 英国.","2100"
"2101","categorized-collection","按类型区分（4000词）","生活","英国","decolonization","diːˌkɒlənaɪˈzeɪʃən","n. 非殖民地化，殖民地自治化","Try using ""decolonization"" in a sentence related to 人类生活 英国.","2101"
"2102","categorized-collection","按类型区分（4000词）","生活","英国","edinburgh","ˈedɪnbrə","n. 爱丁堡（英国城市）","Try using ""edinburgh"" in a sentence related to 人类生活 英国.","2102"
"2103","categorized-collection","按类型区分（4000词）","生活","英国","england","ˈɪŋɡlənd","n. 英格兰；英国","Try using ""england"" in a sentence related to 人类生活 英国.","2103"
"2104","categorized-collection","按类型区分（4000词）","生活","英国","glasgow","ˈɡlɑːzɡəʊ","n. 格拉斯哥（英国城市）","Try using ""glasgow"" in a sentence related to 人类生活 英国.","2104"
"2105","categorized-collection","按类型区分（4000词）","生活","英国","london","ˈlʌndən","n. 伦敦（英国首都）","Try using ""london"" in a sentence related to 人类生活 英国.","2105"
"2106","categorized-collection","按类型区分（4000词）","生活","英国","Manchester","ˈmæntʃestə(r)","n. 曼彻斯特（英国）","Try using ""Manchester"" in a sentence related to 人类生活 英国.","2106"
"2107","categorized-collection","按类型区分（4000词）","生活","英国","monarch","ˈmɒnək","n. 君主；帝王","Try using ""monarch"" in a sentence related to 人类生活 英国.","2107"
"2108","categorized-collection","按类型区分（4000词）","生活","英国","mountainous","ˈmaʊntənəs","adj. 多山的；巨大的；山一般的","Try using ""mountainous"" in a sentence related to 人类生活 英国.","2108"
"2109","categorized-collection","按类型区分（4000词）","生活","英国","northern ireland","ˌnɔːðən ˈaɪələnd","n. 北爱尔兰（英）","Try using ""northern ireland"" in a sentence related to 人类生活 英国.","2109"
"2110","categorized-collection","按类型区分（4000词）","生活","英国","principality","ˌprɪnsɪˈpælɪti","n. 公国；侯国；封邑","Try using ""principality"" in a sentence related to 人类生活 英国.","2110"
"2111","categorized-collection","按类型区分（4000词）","生活","英国","scotland","ˈskɒtlənd","n. 苏格兰","Try using ""scotland"" in a sentence related to 人类生活 英国.","2111"
"2112","categorized-collection","按类型区分（4000词）","生活","英国","united kingdom","ˌjuː.naɪ.tɪd ˈkɪŋ.dəm","n. 联合王国（指英国，全称为大不列颠及北爱尔兰联合王国）","Try using ""united kingdom"" in a sentence related to 人类生活 英国.","2112"
"2113","categorized-collection","按类型区分（4000词）","生活","英国","wales","weɪlz","n. 威尔士","Try using ""wales"" in a sentence related to 人类生活 英国.","2113"
"2114","categorized-collection","按类型区分（4000词）","生活","影视","cinematograph","ˌsɪnɪˈmætrəf","n. 电影放映机; vi. 拍成电影; vt. 把……拍成电影","Try using ""cinematograph"" in a sentence related to 人类生活 影视.","2114"
"2115","categorized-collection","按类型区分（4000词）","生活","影视","comedy","ˈkɒmədi","n. 喜剧","Try using ""comedy"" in a sentence related to 人类生活 影视.","2115"
"2116","categorized-collection","按类型区分（4000词）","生活","影视","dialogue","ˈdaɪəlɒɡ","n. 对话；对白","Try using ""dialogue"" in a sentence related to 人类生活 影视.","2116"
"2117","categorized-collection","按类型区分（4000词）","生活","影视","documentary","ˌdɒkjuˈmentri","adj. 记录的；文书的；纪实的 n. 纪录片","Try using ""documentary"" in a sentence related to 人类生活 影视.","2117"
"2118","categorized-collection","按类型区分（4000词）","生活","影视","film","fɪlm","n. 电影；底片；薄薄的一层 v. 拍摄电影","Try using ""film"" in a sentence related to 人类生活 影视.","2118"
"2119","categorized-collection","按类型区分（4000词）","生活","影视","footage","ˈfʊtɪdʒ","n. 英尺长度；影片长度；连续镜头","Try using ""footage"" in a sentence related to 人类生活 影视.","2119"
"2120","categorized-collection","按类型区分（4000词）","生活","影视","montage","mɒnˈtɑːʒ","n. 蒙太奇；画面剪辑；合成画；大杂烩","Try using ""montage"" in a sentence related to 人类生活 影视.","2120"
"2121","categorized-collection","按类型区分（4000词）","生活","影视","musical","ˈmjuːzɪk(ə)l","adj. 音乐的；擅长音乐的；喜欢音乐的；悦耳的 n. 音乐剧；音乐歌舞片","Try using ""musical"" in a sentence related to 人类生活 影视.","2121"
"2122","categorized-collection","按类型区分（4000词）","生活","影视","newsreel","ˈnjuːzriːl","n. 新闻短片","Try using ""newsreel"" in a sentence related to 人类生活 影视.","2122"
"2123","categorized-collection","按类型区分（4000词）","生活","影视","original","əˈrɪdʒən(ə)l","n. 原件；原稿 adj. 原来的；原版的；新颖的；有创造性的","Try using ""original"" in a sentence related to 人类生活 影视.","2123"
"2124","categorized-collection","按类型区分（4000词）","生活","影视","post-synchronization","pəʊst ˌsɪŋkrənaɪˈzeɪʃən","n. 后期录音合成；后期配音","Try using ""post-synchronization"" in a sentence related to 人类生活 影视.","2124"
"2125","categorized-collection","按类型区分（4000词）","生活","影视","premiere","ˈpremieə(r)","n. 首映；首演 v. （使）首映；（使）首演","Try using ""premiere"" in a sentence related to 人类生活 影视.","2125"
"2126","categorized-collection","按类型区分（4000词）","生活","影视","scriptwriter","ˈskrɪptraɪtə(r)","n. （电影、电视剧、广播剧的）剧作家","Try using ""scriptwriter"" in a sentence related to 人类生活 影视.","2126"
"2127","categorized-collection","按类型区分（4000词）","生活","影视","stagehand","ˈsteɪdʒhænd","n. 舞台工作人员；舞台管理","Try using ""stagehand"" in a sentence related to 人类生活 影视.","2127"
"2128","categorized-collection","按类型区分（4000词）","生活","影视","subtitle","ˈsʌbtaɪt(ə)l","n. 副标题；说明或对白的字幕 v. 给 ... 加副标题；给 ... 加字幕","Try using ""subtitle"" in a sentence related to 人类生活 影视.","2128"
"2129","categorized-collection","按类型区分（4000词）","生活","影视","thriller","ˈθrɪlə(r)","n. 惊险小说（或戏剧、电影）","Try using ""thriller"" in a sentence related to 人类生活 影视.","2129"
"2130","categorized-collection","按类型区分（4000词）","生活","影视","title","ˈtaɪt(ə)l","n. 标题；称号；头衔","Try using ""title"" in a sentence related to 人类生活 影视.","2130"
"2131","categorized-collection","按类型区分（4000词）","生活","影视","tragedy","ˈtrædʒədi","n. 悲剧；灾难；惨事","Try using ""tragedy"" in a sentence related to 人类生活 影视.","2131"
"2132","categorized-collection","按类型区分（4000词）","生活","影视","trailer","ˈtreɪlə(r)","n. 拖车；挂车；预告片","Try using ""trailer"" in a sentence related to 人类生活 影视.","2132"
"2133","categorized-collection","按类型区分（4000词）","生活","预测","apt","æpt","adj. 易有…倾向的；恰当的；聪明的","Try using ""apt"" in a sentence related to 人类生活 预测.","2133"
"2134","categorized-collection","按类型区分（4000词）","生活","预测","auspice","ˈɔːspɪs","n. 预兆；前兆；吉兆","Try using ""auspice"" in a sentence related to 人类生活 预测.","2134"
"2135","categorized-collection","按类型区分（4000词）","生活","预测","estimable","ˈestɪməb(ə)l","adj. 可估量的；值得尊重的","Try using ""estimable"" in a sentence related to 人类生活 预测.","2135"
"2136","categorized-collection","按类型区分（4000词）","生活","预测","fateful","ˈfeɪtf(ə)l","adj. 重大的；命中注定的；决定命运的；预言性的","Try using ""fateful"" in a sentence related to 人类生活 预测.","2136"
"2137","categorized-collection","按类型区分（4000词）","生活","预测","forecast","ˈfɔːkɑːst","n. 预测；预报 v. 预测；预报","Try using ""forecast"" in a sentence related to 人类生活 预测.","2137"
"2138","categorized-collection","按类型区分（4000词）","生活","预测","foresee","fɔːˈsiː","v. 预见；预知","Try using ""foresee"" in a sentence related to 人类生活 预测.","2138"
"2139","categorized-collection","按类型区分（4000词）","生活","预测","foresight","ˈfɔːsaɪt","n. 先见；预见；先见之明","Try using ""foresight"" in a sentence related to 人类生活 预测.","2139"
"2140","categorized-collection","按类型区分（4000词）","生活","预测","foretell","fɔːˈtel","v. 预言；预示；预卜","Try using ""foretell"" in a sentence related to 人类生活 预测.","2140"
"2141","categorized-collection","按类型区分（4000词）","生活","预测","imminent","ˈɪmɪnənt","adj. 即将发生的；临近的","Try using ""imminent"" in a sentence related to 人类生活 预测.","2141"
"2142","categorized-collection","按类型区分（4000词）","生活","预测","precursor","priˈkɜːsə(r)","n. 先驱；先锋；先兆","Try using ""precursor"" in a sentence related to 人类生活 预测.","2142"
"2143","categorized-collection","按类型区分（4000词）","生活","预测","prediction","prɪˈdɪkʃ(ə)n","n. 预测；预言；预告","Try using ""prediction"" in a sentence related to 人类生活 预测.","2143"
"2144","categorized-collection","按类型区分（4000词）","生活","预测","promising","ˈprɒmɪsɪŋ","adj. 有希望的；有前途的 v. 承诺；答应； “promise”的现在分词","Try using ""promising"" in a sentence related to 人类生活 预测.","2144"
"2145","categorized-collection","按类型区分（4000词）","生活","预测","prospect","ˈprɒspekt","n. 展望；前景；希望 v. 勘探；寻找","Try using ""prospect"" in a sentence related to 人类生活 预测.","2145"
"2146","categorized-collection","按类型区分（4000词）","生活","预测","prospective","prəˈspektɪv","adj. 预期的；潜在的；可能发生的","Try using ""prospective"" in a sentence related to 人类生活 预测.","2146"
"2147","categorized-collection","按类型区分（4000词）","生活","预测","provident","ˈprɒvɪdənt","adj. 有先见之明的；深谋远虑的","Try using ""provident"" in a sentence related to 人类生活 预测.","2147"
"2148","categorized-collection","按类型区分（4000词）","生活","预测","surmise","səˈmaɪz","v. 臆测；猜想 n. 臆测；猜度","Try using ""surmise"" in a sentence related to 人类生活 预测.","2148"
"2149","categorized-collection","按类型区分（4000词）","生活","预测","tendency","ˈtendənsi","n. 趋势；倾向","Try using ""tendency"" in a sentence related to 人类生活 预测.","2149"
"2150","categorized-collection","按类型区分（4000词）","生活","预测","prophesy","ˈprɒfəsaɪ","v. 预告；预言","Try using ""prophesy"" in a sentence related to 人类生活 预测.","2150"
"2151","categorized-collection","按类型区分（4000词）","生活","预测","presage","ˈpresɪdʒ","n. 预示；前兆；预感 v. 预示；预兆","Try using ""presage"" in a sentence related to 人类生活 预测.","2151"
"2152","categorized-collection","按类型区分（4000词）","生活","预测","portend","pɔːˈtend","v. 预兆；预示","Try using ""portend"" in a sentence related to 人类生活 预测.","2152"
"2153","categorized-collection","按类型区分（4000词）","生活","预测","prognosticate","prəɡˈnɒstɪkeɪt","v. 预测；预言；预示","Try using ""prognosticate"" in a sentence related to 人类生活 预测.","2153"
"2154","categorized-collection","按类型区分（4000词）","生活","预测","prefigure","ˌpriːˈfɪɡə(r)","v. 预示；预想","Try using ""prefigure"" in a sentence related to 人类生活 预测.","2154"
"2155","categorized-collection","按类型区分（4000词）","生活","预测","impending","ɪmˈpendɪŋ","adj. 即将发生的；迫在眉睫的 v. 迫近；逼迫；即将发生；“impend”的现在分词","Try using ""impending"" in a sentence related to 人类生活 预测.","2155"
"2156","categorized-collection","按类型区分（4000词）","生活","致命","choke","tʃəʊk","n. 窒息；阻塞 v. 窒息；阻塞","Try using ""choke"" in a sentence related to 人类生活 致命.","2156"
"2157","categorized-collection","按类型区分（4000词）","生活","致命","deadly","ˈdedli","adj. 致死的；极度的 adv. 如死一般地；非常地","Try using ""deadly"" in a sentence related to 人类生活 致命.","2157"
"2158","categorized-collection","按类型区分（4000词）","生活","致命","defunct","dɪˈfʌŋkt","adj. 已故的；不复存在的 n. 死者","Try using ""defunct"" in a sentence related to 人类生活 致命.","2158"
"2159","categorized-collection","按类型区分（4000词）","生活","致命","demise","dɪˈmaɪz","n. 死亡；逝世；消亡；（不动产的）转让；让位","Try using ""demise"" in a sentence related to 人类生活 致命.","2159"
"2160","categorized-collection","按类型区分（4000词）","生活","致命","expire","ɪkˈspaɪə(r)","v. 终止；期满；逝世","Try using ""expire"" in a sentence related to 人类生活 致命.","2160"
"2161","categorized-collection","按类型区分（4000词）","生活","致命","lethal","ˈliːθl","adj. 致命的；可致死的","Try using ""lethal"" in a sentence related to 人类生活 致命.","2161"
"2162","categorized-collection","按类型区分（4000词）","生活","致命","smother","ˈsmʌðə(r)","v. 厚厚地覆盖；使…窒息；闷死","Try using ""smother"" in a sentence related to 人类生活 致命.","2162"
"2163","categorized-collection","按类型区分（4000词）","生活","致命","fatal","ˈfeɪt(ə)l","adj. 致命的；灾难性的","Try using ""fatal"" in a sentence related to 人类生活 致命.","2163"
"2164","categorized-collection","按类型区分（4000词）","生活","致命","mortal","ˈmɔːt(ə)l","n. 凡人 adj. 致命的；终有一死的","Try using ""mortal"" in a sentence related to 人类生活 致命.","2164"
"2165","categorized-collection","按类型区分（4000词）","生活","致命","pestilent","ˈpestɪlənt","adj. 致死的；瘟疫的；有害的","Try using ""pestilent"" in a sentence related to 人类生活 致命.","2165"
"2166","categorized-collection","按类型区分（4000词）","生活","致命","virulent","ˈvɪrələnt","adj. 剧毒的；致命的；恶毒的","Try using ""virulent"" in a sentence related to 人类生活 致命.","2166"
"2167","categorized-collection","按类型区分（4000词）","生活","致命","internecine","ˌɪntəˈniːsaɪn","adj. 两败俱伤的；内讧的；互相残杀的","Try using ""internecine"" in a sentence related to 人类生活 致命.","2167"
"2168","categorized-collection","按类型区分（4000词）","品德","卑鄙","despicable","dɪˈspɪkəb(ə)l","adj. 可鄙的；卑劣的","Try using ""despicable"" in a sentence related to 品德品行 卑鄙.","2168"
"2169","categorized-collection","按类型区分（4000词）","品德","卑鄙","contemptible","kənˈtemptəb(ə)l","adj. 可鄙的；可轻视的","Try using ""contemptible"" in a sentence related to 品德品行 卑鄙.","2169"
"2170","categorized-collection","按类型区分（4000词）","品德","卑鄙","Ignominious","ˌɪɡnəˈmɪniəs","adj. 耻辱的；不名誉的；不光彩的","Try using ""Ignominious"" in a sentence related to 品德品行 卑鄙.","2170"
"2171","categorized-collection","按类型区分（4000词）","品德","卑鄙","filthy","ˈfɪlθi","adj. 肮脏的；污秽的；下流的","Try using ""filthy"" in a sentence related to 品德品行 卑鄙.","2171"
"2172","categorized-collection","按类型区分（4000词）","品德","卑鄙","shameless","ˈʃeɪmləs","adj. 无耻的；脸皮厚的；不知羞耻的","Try using ""shameless"" in a sentence related to 品德品行 卑鄙.","2172"
"2173","categorized-collection","按类型区分（4000词）","品德","卑鄙","mean","miːn","v. 意思是；打算；导致；有意；对…严肃认真 adj. 低劣的；吝啬的；平均的 n. 平均数；中庸；居中","Try using ""mean"" in a sentence related to 品德品行 卑鄙.","2173"
"2174","categorized-collection","按类型区分（4000词）","品德","卑鄙","abjection","əbˈdʒekʃn","n. 落魄；抛弃；卑鄙；屈辱","Try using ""abjection"" in a sentence related to 品德品行 卑鄙.","2174"
"2175","categorized-collection","按类型区分（4000词）","品德","卑鄙","turpitude","ˈtɜːpɪtjuːd","n. 堕落；卑鄙；邪恶","Try using ""turpitude"" in a sentence related to 品德品行 卑鄙.","2175"
"2176","categorized-collection","按类型区分（4000词）","品德","卑鄙","base","beɪs","v. 以…为基础 n. 基地；基础","Try using ""base"" in a sentence related to 品德品行 卑鄙.","2176"
"2177","categorized-collection","按类型区分（4000词）","品德","卑鄙","disgraceful","dɪsˈɡreɪsf(ə)l","adj. 可耻的；不光彩的","Try using ""disgraceful"" in a sentence related to 品德品行 卑鄙.","2177"
"2178","categorized-collection","按类型区分（4000词）","品德","卑鄙","disreputable","dɪsˈrepjətəb(ə)l","adj. 声名狼藉的；名誉不好的","Try using ""disreputable"" in a sentence related to 品德品行 卑鄙.","2178"
"2179","categorized-collection","按类型区分（4000词）","品德","卑鄙","barefaced","ˈbeəfeɪst","adj. 厚颜无耻的；公然的；露骨的","Try using ""barefaced"" in a sentence related to 品德品行 卑鄙.","2179"
"2180","categorized-collection","按类型区分（4000词）","品德","卑鄙","malicious","məˈlɪʃəs","adj. 怀恶意的；恶毒的","Try using ""malicious"" in a sentence related to 品德品行 卑鄙.","2180"
"2181","categorized-collection","按类型区分（4000词）","品德","残忍","brutal","ˈbruːt(ə)l","adj. 野蛮的；残暴的；残酷的","Try using ""brutal"" in a sentence related to 品德品行 残忍.","2181"
"2182","categorized-collection","按类型区分（4000词）","品德","残忍","atrocious","əˈtrəʊʃəs","adj. 残暴的；恶劣的；糟透的","Try using ""atrocious"" in a sentence related to 品德品行 残忍.","2182"
"2183","categorized-collection","按类型区分（4000词）","品德","残忍","atrocity","əˈtrɒsəti","n. 暴行；残暴","Try using ""atrocity"" in a sentence related to 品德品行 残忍.","2183"
"2184","categorized-collection","按类型区分（4000词）","品德","残忍","inhumanity","ˌɪnhjuːˈmænəti","n. 不人道；残酷；暴虐","Try using ""inhumanity"" in a sentence related to 品德品行 残忍.","2184"
"2185","categorized-collection","按类型区分（4000词）","品德","残忍","barbarous","ˈbɑːbərəs","adj. 野蛮的；残暴的","Try using ""barbarous"" in a sentence related to 品德品行 残忍.","2185"
"2186","categorized-collection","按类型区分（4000词）","品德","残忍","outrageous","aʊtˈreɪdʒəs","adj. 粗暴的；极无礼的；十分讨厌的；骇人的","Try using ""outrageous"" in a sentence related to 品德品行 残忍.","2186"
"2187","categorized-collection","按类型区分（4000词）","品德","残忍","ruffian","ˈrʌfiən","n. 恶棍；暴徒","Try using ""ruffian"" in a sentence related to 品德品行 残忍.","2187"
"2188","categorized-collection","按类型区分（4000词）","品德","残忍","tyrannical","tɪˈrænɪk(ə)l","adj. 暴虐的；压制的；残暴的","Try using ""tyrannical"" in a sentence related to 品德品行 残忍.","2188"
"2189","categorized-collection","按类型区分（4000词）","品德","残忍","ferocity","fəˈrɒsəti","n. 凶猛；狂暴","Try using ""ferocity"" in a sentence related to 品德品行 残忍.","2189"
"2190","categorized-collection","按类型区分（4000词）","品德","残忍","imbue","ɪmˈbjuː","v. 灌输；使感染；激发","Try using ""imbue"" in a sentence related to 品德品行 残忍.","2190"
"2191","categorized-collection","按类型区分（4000词）","品德","残忍","sanguineness","ˈsæŋɡwɪnɪs","n. 红润","Try using ""sanguineness"" in a sentence related to 品德品行 残忍.","2191"
"2192","categorized-collection","按类型区分（4000词）","品德","聪颖","acumen","ˈækjʊmən","n. 敏锐；聪明","Try using ""acumen"" in a sentence related to 品德品行 聪颖.","2192"
"2193","categorized-collection","按类型区分（4000词）","品德","聪颖","smart","smɑːt","adj. 聪明的；敏捷的；时髦的；衣冠楚楚的 v. 剧痛；刺痛；感到难过","Try using ""smart"" in a sentence related to 品德品行 聪颖.","2193"
"2194","categorized-collection","按类型区分（4000词）","品德","聪颖","intelligent","ɪnˈtelɪdʒənt","adj. 有才智的；聪明的；明智的","Try using ""intelligent"" in a sentence related to 品德品行 聪颖.","2194"
"2195","categorized-collection","按类型区分（4000词）","品德","聪颖","aptitude","ˈæptɪtjuːd","n. 天资；天赋；才能","Try using ""aptitude"" in a sentence related to 品德品行 聪颖.","2195"
"2196","categorized-collection","按类型区分（4000词）","品德","聪颖","perspicacity","ˌpɜːspɪˈkæsəti","n. 敏锐；颖悟；洞察力","Try using ""perspicacity"" in a sentence related to 品德品行 聪颖.","2196"
"2197","categorized-collection","按类型区分（4000词）","品德","聪颖","insightful","ɪnˈsaɪtf(ə)l","adj. 有深刻了解的；富有洞察力的","Try using ""insightful"" in a sentence related to 品德品行 聪颖.","2197"
"2198","categorized-collection","按类型区分（4000词）","品德","聪颖","judicious","dʒuˈdɪʃəs","adj. 明智的；有见识的；判断正确的","Try using ""judicious"" in a sentence related to 品德品行 聪颖.","2198"
"2199","categorized-collection","按类型区分（4000词）","品德","聪颖","perceptive","pəˈseptɪv","adj. 观察敏锐的；有洞察力的","Try using ""perceptive"" in a sentence related to 品德品行 聪颖.","2199"
"2200","categorized-collection","按类型区分（4000词）","品德","聪颖","brainy","ˈbreɪni","adj. 聪明的；脑筋好的；有头脑的","Try using ""brainy"" in a sentence related to 品德品行 聪颖.","2200"
"2201","categorized-collection","按类型区分（4000词）","品德","粗俗","crude","kruːd","adj. 未加工的；粗鲁的；简陋的 n. 原油；石油","Try using ""crude"" in a sentence related to 品德品行 粗俗.","2201"
"2202","categorized-collection","按类型区分（4000词）","品德","粗俗","coarse","kɔːs","adj. 粗糙的；粗鲁的","Try using ""coarse"" in a sentence related to 品德品行 粗俗.","2202"
"2203","categorized-collection","按类型区分（4000词）","品德","粗俗","gauche","ɡəʊʃ","adj. 不善交际的；不圆滑的；笨拙的","Try using ""gauche"" in a sentence related to 品德品行 粗俗.","2203"
"2204","categorized-collection","按类型区分（4000词）","品德","粗俗","grumpy","ˈɡrʌmpi","adj. 性情乖戾的；脾气暴躁的","Try using ""grumpy"" in a sentence related to 品德品行 粗俗.","2204"
"2205","categorized-collection","按类型区分（4000词）","品德","粗俗","rough","rʌf","adj. 粗糙的；粗暴的；粗略的；艰苦的 adv. 粗野地；艰苦地","Try using ""rough"" in a sentence related to 品德品行 粗俗.","2205"
"2206","categorized-collection","按类型区分（4000词）","品德","粗俗","rugged","ˈrʌɡɪd","adj. 崎岖的；粗犷的；粗鲁的；结实耐用的","Try using ""rugged"" in a sentence related to 品德品行 粗俗.","2206"
"2207","categorized-collection","按类型区分（4000词）","品德","粗俗","rustic","ˈrʌstɪk","adj. 乡村的；纯朴的；土气的 n. 乡下人；乡巴佬","Try using ""rustic"" in a sentence related to 品德品行 粗俗.","2207"
"2208","categorized-collection","按类型区分（4000词）","品德","粗俗","vulgar","ˈvʌlɡə(r)","adj. 庸俗的；粗俗的；粗野的；下流的","Try using ""vulgar"" in a sentence related to 品德品行 粗俗.","2208"
"2209","categorized-collection","按类型区分（4000词）","品德","粗俗","loutish","ˈlaʊtɪʃ","adj. 粗野的；无礼的","Try using ""loutish"" in a sentence related to 品德品行 粗俗.","2209"
"2210","categorized-collection","按类型区分（4000词）","品德","粗俗","boorish","ˈbʊərɪʃ","adj. 乡巴佬的；粗野的；粗鄙的","Try using ""boorish"" in a sentence related to 品德品行 粗俗.","2210"
"2211","categorized-collection","按类型区分（4000词）","品德","粗俗","uncouth","ʌnˈkuːθ","adj. 粗野的；不文明的","Try using ""uncouth"" in a sentence related to 品德品行 粗俗.","2211"
"2212","categorized-collection","按类型区分（4000词）","品德","粗俗","urbanity","ɜːˈbænəti","n. 都市风格；雅致；有礼貌","Try using ""urbanity"" in a sentence related to 品德品行 粗俗.","2212"
"2213","categorized-collection","按类型区分（4000词）","品德","粗俗","scurviness","ˈskɜːvɪnəs","n. 恶劣，卑劣；粗鄙，无礼","Try using ""scurviness"" in a sentence related to 品德品行 粗俗.","2213"
"2214","categorized-collection","按类型区分（4000词）","品德","粗俗","urbane","ɜːˈbeɪn","adj. 温文儒雅的；彬彬有礼的","Try using ""urbane"" in a sentence related to 品德品行 粗俗.","2214"
"2215","categorized-collection","按类型区分（4000词）","品德","胆怯","sanguineness","ˈsæŋɡwɪnɪs","n. 红润","Try using ""sanguineness"" in a sentence related to 品德品行 胆怯.","2215"
"2216","categorized-collection","按类型区分（4000词）","品德","胆怯","spineless","ˈspaɪnləs","adj. 无脊椎的；没有骨气的；怯懦的","Try using ""spineless"" in a sentence related to 品德品行 胆怯.","2216"
"2217","categorized-collection","按类型区分（4000词）","品德","胆怯","timid","ˈtɪmɪd","adj. 胆小的；羞怯的","Try using ""timid"" in a sentence related to 品德品行 胆怯.","2217"
"2218","categorized-collection","按类型区分（4000词）","品德","胆怯","introvert","ˈɪntrəvɜːt","n. 内向的人；不喜欢与人交往的人","Try using ""introvert"" in a sentence related to 品德品行 胆怯.","2218"
"2219","categorized-collection","按类型区分（4000词）","品德","胆怯","withdrawn","wɪðˈdrɔːn","adj. 偏僻的；离群的；孤独的；内向的 v. 撤回；撤退；“withdraw”的过去分词","Try using ""withdrawn"" in a sentence related to 品德品行 胆怯.","2219"
"2220","categorized-collection","按类型区分（4000词）","品德","胆怯","timorous","ˈtɪmərəs","adj. 畏怯的；胆小的","Try using ""timorous"" in a sentence related to 品德品行 胆怯.","2220"
"2221","categorized-collection","按类型区分（4000词）","品德","胆怯","recreant","ˈrekriənt","adj. 怯懦的","Try using ""recreant"" in a sentence related to 品德品行 胆怯.","2221"
"2222","categorized-collection","按类型区分（4000词）","品德","胆怯","poltroonery","pɒlˈtruːnəri","n. 怯懦；胆小","Try using ""poltroonery"" in a sentence related to 品德品行 胆怯.","2222"
"2223","categorized-collection","按类型区分（4000词）","品德","胆怯","cowardice","ˈkaʊədɪs","n. 懦弱；胆小","Try using ""cowardice"" in a sentence related to 品德品行 胆怯.","2223"
"2224","categorized-collection","按类型区分（4000词）","品德","胆怯","pavid","ˈpævɪd","adj. 害怕的；胆小的","Try using ""pavid"" in a sentence related to 品德品行 胆怯.","2224"
"2225","categorized-collection","按类型区分（4000词）","品德","胆怯","craven","ˈkreɪv(ə)n","adj. 懦弱的；毫无志气的 n. 怯懦者","Try using ""craven"" in a sentence related to 品德品行 胆怯.","2225"
"2226","categorized-collection","按类型区分（4000词）","品德","奉献","dedicate","ˈdedɪkeɪt","v. 奉献；献身；致力","Try using ""dedicate"" in a sentence related to 品德品行 奉献.","2226"
"2227","categorized-collection","按类型区分（4000词）","品德","奉献","devote","dɪˈvəʊt","v. 投入；奉献","Try using ""devote"" in a sentence related to 品德品行 奉献.","2227"
"2228","categorized-collection","按类型区分（4000词）","品德","奉献","devotion","dɪˈvəʊʃ(ə)n","n. 献身；热爱；奉献","Try using ""devotion"" in a sentence related to 品德品行 奉献.","2228"
"2229","categorized-collection","按类型区分（4000词）","品德","奉献","consecrate","ˈkɒnsɪkreɪt","v. 奉为神圣；贡献；奉献","Try using ""consecrate"" in a sentence related to 品德品行 奉献.","2229"
"2230","categorized-collection","按类型区分（4000词）","品德","奉献","commitment","kəˈmɪtmənt","n. 承诺；奉献","Try using ""commitment"" in a sentence related to 品德品行 奉献.","2230"
"2231","categorized-collection","按类型区分（4000词）","品德","奉献","dedication","ˌdedɪˈkeɪʃ(ə)n","n. 献身；奉献；献词","Try using ""dedication"" in a sentence related to 品德品行 奉献.","2231"
"2232","categorized-collection","按类型区分（4000词）","品德","公正","conscience","ˈkɒnʃəns","n. 良心；良知","Try using ""conscience"" in a sentence related to 品德品行 公正.","2232"
"2233","categorized-collection","按类型区分（4000词）","品德","公正","decent","ˈdiːs(ə)nt","adj. 像样的；体面的；正派的","Try using ""decent"" in a sentence related to 品德品行 公正.","2233"
"2234","categorized-collection","按类型区分（4000词）","品德","公正","detached","dɪˈtætʃt","adj. 分离的；独立的；不带感情的；超然的 v. 脱离；拆卸；分离；“detach”的过去式和过去分词","Try using ""detached"" in a sentence related to 品德品行 公正.","2234"
"2235","categorized-collection","按类型区分（4000词）","品德","公正","disinterested","dɪsˈɪntrɪstɪd","adj. 客观的；公正的","Try using ""disinterested"" in a sentence related to 品德品行 公正.","2235"
"2236","categorized-collection","按类型区分（4000词）","品德","公正","equitable","ˈekwɪtəb(ə)l","adj. 公平的；公正的","Try using ""equitable"" in a sentence related to 品德品行 公正.","2236"
"2237","categorized-collection","按类型区分（4000词）","品德","公正","fairly","ˈfeəli","adv. 公正地；相当地；简直","Try using ""fairly"" in a sentence related to 品德品行 公正.","2237"
"2238","categorized-collection","按类型区分（4000词）","品德","公正","faithful","ˈfeɪθf(ə)l","adj. 忠实的；虔诚的；可靠的","Try using ""faithful"" in a sentence related to 品德品行 公正.","2238"
"2239","categorized-collection","按类型区分（4000词）","品德","公正","fidelity","fɪˈdeləti","n. 忠实；忠诚；保真度；准确性","Try using ""fidelity"" in a sentence related to 品德品行 公正.","2239"
"2240","categorized-collection","按类型区分（4000词）","品德","公正","guileless","ˈɡaɪlləs","adj. 不奸猾的；厚道的；坦率的","Try using ""guileless"" in a sentence related to 品德品行 公正.","2240"
"2241","categorized-collection","按类型区分（4000词）","品德","公正","impartial","ɪmˈpɑːʃ(ə)l","adj. 公正的；不偏不倚的","Try using ""impartial"" in a sentence related to 品德品行 公正.","2241"
"2242","categorized-collection","按类型区分（4000词）","品德","公正","incorruptible","ˌɪnkəˈrʌptəb(ə)l","adj. 不腐败的；廉洁的；不能收买的","Try using ""incorruptible"" in a sentence related to 品德品行 公正.","2242"
"2243","categorized-collection","按类型区分（4000词）","品德","公正","integrity","ɪnˈteɡrəti","n. 完整；正直；诚实","Try using ""integrity"" in a sentence related to 品德品行 公正.","2243"
"2244","categorized-collection","按类型区分（4000词）","品德","公正","probity","ˈprəʊbəti","n. 正直；刚直；诚实","Try using ""probity"" in a sentence related to 品德品行 公正.","2244"
"2245","categorized-collection","按类型区分（4000词）","品德","公正","unbiased","ʌnˈbaɪəst","adj. 无偏见的；公正的","Try using ""unbiased"" in a sentence related to 品德品行 公正.","2245"
"2246","categorized-collection","按类型区分（4000词）","品德","公正","upright","ˈʌpraɪt","adj. 直立的；竖直的；正直的；诚实的 adv. 笔直地","Try using ""upright"" in a sentence related to 品德品行 公正.","2246"
"2247","categorized-collection","按类型区分（4000词）","品德","和蔼可亲","affable","ˈæfəb(ə)l","adj. 谦恭有礼的；和蔼可亲的","Try using ""affable"" in a sentence related to 品德品行 和蔼可亲.","2247"
"2248","categorized-collection","按类型区分（4000词）","品德","和蔼可亲","benign","bɪˈnaɪn","adj. 仁慈的；温和的；良性的","Try using ""benign"" in a sentence related to 品德品行 和蔼可亲.","2248"
"2249","categorized-collection","按类型区分（4000词）","品德","和蔼可亲","genial","ˈdʒiːniəl","adj. 亲切的；和蔼的；温暖的","Try using ""genial"" in a sentence related to 品德品行 和蔼可亲.","2249"
"2250","categorized-collection","按类型区分（4000词）","品德","和蔼可亲","gentility","dʒenˈtɪləti","n. 文雅；出身高贵；有风度","Try using ""gentility"" in a sentence related to 品德品行 和蔼可亲.","2250"
"2251","categorized-collection","按类型区分（4000词）","品德","和蔼可亲","gracious","ˈɡreɪʃəs","adj. 亲切的；和蔼的；仁慈的","Try using ""gracious"" in a sentence related to 品德品行 和蔼可亲.","2251"
"2252","categorized-collection","按类型区分（4000词）","品德","和蔼可亲","gregarious","ɡrɪˈɡeəriəs","adj. 群居的；合群的；爱社交的","Try using ""gregarious"" in a sentence related to 品德品行 和蔼可亲.","2252"
"2253","categorized-collection","按类型区分（4000词）","品德","和蔼可亲","humane","hjuːˈmeɪn","adj. 人道的；仁慈的；人文的","Try using ""humane"" in a sentence related to 品德品行 和蔼可亲.","2253"
"2254","categorized-collection","按类型区分（4000词）","品德","和蔼可亲","meek","miːk","adj. 温顺的；驯服的","Try using ""meek"" in a sentence related to 品德品行 和蔼可亲.","2254"
"2255","categorized-collection","按类型区分（4000词）","品德","和蔼可亲","merciful","ˈmɜːsɪf(ə)l","adj. 仁慈的；慈悲的；宽大的","Try using ""merciful"" in a sentence related to 品德品行 和蔼可亲.","2255"
"2256","categorized-collection","按类型区分（4000词）","品德","和蔼可亲","moderate","ˈmɒdərət","adj. 中等的；适度的；温和的；稳健的 v. （使）缓和；节制；主持 n. 温和派人士","Try using ""moderate"" in a sentence related to 品德品行 和蔼可亲.","2256"
"2257","categorized-collection","按类型区分（4000词）","品德","和蔼可亲","modest","ˈmɒdɪst","adj. 谦虚的；不多的；适度的","Try using ""modest"" in a sentence related to 品德品行 和蔼可亲.","2257"
"2258","categorized-collection","按类型区分（4000词）","品德","和蔼可亲","sociable","ˈsəʊʃəb(ə)l","adj. 好交际的；友善的；合群的","Try using ""sociable"" in a sentence related to 品德品行 和蔼可亲.","2258"
"2259","categorized-collection","按类型区分（4000词）","品德","和蔼可亲","tractable","ˈtræktəb(ə)l","adj. 易驾驭的；温顺的；易处理的","Try using ""tractable"" in a sentence related to 品德品行 和蔼可亲.","2259"
"2260","categorized-collection","按类型区分（4000词）","品德","和蔼可亲","clemency","ˈklemənsi","n. 仁慈；宽厚；温和","Try using ""clemency"" in a sentence related to 品德品行 和蔼可亲.","2260"
"2261","categorized-collection","按类型区分（4000词）","品德","和蔼可亲","amiable","ˈeɪmiəb(ə)l","adj. 和蔼可亲的；亲切友好的","Try using ""amiable"" in a sentence related to 品德品行 和蔼可亲.","2261"
"2262","categorized-collection","按类型区分（4000词）","品德","和蔼可亲","hospitable","hɒˈspɪtəb(ə)l","adj. 好客的；热情友好的；殷勤的；（气候、环境等）适宜的","Try using ""hospitable"" in a sentence related to 品德品行 和蔼可亲.","2262"
"2263","categorized-collection","按类型区分（4000词）","品德","和蔼可亲","congenial","kənˈdʒiːniəl","adj. 情趣相投的；相宜的；合意的","Try using ""congenial"" in a sentence related to 品德品行 和蔼可亲.","2263"
"2264","categorized-collection","按类型区分（4000词）","品德","和蔼可亲","cordial","ˈkɔːdiəl","adj. 热诚的；友好的 n. 甜露酒","Try using ""cordial"" in a sentence related to 品德品行 和蔼可亲.","2264"
"2265","categorized-collection","按类型区分（4000词）","品德","机敏","acumen","ˈækjʊmən","n. 敏锐；聪明","Try using ""acumen"" in a sentence related to 品德品行 机敏.","2265"
"2266","categorized-collection","按类型区分（4000词）","品德","机敏","acute","əˈkjuːt","adj. 敏锐的；灵敏的；急性的；严重的；成锐角的","Try using ""acute"" in a sentence related to 品德品行 机敏.","2266"
"2267","categorized-collection","按类型区分（4000词）","品德","机敏","adroit","əˈdrɔɪt","adj. 熟练的；灵巧的","Try using ""adroit"" in a sentence related to 品德品行 机敏.","2267"
"2268","categorized-collection","按类型区分（4000词）","品德","机敏","astute","əˈstjuːt","adj. 机敏的；精明的","Try using ""astute"" in a sentence related to 品德品行 机敏.","2268"
"2269","categorized-collection","按类型区分（4000词）","品德","机敏","expeditious","ˌekspəˈdɪʃəs","adj. 迅速有效的","Try using ""expeditious"" in a sentence related to 品德品行 机敏.","2269"
"2270","categorized-collection","按类型区分（4000词）","品德","机敏","exquisite","ɪkˈskwɪzɪt","adj. 精美的；细腻的；强烈的","Try using ""exquisite"" in a sentence related to 品德品行 机敏.","2270"
"2271","categorized-collection","按类型区分（4000词）","品德","机敏","intelligent","ɪnˈtelɪdʒənt","adj. 有才智的；聪明的；明智的","Try using ""intelligent"" in a sentence related to 品德品行 机敏.","2271"
"2272","categorized-collection","按类型区分（4000词）","品德","机敏","nimble","ˈnɪmb(ə)l","adj. 灵活的；敏捷的；机敏的","Try using ""nimble"" in a sentence related to 品德品行 机敏.","2272"
"2273","categorized-collection","按类型区分（4000词）","品德","机敏","shrewd","ʃruːd","adj. 精明的；敏锐的；机灵的","Try using ""shrewd"" in a sentence related to 品德品行 机敏.","2273"
"2274","categorized-collection","按类型区分（4000词）","品德","机敏","smart","smɑːt","adj. 聪明的；敏捷的；时髦的；衣冠楚楚的 v. 剧痛；刺痛；感到难过","Try using ""smart"" in a sentence related to 品德品行 机敏.","2274"
"2275","categorized-collection","按类型区分（4000词）","品德","机敏","tact","tækt","n. 机智；圆滑；老练","Try using ""tact"" in a sentence related to 品德品行 机敏.","2275"
"2276","categorized-collection","按类型区分（4000词）","品德","机敏","versatile","ˈvɜːsətaɪl","adj. 多才多艺的；有多种技能的；多方面的","Try using ""versatile"" in a sentence related to 品德品行 机敏.","2276"
"2277","categorized-collection","按类型区分（4000词）","品德","机敏","acuminous","əˈkjuːmɪnət","adj. 敏锐的；锐利的；尖的","Try using ""acuminous"" in a sentence related to 品德品行 机敏.","2277"
"2278","categorized-collection","按类型区分（4000词）","品德","机敏","penetrating","ˈpenətreɪtɪŋ","adj. 敏锐的；尖锐的；穿透的；有洞察力的 v. 渗透；看穿；洞察；“penetrate”的现在分词","Try using ""penetrating"" in a sentence related to 品德品行 机敏.","2278"
"2279","categorized-collection","按类型区分（4000词）","品德","机敏","dexterous","ˈdekstrəs","adj. 灵巧的（手）；熟练的；敏捷的","Try using ""dexterous"" in a sentence related to 品德品行 机敏.","2279"
"2280","categorized-collection","按类型区分（4000词）","品德","机敏","perspicacious","ˌpɜːspɪˈkeɪʃəs","adj. 颖悟的；敏锐的；有洞察力的","Try using ""perspicacious"" in a sentence related to 品德品行 机敏.","2280"
"2281","categorized-collection","按类型区分（4000词）","品德","机敏","canny","ˈkæni","adj. 精明的；老谋深算的","Try using ""canny"" in a sentence related to 品德品行 机敏.","2281"
"2282","categorized-collection","按类型区分（4000词）","品德","狡猾","crooked","ˈkrʊkɪd","adj. 弯曲的；扭曲的；欺诈的；不老实的 v. （使）弯曲；使成钩状；“crook”的过去式和过去分词","Try using ""crooked"" in a sentence related to 品德品行 狡猾.","2282"
"2283","categorized-collection","按类型区分（4000词）","品德","狡猾","cunning","ˈkʌnɪŋ","adj. 狡猾的；奸诈的；巧妙的 n. 奸诈；狡猾","Try using ""cunning"" in a sentence related to 品德品行 狡猾.","2283"
"2284","categorized-collection","按类型区分（4000词）","品德","狡猾","designing","dɪˈzaɪnɪŋ","adj. 狡猾的；蓄意的；心怀叵测的 v. 设计；计划；谋划；构思；“design”的现在分词","Try using ""designing"" in a sentence related to 品德品行 狡猾.","2284"
"2285","categorized-collection","按类型区分（4000词）","品德","狡猾","sly","slaɪ","adj. 诡诈的；诡秘的；心照不宣的","Try using ""sly"" in a sentence related to 品德品行 狡猾.","2285"
"2286","categorized-collection","按类型区分（4000词）","品德","狡猾","insidious","ɪnˈsɪdiəs","adj. 阴险的；潜伏的；暗中作祟的","Try using ""insidious"" in a sentence related to 品德品行 狡猾.","2286"
"2287","categorized-collection","按类型区分（4000词）","品德","狡猾","trickish","/ˈtrɪkɪʃ/","adj. 狡猾的，欺骗的","Try using ""trickish"" in a sentence related to 品德品行 狡猾.","2287"
"2288","categorized-collection","按类型区分（4000词）","品德","狡猾","pawky","ˈpɔːki","adj. 顽皮的；狡猾的，精明的；活泼的","Try using ""pawky"" in a sentence related to 品德品行 狡猾.","2288"
"2289","categorized-collection","按类型区分（4000词）","品德","狡猾","guile","ɡaɪl","n. 诡计；骗术；狡诈","Try using ""guile"" in a sentence related to 品德品行 狡猾.","2289"
"2290","categorized-collection","按类型区分（4000词）","品德","狡猾","crafty","ˈkrɑːfti","adj. 巧妙的；狡诈的","Try using ""crafty"" in a sentence related to 品德品行 狡猾.","2290"
"2291","categorized-collection","按类型区分（4000词）","品德","狡猾","lubricity","luːˈbrɪsɪti","n. 润滑能力；不稳定（性）；狡猾；难以捉摸","Try using ""lubricity"" in a sentence related to 品德品行 狡猾.","2291"
"2292","categorized-collection","按类型区分（4000词）","品德","狡猾","fraudulent","ˈfrɔːdʒələnt","adj. 欺诈的；欺骗性的","Try using ""fraudulent"" in a sentence related to 品德品行 狡猾.","2292"
"2293","categorized-collection","按类型区分（4000词）","品德","狡猾","scheming","ˈskiːmɪŋ","adj. 腹黑","Try using ""scheming"" in a sentence related to 品德品行 狡猾.","2293"
"2294","categorized-collection","按类型区分（4000词）","品德","节约","austerity","ɒˈsterɪti","n. 紧缩；艰苦朴素；节俭","Try using ""austerity"" in a sentence related to 品德品行 节约.","2294"
"2295","categorized-collection","按类型区分（4000词）","品德","节约","canny","ˈkæni","adj. 精明的；老谋深算的","Try using ""canny"" in a sentence related to 品德品行 节约.","2295"
"2296","categorized-collection","按类型区分（4000词）","品德","节约","economical","ˌiːkəˈnɒmɪkəl","adj. 节俭的；经济的","Try using ""economical"" in a sentence related to 品德品行 节约.","2296"
"2297","categorized-collection","按类型区分（4000词）","品德","节约","economize","ɪˈkɒnəmaɪz","v. 节约；有效地利用","Try using ""economize"" in a sentence related to 品德品行 节约.","2297"
"2298","categorized-collection","按类型区分（4000词）","品德","节约","frugal","ˈfruːɡl","adj. 节俭的；省钱的","Try using ""frugal"" in a sentence related to 品德品行 节约.","2298"
"2299","categorized-collection","按类型区分（4000词）","品德","节约","stoically","ˈstəʊɪkli","adv. 坚忍地；恬淡寡欲地","Try using ""stoically"" in a sentence related to 品德品行 节约.","2299"
"2300","categorized-collection","按类型区分（4000词）","品德","节约","thrift","θrɪft","n. 节俭；节约","Try using ""thrift"" in a sentence related to 品德品行 节约.","2300"
"2301","categorized-collection","按类型区分（4000词）","品德","节约","retrench","rɪˈtrentʃ","v. 削减；节省；紧缩","Try using ""retrench"" in a sentence related to 品德品行 节约.","2301"
"2302","categorized-collection","按类型区分（4000词）","品德","节约","abstemious","əbˈstiːmiəs","adj. 有节制的；饮食有度的","Try using ""abstemious"" in a sentence related to 品德品行 节约.","2302"
"2303","categorized-collection","按类型区分（4000词）","品德","节约","sparing","ˈspeərɪŋ","adj. 俭省的；吝惜的；少量使用的 v. 抽出；匀出；“spare”的现在分词","Try using ""sparing"" in a sentence related to 品德品行 节约.","2303"
"2304","categorized-collection","按类型区分（4000词）","品德","节约","parsimonious","ˌpɑːsɪˈməʊniəs","adj. 小气的；吝啬的；太节省的","Try using ""parsimonious"" in a sentence related to 品德品行 节约.","2304"
"2305","categorized-collection","按类型区分（4000词）","品德","谨慎","cautious","ˈkɔːʃəs","adj. 小心的；谨慎的","Try using ""cautious"" in a sentence related to 品德品行 谨慎.","2305"
"2306","categorized-collection","按类型区分（4000词）","品德","谨慎","circumspect","ˈsɜːkəmspekt","adj. 细心的；慎重的","Try using ""circumspect"" in a sentence related to 品德品行 谨慎.","2306"
"2307","categorized-collection","按类型区分（4000词）","品德","谨慎","composed","kəmˈpəʊzd","adj. 镇静的；沉着的 v. 创作；组成；使镇定；“compose”的过去式和过去分词","Try using ""composed"" in a sentence related to 品德品行 谨慎.","2307"
"2308","categorized-collection","按类型区分（4000词）","品德","谨慎","composure","kəmˈpəʊʒə(r)","n. 镇静；镇定；沉着","Try using ""composure"" in a sentence related to 品德品行 谨慎.","2308"
"2309","categorized-collection","按类型区分（4000词）","品德","谨慎","conservative","kənˈsɜːvətɪv","adj. 保守的；守旧的 n. 守旧派；保守主义者","Try using ""conservative"" in a sentence related to 品德品行 谨慎.","2309"
"2310","categorized-collection","按类型区分（4000词）","品德","谨慎","discreet","dɪˈskriːt","adj. （言行）谨慎的；不显眼的；朴素的","Try using ""discreet"" in a sentence related to 品德品行 谨慎.","2310"
"2311","categorized-collection","按类型区分（4000词）","品德","谨慎","discretion","dɪˈskreʃ(ə)n","n. 自行决定权；谨慎；慎重","Try using ""discretion"" in a sentence related to 品德品行 谨慎.","2311"
"2312","categorized-collection","按类型区分（4000词）","品德","谨慎","hardheaded","hɑːdˈhedɪd","adj. 讲究实际的；头脑清晰的；不感情用事的","Try using ""hardheaded"" in a sentence related to 品德品行 谨慎.","2312"
"2313","categorized-collection","按类型区分（4000词）","品德","谨慎","meticulously","məˈtɪkjələsli","adv. 过细地；异常细致地；无微不至；精心地","Try using ""meticulously"" in a sentence related to 品德品行 谨慎.","2313"
"2314","categorized-collection","按类型区分（4000词）","品德","谨慎","prudent","ˈpruːd(ə)nt","adj. 谨慎的；慎重的；精明的","Try using ""prudent"" in a sentence related to 品德品行 谨慎.","2314"
"2315","categorized-collection","按类型区分（4000词）","品德","谨慎","caution","ˈkɔːʃ(ə)n","n. 小心；警告；注意 v. 警告；劝...小心","Try using ""caution"" in a sentence related to 品德品行 谨慎.","2315"
"2316","categorized-collection","按类型区分（4000词）","品德","谨慎","canny","ˈkæni","adj. 精明的；老谋深算的","Try using ""canny"" in a sentence related to 品德品行 谨慎.","2316"
"2317","categorized-collection","按类型区分（4000词）","品德","谨慎","vigilant","ˈvɪdʒɪlənt","adj. 警戒的；警惕的","Try using ""vigilant"" in a sentence related to 品德品行 谨慎.","2317"
"2318","categorized-collection","按类型区分（4000词）","品德","谨慎","precautious","prɪˈkɔːʃəs","adj. 有防备的；警惕的","Try using ""precautious"" in a sentence related to 品德品行 谨慎.","2318"
"2319","categorized-collection","按类型区分（4000词）","品德","谨慎","diplomatic","ˌdɪpləˈmætɪk","adj. 外交的；有交际手段的","Try using ""diplomatic"" in a sentence related to 品德品行 谨慎.","2319"
"2320","categorized-collection","按类型区分（4000词）","品德","刻薄","acid","ˈæsɪd","adj. 酸的；酸性的；刻薄的 n. 酸","Try using ""acid"" in a sentence related to 品德品行 刻薄.","2320"
"2321","categorized-collection","按类型区分（4000词）","品德","刻薄","acrid","ˈækrɪd","adj. 辛辣的；苦涩的；刺激的；尖刻的","Try using ""acrid"" in a sentence related to 品德品行 刻薄.","2321"
"2322","categorized-collection","按类型区分（4000词）","品德","刻薄","acrimonious","ˌækrɪˈməʊniəs","adj. 尖刻的；刻薄的","Try using ""acrimonious"" in a sentence related to 品德品行 刻薄.","2322"
"2323","categorized-collection","按类型区分（4000词）","品德","刻薄","acrimony","ˈækrɪməni","n. 尖刻的言辞；激烈的争吵","Try using ""acrimony"" in a sentence related to 品德品行 刻薄.","2323"
"2324","categorized-collection","按类型区分（4000词）","品德","刻薄","caustic","ˈkɔːstɪk","adj. 腐蚀性的；苛性的；尖酸刻薄的 n. 腐蚀剂","Try using ""caustic"" in a sentence related to 品德品行 刻薄.","2324"
"2325","categorized-collection","按类型区分（4000词）","品德","刻薄","incisive","ɪnˈsaɪsɪv","adj. 一针见血的；尖刻的；敏锐的","Try using ""incisive"" in a sentence related to 品德品行 刻薄.","2325"
"2326","categorized-collection","按类型区分（4000词）","品德","刻薄","acerbic","əˈsɜːbɪk","adj. 酸的； 苦涩的；尖刻的","Try using ""acerbic"" in a sentence related to 品德品行 刻薄.","2326"
"2327","categorized-collection","按类型区分（4000词）","品德","刻薄","pungent","ˈpʌndʒənt","adj. 刺鼻的；一语道破的","Try using ""pungent"" in a sentence related to 品德品行 刻薄.","2327"
"2328","categorized-collection","按类型区分（4000词）","品德","刻薄","harsh","hɑːʃ","adj. 严厉的；严酷的；刺耳的","Try using ""harsh"" in a sentence related to 品德品行 刻薄.","2328"
"2329","categorized-collection","按类型区分（4000词）","品德","刻薄","vitriolic","ˌvɪtriˈɒlɪk","adj. 刻薄的；尖刻的；恶意的","Try using ""vitriolic"" in a sentence related to 品德品行 刻薄.","2329"
"2330","categorized-collection","按类型区分（4000词）","品德","懒散","indolent","ˈɪndələnt","adj. 懒惰的；懒散的；好逸恶劳的","Try using ""indolent"" in a sentence related to 品德品行 懒散.","2330"
"2331","categorized-collection","按类型区分（4000词）","品德","懒散","inertia","ɪˈnɜːʃə","n. 惯性；惰性","Try using ""inertia"" in a sentence related to 品德品行 懒散.","2331"
"2332","categorized-collection","按类型区分（4000词）","品德","懒散","sloth","sləʊθ","n. 懒惰；树懒","Try using ""sloth"" in a sentence related to 品德品行 懒散.","2332"
"2333","categorized-collection","按类型区分（4000词）","品德","懒散","slothful","ˈsləʊθf(ə)l","adj. 怠惰的；懒散的","Try using ""slothful"" in a sentence related to 品德品行 懒散.","2333"
"2334","categorized-collection","按类型区分（4000词）","品德","懒散","slug","slʌɡ","n. 蛞蝓；懒汉；重击；一大口；金属块；子弹 v. 动作迟缓；偷懒；重击","Try using ""slug"" in a sentence related to 品德品行 懒散.","2334"
"2335","categorized-collection","按类型区分（4000词）","品德","懒散","sluggish","ˈslʌɡɪʃ","adj. 缓慢的；迟缓的；懒洋洋的","Try using ""sluggish"" in a sentence related to 品德品行 懒散.","2335"
"2336","categorized-collection","按类型区分（4000词）","品德","懒散","dowdy","ˈdaʊdi","adj. 穿戴土气的；不时髦的","Try using ""dowdy"" in a sentence related to 品德品行 懒散.","2336"
"2337","categorized-collection","按类型区分（4000词）","品德","懒散","floppy","ˈflɒpi","adj. 松垂的；松软的","Try using ""floppy"" in a sentence related to 品德品行 懒散.","2337"
"2338","categorized-collection","按类型区分（4000词）","品德","懒散","slouchy","ˈslaʊtʃi","adj. 懒散的；没精打采的","Try using ""slouchy"" in a sentence related to 品德品行 懒散.","2338"
"2339","categorized-collection","按类型区分（4000词）","品德","懒散","slovenly","ˈslʌv(ə)nli","adj. 不修边幅的；邋遢的","Try using ""slovenly"" in a sentence related to 品德品行 懒散.","2339"
"2340","categorized-collection","按类型区分（4000词）","品德","懒散","feint","feɪnt","n. 佯攻；虚击；假象 v. 佯攻；佯击；假装","Try using ""feint"" in a sentence related to 品德品行 懒散.","2340"
"2341","categorized-collection","按类型区分（4000词）","品德","能力","ability","əˈbɪləti","n. 能力；才能","Try using ""ability"" in a sentence related to 品德品行 能力.","2341"
"2342","categorized-collection","按类型区分（4000词）","品德","能力","aptitude","ˈæptɪtjuːd","n. 天资；天赋；才能","Try using ""aptitude"" in a sentence related to 品德品行 能力.","2342"
"2343","categorized-collection","按类型区分（4000词）","品德","能力","caliber","ˈkælɪbə(r)","n. 口径；才干；质量","Try using ""caliber"" in a sentence related to 品德品行 能力.","2343"
"2344","categorized-collection","按类型区分（4000词）","品德","能力","disposition","ˌdɪspəˈzɪʃ(ə)n","n. 性情；意向；处置","Try using ""disposition"" in a sentence related to 品德品行 能力.","2344"
"2345","categorized-collection","按类型区分（4000词）","品德","能力","power","ˈpaʊə(r)","n. 权力；力量；电源；强国；乘方；幂 v. 给…提供能量；供以动力","Try using ""power"" in a sentence related to 品德品行 能力.","2345"
"2346","categorized-collection","按类型区分（4000词）","品德","能力","quality","ˈkwɒləti","n. 质量；素质；品质","Try using ""quality"" in a sentence related to 品德品行 能力.","2346"
"2347","categorized-collection","按类型区分（4000词）","品德","能力","stamina","ˈstæmɪnə","n. 精力；体力；耐力","Try using ""stamina"" in a sentence related to 品德品行 能力.","2347"
"2348","categorized-collection","按类型区分（4000词）","品德","能力","talent","ˈtælənt","n. 才能；天才","Try using ""talent"" in a sentence related to 品德品行 能力.","2348"
"2349","categorized-collection","按类型区分（4000词）","品德","能力","temperament","ˈtemprəmənt","n. 气质；性情；易激动；急躁","Try using ""temperament"" in a sentence related to 品德品行 能力.","2349"
"2350","categorized-collection","按类型区分（4000词）","品德","能力","versatile","ˈvɜːsətaɪl","adj. 多才多艺的；有多种技能的；多方面的","Try using ""versatile"" in a sentence related to 品德品行 能力.","2350"
"2351","categorized-collection","按类型区分（4000词）","品德","能力","vigor","ˈvɪɡə(r)","n. 精力；活力","Try using ""vigor"" in a sentence related to 品德品行 能力.","2351"
"2352","categorized-collection","按类型区分（4000词）","品德","能力","capable","ˈkeɪpəb(ə)l","adj. 有能力的","Try using ""capable"" in a sentence related to 品德品行 能力.","2352"
"2353","categorized-collection","按类型区分（4000词）","品德","能力","leadership","ˈliːdəʃɪp","n. 领导才能；领导地位","Try using ""leadership"" in a sentence related to 品德品行 能力.","2353"
"2354","categorized-collection","按类型区分（4000词）","品德","能力","competence","ˈkɒmpɪtəns","n. 能力；胜任；本领","Try using ""competence"" in a sentence related to 品德品行 能力.","2354"
"2355","categorized-collection","按类型区分（4000词）","品德","能力","knack","næk","n. 技巧；诀窍","Try using ""knack"" in a sentence related to 品德品行 能力.","2355"
"2356","categorized-collection","按类型区分（4000词）","品德","能力","propensity","prəˈpensəti","n. （性格上的）倾向；习性","Try using ""propensity"" in a sentence related to 品德品行 能力.","2356"
"2357","categorized-collection","按类型区分（4000词）","品德","能力","fortitude","ˈfɔːtɪtjuːd","n. 刚毅；坚忍","Try using ""fortitude"" in a sentence related to 品德品行 能力.","2357"
"2358","categorized-collection","按类型区分（4000词）","品德","能力","resourceful","rɪˈsɔːsful","adj. 资源丰富的；机敏的；足智多谋的","Try using ""resourceful"" in a sentence related to 品德品行 能力.","2358"
"2359","categorized-collection","按类型区分（4000词）","品德","强壮","sturdy","ˈstɜːdi","adj. 强健的；坚固的；坚决的","Try using ""sturdy"" in a sentence related to 品德品行 强壮.","2359"
"2360","categorized-collection","按类型区分（4000词）","品德","强壮","robust","rəʊˈbʌst","adj. 强健的；强壮的；结实的","Try using ""robust"" in a sentence related to 品德品行 强壮.","2360"
"2361","categorized-collection","按类型区分（4000词）","品德","强壮","muscular","ˈmʌskjələ(r)","adj. 肌肉的；肌肉发达的","Try using ""muscular"" in a sentence related to 品德品行 强壮.","2361"
"2362","categorized-collection","按类型区分（4000词）","品德","强壮","cogent","ˈkəʊdʒənt","adj. 有说服力的；令人信服的","Try using ""cogent"" in a sentence related to 品德品行 强壮.","2362"
"2363","categorized-collection","按类型区分（4000词）","品德","强壮","vigorous","ˈvɪɡərəs","adj. 精力充沛的；茂盛的","Try using ""vigorous"" in a sentence related to 品德品行 强壮.","2363"
"2364","categorized-collection","按类型区分（4000词）","品德","强壮","stocky","ˈstɒki","adj. 矮壮的；敦实的","Try using ""stocky"" in a sentence related to 品德品行 强壮.","2364"
"2365","categorized-collection","按类型区分（4000词）","品德","勤劳","industrious","ɪnˈdʌstriəs","adj. 勤勉的；刻苦的","Try using ""industrious"" in a sentence related to 品德品行 勤劳.","2365"
"2366","categorized-collection","按类型区分（4000词）","品德","勤劳","laborious","ləˈbɔːriəs","adj. 耗时费力的；辛苦的；艰难的；艰涩的","Try using ""laborious"" in a sentence related to 品德品行 勤劳.","2366"
"2367","categorized-collection","按类型区分（4000词）","品德","勤劳","assiduity","ˌæsɪˈdjuːəti","n. 刻苦；勤奋","Try using ""assiduity"" in a sentence related to 品德品行 勤劳.","2367"
"2368","categorized-collection","按类型区分（4000词）","品德","勤劳","wrong","sɪˈdjuːlɪti","n. 勤勉；勤奋","Try using ""wrong"" in a sentence related to 品德品行 勤劳.","2368"
"2369","categorized-collection","按类型区分（4000词）","品德","勤劳","assiduous","əˈsɪdʒuəs","adj. 勤勉的；刻苦的","Try using ""assiduous"" in a sentence related to 品德品行 勤劳.","2369"
"2370","categorized-collection","按类型区分（4000词）","品德","勤劳","diligent","ˈdɪlɪdʒənt","adj. 勤勉的；勤奋的","Try using ""diligent"" in a sentence related to 品德品行 勤劳.","2370"
"2371","categorized-collection","按类型区分（4000词）","品德","勤劳","painstaking","ˈpeɪnzteɪkɪŋ","adj. 艰苦的；需细心的","Try using ""painstaking"" in a sentence related to 品德品行 勤劳.","2371"
"2372","categorized-collection","按类型区分（4000词）","品德","勤劳","studious","ˈstjuːdiəs","adj. 好学的；用功的；仔细的；故意的","Try using ""studious"" in a sentence related to 品德品行 勤劳.","2372"
"2373","categorized-collection","按类型区分（4000词）","品德","勤劳","sedulous","ˈsedʒələs","adj. 勤勉的；勤苦工作的","Try using ""sedulous"" in a sentence related to 品德品行 勤劳.","2373"
"2374","categorized-collection","按类型区分（4000词）","品德","勤劳","arduous","ˈɑːdʒuəs","adj. 艰巨的；费力的","Try using ""arduous"" in a sentence related to 品德品行 勤劳.","2374"
"2375","categorized-collection","按类型区分（4000词）","品德","轻率","imprudent","ɪmˈpruːd(ə)nt","adj. 轻率的；不谨慎的","Try using ""imprudent"" in a sentence related to 品德品行 轻率.","2375"
"2376","categorized-collection","按类型区分（4000词）","品德","轻率","impudent","ˈɪmpjədənt","adj. 鲁莽的；厚颜的；冒失的；放肆无礼的","Try using ""impudent"" in a sentence related to 品德品行 轻率.","2376"
"2377","categorized-collection","按类型区分（4000词）","品德","轻率","rashly","ˈræʃli","adv. 轻率地；冒失地；仓促地","Try using ""rashly"" in a sentence related to 品德品行 轻率.","2377"
"2378","categorized-collection","按类型区分（4000词）","品德","轻率","reckless","ˈrekləs","adj. 鲁莽的；不计后果的","Try using ""reckless"" in a sentence related to 品德品行 轻率.","2378"
"2379","categorized-collection","按类型区分（4000词）","品德","轻率","indiscretion","ˌɪndɪˈskreʃ(ə)n","n. 不慎重；轻率；言行失检","Try using ""indiscretion"" in a sentence related to 品德品行 轻率.","2379"
"2380","categorized-collection","按类型区分（4000词）","品德","轻率","flippancy","ˈflɪpənsi","n. 无礼；轻率；浮躁","Try using ""flippancy"" in a sentence related to 品德品行 轻率.","2380"
"2381","categorized-collection","按类型区分（4000词）","品德","轻率","frivolity","frɪˈvɒləti","n. 轻浮；轻薄；轻佻","Try using ""frivolity"" in a sentence related to 品德品行 轻率.","2381"
"2382","categorized-collection","按类型区分（4000词）","品德","轻率","indiscreet","ˌɪndɪˈskriːt","adj. 轻率的；不慎重的；鲁莽的","Try using ""indiscreet"" in a sentence related to 品德品行 轻率.","2382"
"2383","categorized-collection","按类型区分（4000词）","品德","轻率","impertinent","ɪmˈpɜːtɪnənt","adj. 鲁莽的；无礼的；不相干的","Try using ""impertinent"" in a sentence related to 品德品行 轻率.","2383"
"2384","categorized-collection","按类型区分（4000词）","品德","轻率","injudicious","ˌɪndʒuːˈdɪʃəs","adj. 不明智的；不慎重的；浅薄的；不聪明的","Try using ""injudicious"" in a sentence related to 品德品行 轻率.","2384"
"2385","categorized-collection","按类型区分（4000词）","品德","轻视","despise","dɪˈspaɪz","v. 鄙视；蔑视；看不起","Try using ""despise"" in a sentence related to 品德品行 轻视.","2385"
"2386","categorized-collection","按类型区分（4000词）","品德","轻视","belittle","bɪˈlɪt(ə)l","v. 轻视；贬低；小看","Try using ""belittle"" in a sentence related to 品德品行 轻视.","2386"
"2387","categorized-collection","按类型区分（4000词）","品德","轻视","contempt","kənˈtempt","n. 蔑视；轻蔑","Try using ""contempt"" in a sentence related to 品德品行 轻视.","2387"
"2388","categorized-collection","按类型区分（4000词）","品德","轻视","disdain","dɪsˈdeɪn","v. 蔑视；鄙视；鄙弃 n. 蔑视；鄙视；鄙弃","Try using ""disdain"" in a sentence related to 品德品行 轻视.","2388"
"2389","categorized-collection","按类型区分（4000词）","品德","轻视","scorn","skɔːn","n. 蔑视 v. 蔑视","Try using ""scorn"" in a sentence related to 品德品行 轻视.","2389"
"2390","categorized-collection","按类型区分（4000词）","品德","轻视","sniffish","ˈsnɪfɪʃ","adj. 轻蔑的","Try using ""sniffish"" in a sentence related to 品德品行 轻视.","2390"
"2391","categorized-collection","按类型区分（4000词）","品德","轻视","pejorative","pɪˈdʒɒrətɪv","adj. 贬损的；轻蔑的 n. 贬损语","Try using ""pejorative"" in a sentence related to 品德品行 轻视.","2391"
"2392","categorized-collection","按类型区分（4000词）","品德","轻视","scornful","ˈskɔːnf(ə)l","adj. 轻蔑的；鄙夷的","Try using ""scornful"" in a sentence related to 品德品行 轻视.","2392"
"2393","categorized-collection","按类型区分（4000词）","品德","奢侈","extravagant","ɪkˈstrævəɡənt","adj. 奢侈的；过度的","Try using ""extravagant"" in a sentence related to 品德品行 奢侈.","2393"
"2394","categorized-collection","按类型区分（4000词）","品德","奢侈","flamboyant","flæmˈbɔɪənt","adj. 艳丽的；炫耀的；神气活现的","Try using ""flamboyant"" in a sentence related to 品德品行 奢侈.","2394"
"2395","categorized-collection","按类型区分（4000词）","品德","奢侈","improvident","ɪmˈprɒvɪdənt","adj. 不顾将来的；无远见的；不节俭的","Try using ""improvident"" in a sentence related to 品德品行 奢侈.","2395"
"2396","categorized-collection","按类型区分（4000词）","品德","奢侈","lavish","ˈlævɪʃ","adj. 奢侈的；慷慨给予的；挥霍的；过多的 v. 浪费；挥霍；慷慨给予","Try using ""lavish"" in a sentence related to 品德品行 奢侈.","2396"
"2397","categorized-collection","按类型区分（4000词）","品德","奢侈","luxurious","lʌɡˈʒʊəriəs","adj. 奢侈的；豪华的","Try using ""luxurious"" in a sentence related to 品德品行 奢侈.","2397"
"2398","categorized-collection","按类型区分（4000词）","品德","奢侈","prodigal","ˈprɒdɪɡl","adj. 挥霍的；丰富的；慷慨的；不吝惜的 n. 浪子","Try using ""prodigal"" in a sentence related to 品德品行 奢侈.","2398"
"2399","categorized-collection","按类型区分（4000词）","品德","奢侈","squander","ˈskwɒndə(r)","v. 浪费；挥霍","Try using ""squander"" in a sentence related to 品德品行 奢侈.","2399"
"2400","categorized-collection","按类型区分（4000词）","品德","奢侈","sumptuous","ˈsʌmptʃuəs","adj. 华丽的；奢侈的","Try using ""sumptuous"" in a sentence related to 品德品行 奢侈.","2400"
"2401","categorized-collection","按类型区分（4000词）","品德","奢侈","spendthrift","ˈspendθrɪft","adj. 乱花钱的；挥霍的 n. 浪费金钱的人；挥金如土的人","Try using ""spendthrift"" in a sentence related to 品德品行 奢侈.","2401"
"2402","categorized-collection","按类型区分（4000词）","品德","奢侈","profligate","ˈprɒflɪɡət","adj. 挥霍无度的；行为不检点的；放荡的 n. 放荡的人；恣意挥霍的人","Try using ""profligate"" in a sentence related to 品德品行 奢侈.","2402"
"2403","categorized-collection","按类型区分（4000词）","品德","奢侈","deluxe","dɪˈlʌks","adj. 豪华的；高级的","Try using ""deluxe"" in a sentence related to 品德品行 奢侈.","2403"
"2404","categorized-collection","按类型区分（4000词）","品德","奢侈","dissipate","ˈdɪsɪpeɪt","v. 驱散；消散；浪费；挥霍","Try using ""dissipate"" in a sentence related to 品德品行 奢侈.","2404"
"2405","categorized-collection","按类型区分（4000词）","品德","熟练","accomplished","əˈkʌmplɪʃt","adj. 技艺高超的；完成的；熟练的 v. 完成；实现；“accomplish”的过去式和过去分词","Try using ""accomplished"" in a sentence related to 品德品行 熟练.","2405"
"2406","categorized-collection","按类型区分（4000词）","品德","熟练","adept","əˈdept","adj. 内行的；熟练的；擅长的 n. 内行","Try using ""adept"" in a sentence related to 品德品行 熟练.","2406"
"2407","categorized-collection","按类型区分（4000词）","品德","熟练","deft","deft","adj. 灵巧的；熟练的；机敏的","Try using ""deft"" in a sentence related to 品德品行 熟练.","2407"
"2408","categorized-collection","按类型区分（4000词）","品德","熟练","facility","fəˈsɪləti","n. 设施；特定场所；特色功能；资质","Try using ""facility"" in a sentence related to 品德品行 熟练.","2408"
"2409","categorized-collection","按类型区分（4000词）","品德","熟练","familiarize","fəˈmɪliəraɪz","v. 使熟悉；使通晓","Try using ""familiarize"" in a sentence related to 品德品行 熟练.","2409"
"2410","categorized-collection","按类型区分（4000词）","品德","熟练","skillful","ˈskɪlf(ə)l","adj. 有技巧的；熟练的；灵巧的","Try using ""skillful"" in a sentence related to 品德品行 熟练.","2410"
"2411","categorized-collection","按类型区分（4000词）","品德","熟练","stunt","stʌnt","v. 阻碍成长；表演特技 n. 特技表演；噱头；发育不良的动植物","Try using ""stunt"" in a sentence related to 品德品行 熟练.","2411"
"2412","categorized-collection","按类型区分（4000词）","品德","熟练","dexterity","dekˈsterəti","n. 灵巧；机敏；熟练","Try using ""dexterity"" in a sentence related to 品德品行 熟练.","2412"
"2413","categorized-collection","按类型区分（4000词）","品德","熟练","proficiency","prəˈfɪʃ(ə)nsi","n. 熟练；精通","Try using ""proficiency"" in a sentence related to 品德品行 熟练.","2413"
"2414","categorized-collection","按类型区分（4000词）","品德","熟练","mastership","ˈmɑːstəʃɪp","n. 熟练；主人身份；控制","Try using ""mastership"" in a sentence related to 品德品行 熟练.","2414"
"2415","categorized-collection","按类型区分（4000词）","品德","熟练","sleight","slaɪt","n. 技巧；敏捷手法；策略；戏法","Try using ""sleight"" in a sentence related to 品德品行 熟练.","2415"
"2416","categorized-collection","按类型区分（4000词）","品德","熟练","adroit","əˈdrɔɪt","adj. 熟练的；灵巧的","Try using ""adroit"" in a sentence related to 品德品行 熟练.","2416"
"2417","categorized-collection","按类型区分（4000词）","品德","贪婪","acquisitive","əˈkwɪzətɪv","adj. 渴望获得的；贪得无厌的","Try using ""acquisitive"" in a sentence related to 品德品行 贪婪.","2417"
"2418","categorized-collection","按类型区分（4000词）","品德","贪婪","avarice","ˈævərɪs","n. 贪婪；贪财","Try using ""avarice"" in a sentence related to 品德品行 贪婪.","2418"
"2419","categorized-collection","按类型区分（4000词）","品德","贪婪","avaricious","ˌævəˈrɪʃəs","adj. 贪财的；贪婪的","Try using ""avaricious"" in a sentence related to 品德品行 贪婪.","2419"
"2420","categorized-collection","按类型区分（4000词）","品德","贪婪","avid","ˈævɪd","adj. 渴望的；热衷的","Try using ""avid"" in a sentence related to 品德品行 贪婪.","2420"
"2421","categorized-collection","按类型区分（4000词）","品德","贪婪","covetous","ˈkʌvətəs","adj. 贪心的；贪婪的；渴望的","Try using ""covetous"" in a sentence related to 品德品行 贪婪.","2421"
"2422","categorized-collection","按类型区分（4000词）","品德","贪婪","greedy","ˈɡriːdi","adj. 贪婪的","Try using ""greedy"" in a sentence related to 品德品行 贪婪.","2422"
"2423","categorized-collection","按类型区分（4000词）","品德","贪婪","rapacious","rəˈpeɪʃəs","adj. 贪婪的；贪得无厌的；劫掠的","Try using ""rapacious"" in a sentence related to 品德品行 贪婪.","2423"
"2424","categorized-collection","按类型区分（4000词）","品德","贪婪","ravenous","ˈrævənəs","adj. 极饿的；极度的","Try using ""ravenous"" in a sentence related to 品德品行 贪婪.","2424"
"2425","categorized-collection","按类型区分（4000词）","品德","贪婪","rapacity","rəˈpæsəti","n. 掠夺；贪婪","Try using ""rapacity"" in a sentence related to 品德品行 贪婪.","2425"
"2426","categorized-collection","按类型区分（4000词）","品德","贪婪","voracity","vəˈræsəti","n. 贪吃；贪婪","Try using ""voracity"" in a sentence related to 品德品行 贪婪.","2426"
"2427","categorized-collection","按类型区分（4000词）","品德","贪婪","cormorant","ˈkɔːmərənt","n. 鸬鹚；贪婪的人 adj. 贪心的","Try using ""cormorant"" in a sentence related to 品德品行 贪婪.","2427"
"2428","categorized-collection","按类型区分（4000词）","品德","贪婪","vulture","ˈvʌltʃə(r)","n. 兀鹫；秃鹫；贪得无厌的人","Try using ""vulture"" in a sentence related to 品德品行 贪婪.","2428"
"2429","categorized-collection","按类型区分（4000词）","品德","贪婪","devouring","dɪˈvaʊərɪŋ","v.毁灭","Try using ""devouring"" in a sentence related to 品德品行 贪婪.","2429"
"2430","categorized-collection","按类型区分（4000词）","品德","贪婪","miserly","ˈmaɪzəli","adj. 吝啬的；小气的；少量的","Try using ""miserly"" in a sentence related to 品德品行 贪婪.","2430"
"2431","categorized-collection","按类型区分（4000词）","品德","严厉","ascetic","əˈsetɪk","adj. 苦行的；禁欲主义的 n. 苦行者；禁欲者","Try using ""ascetic"" in a sentence related to 品德品行 严厉.","2431"
"2432","categorized-collection","按类型区分（4000词）","品德","严厉","austerity","ɒˈsterɪti","n. 紧缩；艰苦朴素；节俭","Try using ""austerity"" in a sentence related to 品德品行 严厉.","2432"
"2433","categorized-collection","按类型区分（4000词）","品德","严厉","drastic","ˈdræstɪk","adj. 激烈的；急剧的；猛烈的","Try using ""drastic"" in a sentence related to 品德品行 严厉.","2433"
"2434","categorized-collection","按类型区分（4000词）","品德","严厉","exacting","ɪɡˈzæktɪŋ","adj. 要求严格的；要求小心仔细的；苛求的 v. 强求；急需；要求；“exact”的现在分词","Try using ""exacting"" in a sentence related to 品德品行 严厉.","2434"
"2435","categorized-collection","按类型区分（4000词）","品德","严厉","grim","ɡrɪm","adj. 严厉的；严峻的；冷酷无情的；坚定的；可怕的","Try using ""grim"" in a sentence related to 品德品行 严厉.","2435"
"2436","categorized-collection","按类型区分（4000词）","品德","严厉","harsh","hɑːʃ","adj. 严厉的；严酷的；刺耳的","Try using ""harsh"" in a sentence related to 品德品行 严厉.","2436"
"2437","categorized-collection","按类型区分（4000词）","品德","严厉","ordeal","ɔːˈdiːl","n. 严酷的考验；痛苦的经历；煎熬","Try using ""ordeal"" in a sentence related to 品德品行 严厉.","2437"
"2438","categorized-collection","按类型区分（4000词）","品德","严厉","relentless","rɪˈlentləs","adj. 无情的；残酷的；不屈不挠的；不懈的","Try using ""relentless"" in a sentence related to 品德品行 严厉.","2438"
"2439","categorized-collection","按类型区分（4000词）","品德","严厉","rigid","ˈrɪdʒɪd","adj. 坚硬的；严格的；刻板的；僵直的","Try using ""rigid"" in a sentence related to 品德品行 严厉.","2439"
"2440","categorized-collection","按类型区分（4000词）","品德","严厉","rigor","ˈrɪɡə(r)","n. 严格；严密；严酷","Try using ""rigor"" in a sentence related to 品德品行 严厉.","2440"
"2441","categorized-collection","按类型区分（4000词）","品德","严厉","rigorous","ˈrɪɡərəs","adj. 严密的；缜密的；严格的","Try using ""rigorous"" in a sentence related to 品德品行 严厉.","2441"
"2442","categorized-collection","按类型区分（4000词）","品德","严厉","ruthless","ˈruːθləs","adj. 无情的；冷酷的；残忍的","Try using ""ruthless"" in a sentence related to 品德品行 严厉.","2442"
"2443","categorized-collection","按类型区分（4000词）","品德","严厉","scrupulous","ˈskruːpjələs","adj. 谨慎小心的；一丝不苟的","Try using ""scrupulous"" in a sentence related to 品德品行 严厉.","2443"
"2444","categorized-collection","按类型区分（4000词）","品德","严厉","serious","ˈsɪəriəs","adj. 严肃的；严重的；庄重的；认真的","Try using ""serious"" in a sentence related to 品德品行 严厉.","2444"
"2445","categorized-collection","按类型区分（4000词）","品德","严厉","severe","sɪˈvɪə(r)","adj. 严重的；非常困难的；严厉的","Try using ""severe"" in a sentence related to 品德品行 严厉.","2445"
"2446","categorized-collection","按类型区分（4000词）","品德","严厉","stern","stɜːn","adj. 严厉的，严格的；苛刻的 n. 船尾","Try using ""stern"" in a sentence related to 品德品行 严厉.","2446"
"2447","categorized-collection","按类型区分（4000词）","品德","严厉","stringent","ˈstrɪndʒənt","adj. 严苛的；短缺的；迫切的","Try using ""stringent"" in a sentence related to 品德品行 严厉.","2447"
"2448","categorized-collection","按类型区分（4000词）","品德","严厉","acrimonious","ˌækrɪˈməʊniəs","adj. 尖刻的；刻薄的","Try using ""acrimonious"" in a sentence related to 品德品行 严厉.","2448"
"2449","categorized-collection","按类型区分（4000词）","品德","勇敢","bold","bəʊld","adj. 大胆的；醒目的；粗体的；无畏的；莽撞的","Try using ""bold"" in a sentence related to 品德品行 勇敢.","2449"
"2450","categorized-collection","按类型区分（4000词）","品德","勇敢","daring","ˈdeərɪŋ","adj. 大胆的；勇敢的 v. 敢于；胆敢；“dare”的现在分词","Try using ""daring"" in a sentence related to 品德品行 勇敢.","2450"
"2451","categorized-collection","按类型区分（4000词）","品德","勇敢","dauntless","ˈdɔːntləs","adj. 勇敢的；无所畏惧的；不屈不挠的","Try using ""dauntless"" in a sentence related to 品德品行 勇敢.","2451"
"2452","categorized-collection","按类型区分（4000词）","品德","勇敢","gallant","ˈɡælənt","adj. 英勇的；华丽的；顽强的；殷勤的 n. 对妇女献殷勤的男人 v. 向（女子）献殷勤","Try using ""gallant"" in a sentence related to 品德品行 勇敢.","2452"
"2453","categorized-collection","按类型区分（4000词）","品德","勇敢","Intrepid","ɪnˈtrepɪd","adj. 无畏的；勇猛的","Try using ""Intrepid"" in a sentence related to 品德品行 勇敢.","2453"
"2454","categorized-collection","按类型区分（4000词）","品德","勇敢","undaunted","ˌʌnˈdɔːntɪd","adj. 无所畏惧的；大胆的；不泄气的；不气馁的","Try using ""undaunted"" in a sentence related to 品德品行 勇敢.","2454"
"2455","categorized-collection","按类型区分（4000词）","品德","勇敢","valiant","ˈvæliənt","adj. 勇敢的；英勇的","Try using ""valiant"" in a sentence related to 品德品行 勇敢.","2455"
"2456","categorized-collection","按类型区分（4000词）","品德","勇敢","Valor","ˈvælə(r)","n. 英勇；勇猛","Try using ""Valor"" in a sentence related to 品德品行 勇敢.","2456"
"2457","categorized-collection","按类型区分（4000词）","品德","勇敢","courageous","kəˈreɪdʒəs","adj. 勇敢的；有胆量的","Try using ""courageous"" in a sentence related to 品德品行 勇敢.","2457"
"2458","categorized-collection","按类型区分（4000词）","品德","勇敢","valorous","ˈvælərəs","adj. 勇敢的；英勇的","Try using ""valorous"" in a sentence related to 品德品行 勇敢.","2458"
"2459","categorized-collection","按类型区分（4000词）","品德","勇敢","gallantry","ˈɡæləntri","n. 勇气；（男对女）献殷勤","Try using ""gallantry"" in a sentence related to 品德品行 勇敢.","2459"
"2460","categorized-collection","按类型区分（4000词）","品德","勇敢","warrior","ˈwɒriə(r)","n. 战士；勇士；武士","Try using ""warrior"" in a sentence related to 品德品行 勇敢.","2460"
"2461","categorized-collection","按类型区分（4000词）","品德","愚拙","awkward","ˈɔːkwəd","adj. 尴尬的；笨拙的；别扭的","Try using ""awkward"" in a sentence related to 品德品行 愚拙.","2461"
"2462","categorized-collection","按类型区分（4000词）","品德","愚拙","blunt","blʌnt","adj. 不锋利的；耿直的 v. 使变钝","Try using ""blunt"" in a sentence related to 品德品行 愚拙.","2462"
"2463","categorized-collection","按类型区分（4000词）","品德","愚拙","gauche","ɡəʊʃ","adj. 不善交际的；不圆滑的；笨拙的","Try using ""gauche"" in a sentence related to 品德品行 愚拙.","2463"
"2464","categorized-collection","按类型区分（4000词）","品德","愚拙","clumsy","ˈklʌmzi","adj. 笨拙的；不灵巧的","Try using ""clumsy"" in a sentence related to 品德品行 愚拙.","2464"
"2465","categorized-collection","按类型区分（4000词）","品德","愚拙","fatuous","ˈfætʃuəs","adj. 愚昧的；昏庸的；愚笨的","Try using ""fatuous"" in a sentence related to 品德品行 愚拙.","2465"
"2466","categorized-collection","按类型区分（4000词）","品德","愚拙","hoax","həʊks","n. 骗局；恶作剧；戏弄 v. 愚弄","Try using ""hoax"" in a sentence related to 品德品行 愚拙.","2466"
"2467","categorized-collection","按类型区分（4000词）","品德","愚拙","idiotic","ˌɪdiˈɒtɪk","adj. 愚蠢的；白痴的","Try using ""idiotic"" in a sentence related to 品德品行 愚拙.","2467"
"2468","categorized-collection","按类型区分（4000词）","品德","愚拙","inert","ɪˈnɜːt","adj. 无行动的；无生气的；惰性的","Try using ""inert"" in a sentence related to 品德品行 愚拙.","2468"
"2469","categorized-collection","按类型区分（4000词）","品德","愚拙","silly","ˈsɪli","adj. 愚蠢的；可笑的","Try using ""silly"" in a sentence related to 品德品行 愚拙.","2469"
"2470","categorized-collection","按类型区分（4000词）","品德","愚拙","torpid","ˈtɔːpɪd","adj. 迟缓的；呆钝的；不活泼的；蛰伏的","Try using ""torpid"" in a sentence related to 品德品行 愚拙.","2470"
"2471","categorized-collection","按类型区分（4000词）","品德","愚拙","maladroit","ˌmæləˈdrɔɪt","adj. 笨拙的；不机敏的；笨手笨脚的 n. 一个笨拙愚蠢的人","Try using ""maladroit"" in a sentence related to 品德品行 愚拙.","2471"
"2472","categorized-collection","按类型区分（4000词）","品德","自私","self-concern","ˌself kənˈsɜːn","n. 自私自利","Try using ""self-concern"" in a sentence related to 品德品行 自私.","2472"
"2473","categorized-collection","按类型区分（4000词）","品德","自私","selfish","ˈselfɪʃ","adj. 自私的","Try using ""selfish"" in a sentence related to 品德品行 自私.","2473"
"2474","categorized-collection","按类型区分（4000词）","品德","自私","skimpy","ˈskɪmpi","adj. 短小的；少量的；贫乏的；不足的；吝啬的","Try using ""skimpy"" in a sentence related to 品德品行 自私.","2474"
"2475","categorized-collection","按类型区分（4000词）","品德","自私","snobbish","ˈsnɒbɪʃ","adj. 势利的；谄上欺下的","Try using ""snobbish"" in a sentence related to 品德品行 自私.","2475"
"2476","categorized-collection","按类型区分（4000词）","品德","自私","stingy","ˈstɪndʒi","adj. 吝啬的；小气的","Try using ""stingy"" in a sentence related to 品德品行 自私.","2476"
"2477","categorized-collection","按类型区分（4000词）","品德","自私","egoistic","ˌɪɡəʊˈɪstɪk","adj. 自我中心的；自私自利的","Try using ""egoistic"" in a sentence related to 品德品行 自私.","2477"
"2478","categorized-collection","按类型区分（4000词）","品德","自私","self-serving","ˌself ˈsɜːvɪŋ","adj. 谋取私利的；自私自利的","Try using ""self-serving"" in a sentence related to 品德品行 自私.","2478"
"2479","categorized-collection","按类型区分（4000词）","通用概念","本质","attribute","əˈtrɪbjuːt","v. 由…引起；把…归因于；认为是…创作的 n. 属性；品质；特征；定语","Try using ""attribute"" in a sentence related to 万事万物 本质.","2479"
"2480","categorized-collection","按类型区分（4000词）","通用概念","本质","crude","kruːd","adj. 未加工的；粗鲁的；简陋的 n. 原油；石油","Try using ""crude"" in a sentence related to 万事万物 本质.","2480"
"2481","categorized-collection","按类型区分（4000词）","通用概念","本质","inborn","ˌɪnˈbɔːn","adj. 天生的；先天的；天赋的","Try using ""inborn"" in a sentence related to 万事万物 本质.","2481"
"2482","categorized-collection","按类型区分（4000词）","通用概念","本质","indigenous","ɪnˈdɪdʒənəs","adj. 本土的；当地的","Try using ""indigenous"" in a sentence related to 万事万物 本质.","2482"
"2483","categorized-collection","按类型区分（4000词）","通用概念","本质","inherent","ɪnˈherənt","adj. 固有的；内在的；天生的","Try using ""inherent"" in a sentence related to 万事万物 本质.","2483"
"2484","categorized-collection","按类型区分（4000词）","通用概念","本质","inherently","ɪnˈherəntli","adv. 天性地；固有地；本质上地","Try using ""inherently"" in a sentence related to 万事万物 本质.","2484"
"2485","categorized-collection","按类型区分（4000词）","通用概念","本质","innate","ɪˈneɪt","adj. 生来的；天生的","Try using ""innate"" in a sentence related to 万事万物 本质.","2485"
"2486","categorized-collection","按类型区分（4000词）","通用概念","本质","instinctive","ɪnˈstɪŋktɪv","adj. 本能的","Try using ""instinctive"" in a sentence related to 万事万物 本质.","2486"
"2487","categorized-collection","按类型区分（4000词）","通用概念","本质","interior","ɪnˈtɪəriə(r)","adj. 内部的；里面的 n. 内部","Try using ""interior"" in a sentence related to 万事万物 本质.","2487"
"2488","categorized-collection","按类型区分（4000词）","通用概念","本质","internal","ɪnˈtɜːn(ə)l","adj. 内部的；国内的 n. 内脏；本质","Try using ""internal"" in a sentence related to 万事万物 本质.","2488"
"2489","categorized-collection","按类型区分（4000词）","通用概念","本质","intrinsic","ɪnˈtrɪnzɪk","adj. 固有的；内在的；本身的","Try using ""intrinsic"" in a sentence related to 万事万物 本质.","2489"
"2490","categorized-collection","按类型区分（4000词）","通用概念","本质","radical","ˈrædɪk(ə)l","adj. 根本的；彻底的；激进的 n. 激进分子","Try using ""radical"" in a sentence related to 万事万物 本质.","2490"
"2491","categorized-collection","按类型区分（4000词）","通用概念","本质","radically","ˈrædɪkli","adv. 彻底地；根本地","Try using ""radically"" in a sentence related to 万事万物 本质.","2491"
"2492","categorized-collection","按类型区分（4000词）","通用概念","本质","rudimentary","ˌruːdɪˈmentri","adj. 基本的；初步的；未充分发展的","Try using ""rudimentary"" in a sentence related to 万事万物 本质.","2492"
"2493","categorized-collection","按类型区分（4000词）","通用概念","本质","spontaneous","spɒnˈteɪniəs","adj. 自发的；自然产生的","Try using ""spontaneous"" in a sentence related to 万事万物 本质.","2493"
"2494","categorized-collection","按类型区分（4000词）","通用概念","本质","substantive","sʌbˈstæntɪv","adj. 本质上的；实质性的 n. 实词；名词","Try using ""substantive"" in a sentence related to 万事万物 本质.","2494"
"2495","categorized-collection","按类型区分（4000词）","通用概念","本质","essence","ˈes(ə)ns","n. 本质；精髓；香精","Try using ""essence"" in a sentence related to 万事万物 本质.","2495"
"2496","categorized-collection","按类型区分（4000词）","通用概念","本质","quantitative","ˈkwɒntɪtətɪv","adj. 数量的；定量的","Try using ""quantitative"" in a sentence related to 万事万物 本质.","2496"
"2497","categorized-collection","按类型区分（4000词）","通用概念","本质","essential","ɪˈsenʃ(ə)l","adj. 必需的；基本的；本质的 n. 必需品","Try using ""essential"" in a sentence related to 万事万物 本质.","2497"
"2498","categorized-collection","按类型区分（4000词）","通用概念","本质","inherited","ɪnˈherɪtɪd","adj. 继承的；遗传的；遗留的 v. 继承；遗传；“inherit”的过去式和过去分词","Try using ""inherited"" in a sentence related to 万事万物 本质.","2498"
"2499","categorized-collection","按类型区分（4000词）","通用概念","本质","fundamental","ˌfʌndəˈment(ə)l","adj. 基本的；基础的；根本的 n. 基本原则；基本原理","Try using ""fundamental"" in a sentence related to 万事万物 本质.","2499"
"2500","categorized-collection","按类型区分（4000词）","通用概念","比较","approximate","əˈprɒksɪmət","adj. 近似的；大约的 v. 接近；粗略估计","Try using ""approximate"" in a sentence related to 万事万物 比较.","2500"
"2501","categorized-collection","按类型区分（4000词）","通用概念","比较","comparable","ˈkɒmpərəb(ə)l","adj. 可比较的；比得上的；类似的","Try using ""comparable"" in a sentence related to 万事万物 比较.","2501"
"2502","categorized-collection","按类型区分（4000词）","通用概念","比较","comparative","kəmˈpærətɪv","adj. 比较的；相对的","Try using ""comparative"" in a sentence related to 万事万物 比较.","2502"
"2503","categorized-collection","按类型区分（4000词）","通用概念","比较","relative","ˈrelətɪv","n. 亲戚 adj. 比较的；相对的；相关联的","Try using ""relative"" in a sentence related to 万事万物 比较.","2503"
"2504","categorized-collection","按类型区分（4000词）","通用概念","比较","compare","kəmˈpeə(r)","v. 比较；对比；比喻","Try using ""compare"" in a sentence related to 万事万物 比较.","2504"
"2505","categorized-collection","按类型区分（4000词）","通用概念","比较","contrast","ˈkɒntrɑːst","n. 对照；反差；对立 v. 对比；和...形成对照","Try using ""contrast"" in a sentence related to 万事万物 比较.","2505"
"2506","categorized-collection","按类型区分（4000词）","通用概念","比较","similarity","ˌsɪməˈlærəti","n. 相像性；相似点","Try using ""similarity"" in a sentence related to 万事万物 比较.","2506"
"2507","categorized-collection","按类型区分（4000词）","通用概念","比较","disparity","dɪˈspærəti","n. 不同；差异；悬殊","Try using ""disparity"" in a sentence related to 万事万物 比较.","2507"
"2508","categorized-collection","按类型区分（4000词）","通用概念","比较","distinction","dɪˈstɪŋkʃ(ə)n","n. 区别；区分；优等评分","Try using ""distinction"" in a sentence related to 万事万物 比较.","2508"
"2509","categorized-collection","按类型区分（4000词）","通用概念","比较","coordinate","kəʊˈɔːdɪneɪt","v. 协调；使配合；搭配 n. 坐标 adj. （在句子中）并列的；坐标的","Try using ""coordinate"" in a sentence related to 万事万物 比较.","2509"
"2510","categorized-collection","按类型区分（4000词）","通用概念","比较","copy","ˈkɒpi","n. 复制品；副本；(书，报纸等的) 一本 v. 复制；拷贝","Try using ""copy"" in a sentence related to 万事万物 比较.","2510"
"2511","categorized-collection","按类型区分（4000词）","通用概念","比较","counterpart","ˈkaʊntəpɑːt","n. 职务相当的人；对应物；相当之物；副本","Try using ""counterpart"" in a sentence related to 万事万物 比较.","2511"
"2512","categorized-collection","按类型区分（4000词）","通用概念","比较","dissimilar","dɪˈsɪmɪlə(r)","adj. 不相似的；不一样的；不同的","Try using ""dissimilar"" in a sentence related to 万事万物 比较.","2512"
"2513","categorized-collection","按类型区分（4000词）","通用概念","比较","equal","ˈiːkwəl","adj. 相等的；同等的 v. 等于；比得上 n. 同等的人；相等物","Try using ""equal"" in a sentence related to 万事万物 比较.","2513"
"2514","categorized-collection","按类型区分（4000词）","通用概念","比较","equate","ɪˈkweɪt","v. 同等看待；使等同","Try using ""equate"" in a sentence related to 万事万物 比较.","2514"
"2515","categorized-collection","按类型区分（4000词）","通用概念","比较","equivalent","ɪˈkwɪvələnt","adj. 相等的；等价的 n. 等价物","Try using ""equivalent"" in a sentence related to 万事万物 比较.","2515"
"2516","categorized-collection","按类型区分（4000词）","通用概念","比较","homogeneous","ˌhɒməˈdʒiːniəs","adj. 同类的；相似的；均一的","Try using ""homogeneous"" in a sentence related to 万事万物 比较.","2516"
"2517","categorized-collection","按类型区分（4000词）","通用概念","比较","heterogeneous","ˌhetərəˈdʒiːniəs","adj. 异种的；异质的；由不同成份形成的","Try using ""heterogeneous"" in a sentence related to 万事万物 比较.","2517"
"2518","categorized-collection","按类型区分（4000词）","通用概念","比较","identical","aɪˈdentɪk(ə)l","adj. 相同的；同样的","Try using ""identical"" in a sentence related to 万事万物 比较.","2518"
"2519","categorized-collection","按类型区分（4000词）","通用概念","比较","duplicate","ˈdjuːplɪkeɪt","v. 复制；复印；再做一次 n. 副本；复制品；完全一样的东西 adj. 复制的；副本的；完全一样的","Try using ""duplicate"" in a sentence related to 万事万物 比较.","2519"
"2520","categorized-collection","按类型区分（4000词）","通用概念","比较","inferior","ɪnˈfɪəriə(r)","adj. 较差的；次等的；下级的","Try using ""inferior"" in a sentence related to 万事万物 比较.","2520"
"2521","categorized-collection","按类型区分（4000词）","通用概念","比较","monotonous","məˈnɒtənəs","adj. 单调乏味的；毫无变化的","Try using ""monotonous"" in a sentence related to 万事万物 比较.","2521"
"2522","categorized-collection","按类型区分（4000词）","通用概念","比较","peerless","ˈpɪələs","adj. 无可匹敌的；盖世无双的","Try using ""peerless"" in a sentence related to 万事万物 比较.","2522"
"2523","categorized-collection","按类型区分（4000词）","通用概念","比较","preferable","ˈprefrəb(ə)l","adj. 较合意的；更可取的","Try using ""preferable"" in a sentence related to 万事万物 比较.","2523"
"2524","categorized-collection","按类型区分（4000词）","通用概念","比较","relatively","ˈrelətɪvli","adv. 相对地；比较地","Try using ""relatively"" in a sentence related to 万事万物 比较.","2524"
"2525","categorized-collection","按类型区分（4000词）","通用概念","比较","reproduction","ˌriːprəˈdʌkʃ(ə)n","n. 生殖；繁殖；复制","Try using ""reproduction"" in a sentence related to 万事万物 比较.","2525"
"2526","categorized-collection","按类型区分（4000词）","通用概念","比较","resemble","rɪˈzemb(ə)l","v. 相似；类似","Try using ""resemble"" in a sentence related to 万事万物 比较.","2526"
"2527","categorized-collection","按类型区分（4000词）","通用概念","比较","sample","ˈsɑːmp(ə)l","n. 样品；样本 v. 尝试，体验；抽样；节录","Try using ""sample"" in a sentence related to 万事万物 比较.","2527"
"2528","categorized-collection","按类型区分（4000词）","通用概念","比较","similar","ˈsɪmələ(r)","adj. 类似的；相像的","Try using ""similar"" in a sentence related to 万事万物 比较.","2528"
"2529","categorized-collection","按类型区分（4000词）","通用概念","比较","subordinate","səˈbɔːdɪnət","adj. 次要的；附属的 n. 下属；从属物 v. 使居于次要","Try using ""subordinate"" in a sentence related to 万事万物 比较.","2529"
"2530","categorized-collection","按类型区分（4000词）","通用概念","比较","typical","ˈtɪpɪk(ə)l","adj. 典型的；有代表性的","Try using ""typical"" in a sentence related to 万事万物 比较.","2530"
"2531","categorized-collection","按类型区分（4000词）","通用概念","比较","superior","suːˈpɪəriə(r)","adj. 更好的；有优越感的；上级的 n. 上级；上司","Try using ""superior"" in a sentence related to 万事万物 比较.","2531"
"2532","categorized-collection","按类型区分（4000词）","通用概念","范围","accommodate","əˈkɒmədeɪt","v. 容纳；为...提供住宿；适应","Try using ""accommodate"" in a sentence related to 万事万物 范围.","2532"
"2533","categorized-collection","按类型区分（4000词）","通用概念","范围","besides","bɪˈsaɪdz","adv. 此外；而且；还 prep. 除…以外；还","Try using ""besides"" in a sentence related to 万事万物 范围.","2533"
"2534","categorized-collection","按类型区分（4000词）","通用概念","范围","comprise","kəmˈpraɪz","v. 包括；包含；构成；由…组成","Try using ""comprise"" in a sentence related to 万事万物 范围.","2534"
"2535","categorized-collection","按类型区分（4000词）","通用概念","范围","content","ˈkɒntent","n. 内容；含量；目录 adj. 满足的 v. 使满意","Try using ""content"" in a sentence related to 万事万物 范围.","2535"
"2536","categorized-collection","按类型区分（4000词）","通用概念","范围","cover","ˈkʌvə(r)","v. 遮盖；包括；报道 n. 封面；遮盖物；庇护所","Try using ""cover"" in a sentence related to 万事万物 范围.","2536"
"2537","categorized-collection","按类型区分（4000词）","通用概念","范围","digress","daɪˈɡres","v. 离题；偏离主题","Try using ""digress"" in a sentence related to 万事万物 范围.","2537"
"2538","categorized-collection","按类型区分（4000词）","通用概念","范围","embody","ɪmˈbɒdi","v. 体现；使具体化；包含","Try using ""embody"" in a sentence related to 万事万物 范围.","2538"
"2539","categorized-collection","按类型区分（4000词）","通用概念","范围","exception","ɪkˈsepʃ(ə)n","n. 例外；除外","Try using ""exception"" in a sentence related to 万事万物 范围.","2539"
"2540","categorized-collection","按类型区分（4000词）","通用概念","范围","exceptional","ɪkˈsepʃən(ə)l","adj. 卓越的；杰出的；罕见的；特别的","Try using ""exceptional"" in a sentence related to 万事万物 范围.","2540"
"2541","categorized-collection","按类型区分（4000词）","通用概念","范围","exclude","ɪkˈskluːd","v. 排除；排斥","Try using ""exclude"" in a sentence related to 万事万物 范围.","2541"
"2542","categorized-collection","按类型区分（4000词）","通用概念","范围","exclusion","ɪkˈskluːʒ(ə)n","n. 排除；排斥；被排除在外的事物","Try using ""exclusion"" in a sentence related to 万事万物 范围.","2542"
"2543","categorized-collection","按类型区分（4000词）","通用概念","范围","exclusive","ɪkˈskluːsɪv","adj. 独有的；高级的；排外的","Try using ""exclusive"" in a sentence related to 万事万物 范围.","2543"
"2544","categorized-collection","按类型区分（4000词）","通用概念","范围","external","ɪkˈstɜːn(ə)l","adj. 外部的；外界的","Try using ""external"" in a sentence related to 万事万物 范围.","2544"
"2545","categorized-collection","按类型区分（4000词）","通用概念","范围","extraneous","ɪkˈstreɪniəs","adj. 外来的；无关的","Try using ""extraneous"" in a sentence related to 万事万物 范围.","2545"
"2546","categorized-collection","按类型区分（4000词）","通用概念","范围","extra","ˈekstrə","adj. 额外的 adv. 额外地 n. 额外的事物","Try using ""extra"" in a sentence related to 万事万物 范围.","2546"
"2547","categorized-collection","按类型区分（4000词）","通用概念","范围","impertinent","ɪmˈpɜːtɪnənt","adj. 鲁莽的；无礼的；不相干的","Try using ""impertinent"" in a sentence related to 万事万物 范围.","2547"
"2548","categorized-collection","按类型区分（4000词）","通用概念","范围","irrelevant","ɪˈreləvənt","adj. 无关紧要的；不相关的","Try using ""irrelevant"" in a sentence related to 万事万物 范围.","2548"
"2549","categorized-collection","按类型区分（4000词）","通用概念","范围","preclude","prɪˈkluːd","v. 阻止；排除","Try using ""preclude"" in a sentence related to 万事万物 范围.","2549"
"2550","categorized-collection","按类型区分（4000词）","通用概念","范围","save","seɪv","v. 保存；节省；拯救 prep. 除...之外；除了 conj. 若不是；除了","Try using ""save"" in a sentence related to 万事万物 范围.","2550"
"2551","categorized-collection","按类型区分（4000词）","通用概念","范围","scope","skəʊp","n. 范围；领域","Try using ""scope"" in a sentence related to 万事万物 范围.","2551"
"2552","categorized-collection","按类型区分（4000词）","通用概念","范围","span","spæn","n. 时距；范围；跨度 v. 持续；跨越；涉及","Try using ""span"" in a sentence related to 万事万物 范围.","2552"
"2553","categorized-collection","按类型区分（4000词）","通用概念","范围","bound","baʊnd","adj. 一定会；有义务的；密切相关的；准备前往 v. 受…限制；跳跃 v. 捆绑；“bind”的过去式和过去分词 n. 跳跃","Try using ""bound"" in a sentence related to 万事万物 范围.","2553"
"2554","categorized-collection","按类型区分（4000词）","通用概念","范围","confines","kənˈfaɪnz","n. 范围；界限；疆界（confine的复数）; vt. 限制；禁闭（confine的三单形式）","Try using ""confines"" in a sentence related to 万事万物 范围.","2554"
"2555","categorized-collection","按类型区分（4000词）","通用概念","范围","spectrum","ˈspektrəm","n. 范围；幅度；光谱；波谱","Try using ""spectrum"" in a sentence related to 万事万物 范围.","2555"
"2556","categorized-collection","按类型区分（4000词）","通用概念","范围","extension","ɪkˈstenʃ(ə)n","n. 延伸；扩展；延长期；电话分机","Try using ""extension"" in a sentence related to 万事万物 范围.","2556"
"2557","categorized-collection","按类型区分（4000词）","通用概念","范围","include","ɪnˈkluːd","v. 包括；包含","Try using ""include"" in a sentence related to 万事万物 范围.","2557"
"2558","categorized-collection","按类型区分（4000词）","通用概念","范围","compose","kəmˈpəʊz","v. 创作；组成；使镇定","Try using ""compose"" in a sentence related to 万事万物 范围.","2558"
"2559","categorized-collection","按类型区分（4000词）","通用概念","范围","consist","kənˈsɪst","v. 由…组成；在于；一致；符合","Try using ""consist"" in a sentence related to 万事万物 范围.","2559"
"2560","categorized-collection","按类型区分（4000词）","通用概念","方式","direct","dəˈrekt","adj. 直接的 v. 指导；指示","Try using ""direct"" in a sentence related to 万事万物 方式.","2560"
"2561","categorized-collection","按类型区分（4000词）","通用概念","方式","forthright","ˈfɔːθraɪt","adj. 直截了当的；直率的；坦白的","Try using ""forthright"" in a sentence related to 万事万物 方式.","2561"
"2562","categorized-collection","按类型区分（4000词）","通用概念","方式","via","ˈvaɪə","prep. 通过；经由","Try using ""via"" in a sentence related to 万事万物 方式.","2562"
"2563","categorized-collection","按类型区分（4000词）","通用概念","方式","access","ˈækses","n. 进入；通道；接触（的机会或权利） v. 接近；使用；获取","Try using ""access"" in a sentence related to 万事万物 方式.","2563"
"2564","categorized-collection","按类型区分（4000词）","通用概念","方式","approach","əˈprəʊtʃ","v. 接近；靠近；临近；处理 n. 方法；接近；靠近；路径","Try using ""approach"" in a sentence related to 万事万物 方式.","2564"
"2565","categorized-collection","按类型区分（4000词）","通用概念","方式","tactic","ˈtæktɪk","n. 战术；策略","Try using ""tactic"" in a sentence related to 万事万物 方式.","2565"
"2566","categorized-collection","按类型区分（4000词）","通用概念","方式","indirect","ˌɪndəˈrekt","adj. 间接的；迂回的","Try using ""indirect"" in a sentence related to 万事万物 方式.","2566"
"2567","categorized-collection","按类型区分（4000词）","通用概念","方式","immediate","ɪˈmiːdiət","adj. 立即的；即刻的；最近的；紧接的","Try using ""immediate"" in a sentence related to 万事万物 方式.","2567"
"2568","categorized-collection","按类型区分（4000词）","通用概念","光亮","ablaze","əˈbleɪz","adj. 着火的；闪耀的；激动的","Try using ""ablaze"" in a sentence related to 万事万物 光亮.","2568"
"2569","categorized-collection","按类型区分（4000词）","通用概念","光亮","brighten","ˈbraɪt(ə)n","v. 使变亮；使生辉；使有希望；使快活","Try using ""brighten"" in a sentence related to 万事万物 光亮.","2569"
"2570","categorized-collection","按类型区分（4000词）","通用概念","光亮","burnish","ˈbɜːnɪʃ","v. 擦亮；磨光 n. 光泽","Try using ""burnish"" in a sentence related to 万事万物 光亮.","2570"
"2571","categorized-collection","按类型区分（4000词）","通用概念","光亮","dazzling","ˈdæzlɪŋ","adj. 眼花缭乱的；耀眼的 v. 使目眩；使眼花；使惊叹；“dazzle”的现在分词","Try using ""dazzling"" in a sentence related to 万事万物 光亮.","2571"
"2572","categorized-collection","按类型区分（4000词）","通用概念","光亮","flare","fleə(r)","v. （突然）烧旺；闪耀；突然爆发；张开；加剧 n. 旺火；亮光","Try using ""flare"" in a sentence related to 万事万物 光亮.","2572"
"2573","categorized-collection","按类型区分（4000词）","通用概念","光亮","flicker","ˈflɪkə(r)","v. 闪烁；摇曳；闪现 n. 闪烁；摇曳；闪现","Try using ""flicker"" in a sentence related to 万事万物 光亮.","2573"
"2574","categorized-collection","按类型区分（4000词）","通用概念","光亮","glaring","ˈɡleərɪŋ","adj. 明显的；耀眼的 v. 发出刺眼的光；怒视；“glare”的现在分词","Try using ""glaring"" in a sentence related to 万事万物 光亮.","2574"
"2575","categorized-collection","按类型区分（4000词）","通用概念","光亮","glaze","ɡleɪz","v. 上釉；上玻璃；浇浆汁于；变呆滞 n. 釉料；光滑面；覆罩的一层","Try using ""glaze"" in a sentence related to 万事万物 光亮.","2575"
"2576","categorized-collection","按类型区分（4000词）","通用概念","光亮","gleam","ɡliːm","v. 闪烁；隐约闪现 n. 亮光；闪光","Try using ""gleam"" in a sentence related to 万事万物 光亮.","2576"
"2577","categorized-collection","按类型区分（4000词）","通用概念","光亮","glossy","ˈɡlɒsi","adj. 光滑的；有光泽的；虚饰浮华的","Try using ""glossy"" in a sentence related to 万事万物 光亮.","2577"
"2578","categorized-collection","按类型区分（4000词）","通用概念","光亮","illuminate","ɪˈluːmɪneɪt","v. 照亮；阐明；解释","Try using ""illuminate"" in a sentence related to 万事万物 光亮.","2578"
"2579","categorized-collection","按类型区分（4000词）","通用概念","光亮","luminous","ˈluːmɪnəs","adj. 发光的；发亮的","Try using ""luminous"" in a sentence related to 万事万物 光亮.","2579"
"2580","categorized-collection","按类型区分（4000词）","通用概念","光亮","cluster","ˈklʌstə(r)","n. 群；团；簇 v. 聚集","Try using ""cluster"" in a sentence related to 万事万物 光亮.","2580"
"2581","categorized-collection","按类型区分（4000词）","通用概念","光亮","twinkle","ˈtwɪŋk(ə)l","v. 闪耀；闪烁 n. 闪烁","Try using ""twinkle"" in a sentence related to 万事万物 光亮.","2581"
"2582","categorized-collection","按类型区分（4000词）","通用概念","浸没","submerge","səbˈmɜːdʒ","v. 潜水；浸没","Try using ""submerge"" in a sentence related to 万事万物 浸没.","2582"
"2583","categorized-collection","按类型区分（4000词）","通用概念","浸没","saturate","ˈsætʃəreɪt","v. 使浸透；使湿透；使满；使饱和","Try using ""saturate"" in a sentence related to 万事万物 浸没.","2583"
"2584","categorized-collection","按类型区分（4000词）","通用概念","浸没","emerge","ɪˈmɜːdʒ","v. 浮现；显露；暴露","Try using ""emerge"" in a sentence related to 万事万物 浸没.","2584"
"2585","categorized-collection","按类型区分（4000词）","通用概念","浸没","soakage","ˈsəʊkɪdʒ","n. 浸润；浸透；浸湿性","Try using ""soakage"" in a sentence related to 万事万物 浸没.","2585"
"2586","categorized-collection","按类型区分（4000词）","通用概念","浸没","inundate","ˈɪnʌndeɪt","v. 淹没；泛滥；使不胜负荷；使应接不暇","Try using ""inundate"" in a sentence related to 万事万物 浸没.","2586"
"2587","categorized-collection","按类型区分（4000词）","通用概念","浸没","permeance","ˈpɜːmiəns","n. [物] 磁导；浸透；透过","Try using ""permeance"" in a sentence related to 万事万物 浸没.","2587"
"2588","categorized-collection","按类型区分（4000词）","通用概念","科学","accurate","ˈækjərət","adj. 精确的；无误的","Try using ""accurate"" in a sentence related to 万事万物 科学.","2588"
"2589","categorized-collection","按类型区分（4000词）","通用概念","科学","contrive","kənˈtraɪv","v. 图谋；发明；设计；设法做到","Try using ""contrive"" in a sentence related to 万事万物 科学.","2589"
"2590","categorized-collection","按类型区分（4000词）","通用概念","科学","devise","dɪˈvaɪz","v. 想出；设计；发明","Try using ""devise"" in a sentence related to 万事万物 科学.","2590"
"2591","categorized-collection","按类型区分（4000词）","通用概念","科学","dissect","dɪˈsekt","v. 解剖；剖析；仔细分析","Try using ""dissect"" in a sentence related to 万事万物 科学.","2591"
"2592","categorized-collection","按类型区分（4000词）","通用概念","科学","exact","ɪɡˈzækt","adj. 精确的；准确的 v. 强求；急需；要求","Try using ""exact"" in a sentence related to 万事万物 科学.","2592"
"2593","categorized-collection","按类型区分（4000词）","通用概念","科学","expertise","ˌekspɜːˈtiːz","n. 专门技能；专门知识","Try using ""expertise"" in a sentence related to 万事万物 科学.","2593"
"2594","categorized-collection","按类型区分（4000词）","通用概念","科学","gauge","ɡeɪdʒ","n. 测量仪器；规格；计量器；评估 v. 测量；评估","Try using ""gauge"" in a sentence related to 万事万物 科学.","2594"
"2595","categorized-collection","按类型区分（4000词）","通用概念","科学","institute","ˈɪnstɪtjuːt","n. 协会；学院；研究所；机构 v. 建立；制定；开创；开始","Try using ""institute"" in a sentence related to 万事万物 科学.","2595"
"2596","categorized-collection","按类型区分（4000词）","通用概念","科学","invent","ɪnˈvent","v. 发明；创造","Try using ""invent"" in a sentence related to 万事万物 科学.","2596"
"2597","categorized-collection","按类型区分（4000词）","通用概念","科学","launch","lɔːntʃ","v. 发射；发起；启动；掷 n. 发射；投掷；启动","Try using ""launch"" in a sentence related to 万事万物 科学.","2597"
"2598","categorized-collection","按类型区分（4000词）","通用概念","科学","mechanical","məˈkænɪk(ə)l","adj. 机械的；无思想的","Try using ""mechanical"" in a sentence related to 万事万物 科学.","2598"
"2599","categorized-collection","按类型区分（4000词）","通用概念","科学","precise","prɪˈsaɪs","adj. 准确的；确切的","Try using ""precise"" in a sentence related to 万事万物 科学.","2599"
"2600","categorized-collection","按类型区分（4000词）","通用概念","科学","precision","prɪˈsɪʒ(ə)n","n. 精确；精密度","Try using ""precision"" in a sentence related to 万事万物 科学.","2600"
"2601","categorized-collection","按类型区分（4000词）","通用概念","科学","scale","skeɪl","n. 规模；等级；秤；刻度；比例（尺） v. 改变…大小；攀登","Try using ""scale"" in a sentence related to 万事万物 科学.","2601"
"2602","categorized-collection","按类型区分（4000词）","通用概念","科学","specimen","ˈspesɪmən","n. 标本；样品","Try using ""specimen"" in a sentence related to 万事万物 科学.","2602"
"2603","categorized-collection","按类型区分（4000词）","通用概念","科学","symbolic","sɪmˈbɒlɪk","adj. 象征的；符号的","Try using ""symbolic"" in a sentence related to 万事万物 科学.","2603"
"2604","categorized-collection","按类型区分（4000词）","通用概念","科学","tentative","ˈtentətɪv","adj. 不确定的；暂定的；试验性的；踌躇的","Try using ""tentative"" in a sentence related to 万事万物 科学.","2604"
"2605","categorized-collection","按类型区分（4000词）","通用概念","科学","theoretical","ˌθɪəˈretɪk(ə)l","adj. 理论的","Try using ""theoretical"" in a sentence related to 万事万物 科学.","2605"
"2606","categorized-collection","按类型区分（4000词）","通用概念","科学","threshold","ˈθreʃhəʊld","n. 门槛；门口；起始点","Try using ""threshold"" in a sentence related to 万事万物 科学.","2606"
"2607","categorized-collection","按类型区分（4000词）","通用概念","科学","trial","ˈtraɪəl","n. 试验；尝试；审判；试用","Try using ""trial"" in a sentence related to 万事万物 科学.","2607"
"2608","categorized-collection","按类型区分（4000词）","通用概念","流动","drift","drɪft","v. 飘；漂流；漂移 n. 流动；趋势","Try using ""drift"" in a sentence related to 万事万物 流动.","2608"
"2609","categorized-collection","按类型区分（4000词）","通用概念","流动","exude","ɪɡˈzjuːd","v. 溢出；渗出；显露","Try using ""exude"" in a sentence related to 万事万物 流动.","2609"
"2610","categorized-collection","按类型区分（4000词）","通用概念","流动","flow","fləʊ","n. 流动 v. 流动","Try using ""flow"" in a sentence related to 万事万物 流动.","2610"
"2611","categorized-collection","按类型区分（4000词）","通用概念","流动","fluctuate","ˈflʌktʃueɪt","v. 波动；起伏不定","Try using ""fluctuate"" in a sentence related to 万事万物 流动.","2611"
"2612","categorized-collection","按类型区分（4000词）","通用概念","流动","gush","ɡʌʃ","v. 喷涌；滔滔不绝地说 n. 涌出；喷出","Try using ""gush"" in a sentence related to 万事万物 流动.","2612"
"2613","categorized-collection","按类型区分（4000词）","通用概念","流动","influx","ˈɪnflʌks","n. 流入；涌入","Try using ""influx"" in a sentence related to 万事万物 流动.","2613"
"2614","categorized-collection","按类型区分（4000词）","通用概念","流动","meander","miˈændə(r)","v. 缓慢而弯曲地流动；漫步；闲聊 n. 河流的曲折；漫步；迂回曲折的进程","Try using ""meander"" in a sentence related to 万事万物 流动.","2614"
"2615","categorized-collection","按类型区分（4000词）","通用概念","流动","overflow","ˌəʊvəˈfləʊ","v. 泛滥；溢出；充满 n. 泛滥；溢出","Try using ""overflow"" in a sentence related to 万事万物 流动.","2615"
"2616","categorized-collection","按类型区分（4000词）","通用概念","流动","permeate","ˈpɜːmieɪt","v. 渗透；弥漫；贯穿","Try using ""permeate"" in a sentence related to 万事万物 流动.","2616"
"2617","categorized-collection","按类型区分（4000词）","通用概念","流动","splash","splæʃ","v. 溅；泼 n. 引人注目的人或物；溅污的斑点","Try using ""splash"" in a sentence related to 万事万物 流动.","2617"
"2618","categorized-collection","按类型区分（4000词）","通用概念","流动","spout","spaʊt","n. 喷口；水管；水柱 v. 喷出；滔滔不绝地说","Try using ""spout"" in a sentence related to 万事万物 流动.","2618"
"2619","categorized-collection","按类型区分（4000词）","通用概念","流动","spray","spreɪ","n. 喷雾 v. 喷洒","Try using ""spray"" in a sentence related to 万事万物 流动.","2619"
"2620","categorized-collection","按类型区分（4000词）","通用概念","流动","float","fləʊt","v. 浮动；漂浮","Try using ""float"" in a sentence related to 万事万物 流动.","2620"
"2621","categorized-collection","按类型区分（4000词）","通用概念","流动","leak","liːk","v. 渗；漏；泄露 n. 漏洞；泄露","Try using ""leak"" in a sentence related to 万事万物 流动.","2621"
"2622","categorized-collection","按类型区分（4000词）","通用概念","逻辑","assumption","əˈsʌmpʃ(ə)n","n. 假设；假想","Try using ""assumption"" in a sentence related to 万事万物 逻辑.","2622"
"2623","categorized-collection","按类型区分（4000词）","通用概念","逻辑","hypothesis","haɪˈpɒθəsɪs","n. 假设；假说","Try using ""hypothesis"" in a sentence related to 万事万物 逻辑.","2623"
"2624","categorized-collection","按类型区分（4000词）","通用概念","逻辑","conjecture","kənˈdʒektʃə(r)","n. 猜测；臆测 v. 猜测；臆测","Try using ""conjecture"" in a sentence related to 万事万物 逻辑.","2624"
"2625","categorized-collection","按类型区分（4000词）","通用概念","逻辑","premise","ˈpremɪs","n. 前提；假定 v. 提出...作为前提","Try using ""premise"" in a sentence related to 万事万物 逻辑.","2625"
"2626","categorized-collection","按类型区分（4000词）","通用概念","逻辑","clue","kluː","n. 线索；提示","Try using ""clue"" in a sentence related to 万事万物 逻辑.","2626"
"2627","categorized-collection","按类型区分（4000词）","通用概念","逻辑","demonstrate","ˈdemənstreɪt","v. 演示；展示；证明；示威","Try using ""demonstrate"" in a sentence related to 万事万物 逻辑.","2627"
"2628","categorized-collection","按类型区分（4000词）","通用概念","逻辑","framework","ˈfreɪmwɜːk","n. 骨架；支架；框架","Try using ""framework"" in a sentence related to 万事万物 逻辑.","2628"
"2629","categorized-collection","按类型区分（4000词）","通用概念","逻辑","generalize","ˈdʒenrəlaɪz","v. 概括；归纳；泛论；推广","Try using ""generalize"" in a sentence related to 万事万物 逻辑.","2629"
"2630","categorized-collection","按类型区分（4000词）","通用概念","逻辑","infer","ɪnˈfɜː(r)","v. 推断；推知","Try using ""infer"" in a sentence related to 万事万物 逻辑.","2630"
"2631","categorized-collection","按类型区分（4000词）","通用概念","逻辑","logical","ˈlɒdʒɪk(ə)l","adj. 逻辑上的；合乎逻辑的","Try using ""logical"" in a sentence related to 万事万物 逻辑.","2631"
"2632","categorized-collection","按类型区分（4000词）","通用概念","逻辑","presume","prɪˈzjuːm","v. 假设；假定；设想；冒昧","Try using ""presume"" in a sentence related to 万事万物 逻辑.","2632"
"2633","categorized-collection","按类型区分（4000词）","通用概念","逻辑","presumption","prɪˈzʌmpʃ(ə)n","n. 假定；推定；冒昧；放肆","Try using ""presumption"" in a sentence related to 万事万物 逻辑.","2633"
"2634","categorized-collection","按类型区分（4000词）","通用概念","逻辑","suppose","səˈpəʊz","v. 认为；假设；猜想","Try using ""suppose"" in a sentence related to 万事万物 逻辑.","2634"
"2635","categorized-collection","按类型区分（4000词）","通用概念","逻辑","deduction","dɪˈdʌkʃ(ə)n","n. 扣除（额）；推论；演绎","Try using ""deduction"" in a sentence related to 万事万物 逻辑.","2635"
"2636","categorized-collection","按类型区分（4000词）","通用概念","逻辑","reasoning","ˈriːzənɪŋ","n. 推理；推论 v. 推理；推断；讲道理； “reason”的现在分词","Try using ""reasoning"" in a sentence related to 万事万物 逻辑.","2636"
"2637","categorized-collection","按类型区分（4000词）","通用概念","逻辑","induction","ɪnˈdʌkʃ(ə)n","n. 就职；征召；归纳；感应","Try using ""induction"" in a sentence related to 万事万物 逻辑.","2637"
"2638","categorized-collection","按类型区分（4000词）","通用概念","逻辑","inductive","ɪnˈdʌktɪv","adj. 诱导的；归纳的；感应的","Try using ""inductive"" in a sentence related to 万事万物 逻辑.","2638"
"2639","categorized-collection","按类型区分（4000词）","通用概念","逻辑","causality","kɔːˈzæləti","n. 因果关系；因果律","Try using ""causality"" in a sentence related to 万事万物 逻辑.","2639"
"2640","categorized-collection","按类型区分（4000词）","通用概念","逻辑","consequence","ˈkɒnsɪkwəns","n. 后果；结果","Try using ""consequence"" in a sentence related to 万事万物 逻辑.","2640"
"2641","categorized-collection","按类型区分（4000词）","通用概念","效果","effect","ɪˈfekt","n. 影响；作用；效果；效应 v. 引起；实现；使生效","Try using ""effect"" in a sentence related to 万事万物 效果.","2641"
"2642","categorized-collection","按类型区分（4000词）","通用概念","效果","effective","ɪˈfektɪv","adj. 有效的；生效的","Try using ""effective"" in a sentence related to 万事万物 效果.","2642"
"2643","categorized-collection","按类型区分（4000词）","通用概念","效果","efficient","ɪˈfɪʃ(ə)nt","adj. 效率高的","Try using ""efficient"" in a sentence related to 万事万物 效果.","2643"
"2644","categorized-collection","按类型区分（4000词）","通用概念","效果","null","nʌl","adj. 等于零的；无效的；无价值的","Try using ""null"" in a sentence related to 万事万物 效果.","2644"
"2645","categorized-collection","按类型区分（4000词）","通用概念","效果","outcome","ˈaʊtkʌm","n. 结果；成果","Try using ""outcome"" in a sentence related to 万事万物 效果.","2645"
"2646","categorized-collection","按类型区分（4000词）","通用概念","效果","valid","ˈvælɪd","adj. 有效的；有根据的；正当的","Try using ""valid"" in a sentence related to 万事万物 效果.","2646"
"2647","categorized-collection","按类型区分（4000词）","通用概念","效果","effectual","ɪˈfektʃuəl","adj. 有效的；奏效的","Try using ""effectual"" in a sentence related to 万事万物 效果.","2647"
"2648","categorized-collection","按类型区分（4000词）","通用概念","效果","void","vɔɪd","adj. 空的；缺乏的；无效的 n. 空白；空虚 v. 取消；使无效","Try using ""void"" in a sentence related to 万事万物 效果.","2648"
"2649","categorized-collection","按类型区分（4000词）","通用概念","因果","account","əˈkaʊnt","n. 账户；叙述；账目 v. 说明；占…","Try using ""account"" in a sentence related to 万事万物 因果.","2649"
"2650","categorized-collection","按类型区分（4000词）","通用概念","因果","attribute","əˈtrɪbjuːt","v. 由…引起；把…归因于；认为是…创作的 n. 属性；品质；特征；定语","Try using ""attribute"" in a sentence related to 万事万物 因果.","2650"
"2651","categorized-collection","按类型区分（4000词）","通用概念","因果","cause","kɔːz","n. 原因；理由；理想；事业 v. 导致；引起","Try using ""cause"" in a sentence related to 万事万物 因果.","2651"
"2652","categorized-collection","按类型区分（4000词）","通用概念","因果","impute","ɪmˈpjuːt","v. 归罪于；归咎于","Try using ""impute"" in a sentence related to 万事万物 因果.","2652"
"2653","categorized-collection","按类型区分（4000词）","通用概念","因果","reason","ˈriːz(ə)n","n. 原因；理由；理性 v. 推理；推断；讲道理；思考","Try using ""reason"" in a sentence related to 万事万物 因果.","2653"
"2654","categorized-collection","按类型区分（4000词）","通用概念","因果","contribute","kənˈtrɪbjuːt","v. 捐献；投稿；贡献；促成","Try using ""contribute"" in a sentence related to 万事万物 因果.","2654"
"2655","categorized-collection","按类型区分（4000词）","通用概念","因果","consequence","ˈkɒnsɪkwəns","n. 后果；结果","Try using ""consequence"" in a sentence related to 万事万物 因果.","2655"
"2656","categorized-collection","按类型区分（4000词）","通用概念","因果","result","rɪˈzʌlt","n. 结果；成果；比分 v. 由于；导致","Try using ""result"" in a sentence related to 万事万物 因果.","2656"
"2657","categorized-collection","按类型区分（4000词）","通用概念","因果","effect","ɪˈfekt","n. 影响；作用；效果；效应 v. 引起；实现；使生效","Try using ""effect"" in a sentence related to 万事万物 因果.","2657"
"2658","categorized-collection","按类型区分（4000词）","通用概念","因果","corollary","kəˈrɒləri","n. 必然的结果（或结论）；推论","Try using ""corollary"" in a sentence related to 万事万物 因果.","2658"
"2659","categorized-collection","按类型区分（4000词）","通用概念","因果","credit","ˈkredɪt","n. 赞扬；荣誉；赊账；信用；贷款；学分 v. 相信；给银行账户上存钱","Try using ""credit"" in a sentence related to 万事万物 因果.","2659"
"2660","categorized-collection","按类型区分（4000词）","通用概念","因果","ascribe","əˈskraɪb","v. 把…归因于","Try using ""ascribe"" in a sentence related to 万事万物 因果.","2660"
"2661","categorized-collection","按类型区分（4000词）","通用概念","因果","accredit","əˈkredɪt","v. 归于；委托；授权；信任","Try using ""accredit"" in a sentence related to 万事万物 因果.","2661"
"2662","categorized-collection","按类型区分（4000词）","通用概念","整体与局部","aspect","ˈæspekt","n. 方面；模样；朝向","Try using ""aspect"" in a sentence related to 万事万物 整体与局部.","2662"
"2663","categorized-collection","按类型区分（4000词）","通用概念","整体与局部","component","kəmˈpəʊnənt","n. 成分；部分；零件 adj. 组成的；构成的","Try using ""component"" in a sentence related to 万事万物 整体与局部.","2663"
"2664","categorized-collection","按类型区分（4000词）","通用概念","整体与局部","facet","ˈfæsɪt","n. 小平面；一个方面","Try using ""facet"" in a sentence related to 万事万物 整体与局部.","2664"
"2665","categorized-collection","按类型区分（4000词）","通用概念","整体与局部","fraction","ˈfrækʃ(ə)n","n. 小部分；分数","Try using ""fraction"" in a sentence related to 万事万物 整体与局部.","2665"
"2666","categorized-collection","按类型区分（4000词）","通用概念","整体与局部","integral","ˈɪntɪɡrəl","adj. 不可或缺的；完整的；积分的 n. 积分；整体","Try using ""integral"" in a sentence related to 万事万物 整体与局部.","2666"
"2667","categorized-collection","按类型区分（4000词）","通用概念","整体与局部","integrate","ˈɪntɪɡreɪt","v. （使）合并；（使）融入；积分","Try using ""integrate"" in a sentence related to 万事万物 整体与局部.","2667"
"2668","categorized-collection","按类型区分（4000词）","通用概念","整体与局部","integrity","ɪnˈteɡrəti","n. 完整；正直；诚实","Try using ""integrity"" in a sentence related to 万事万物 整体与局部.","2668"
"2669","categorized-collection","按类型区分（4000词）","通用概念","整体与局部","overall","ˌəʊvərˈɔːl","adv. 全部；总计；大致上 n. （工作时穿的）罩衣 adj. 总的；全面的；总体的","Try using ""overall"" in a sentence related to 万事万物 整体与局部.","2669"
"2670","categorized-collection","按类型区分（4000词）","通用概念","整体与局部","partial","ˈpɑːʃ(ə)l","adj. 部分的；偏袒的；有偏见的","Try using ""partial"" in a sentence related to 万事万物 整体与局部.","2670"
"2671","categorized-collection","按类型区分（4000词）","通用概念","整体与局部","partially","ˈpɑːʃəli","adv. 部分地；在某种程度上；局部地","Try using ""partially"" in a sentence related to 万事万物 整体与局部.","2671"
"2672","categorized-collection","按类型区分（4000词）","通用概念","整体与局部","portion","ˈpɔːʃ(ə)n","n. 部分；一份 v. 分配；把…分成份额","Try using ""portion"" in a sentence related to 万事万物 整体与局部.","2672"
"2673","categorized-collection","按类型区分（4000词）","通用概念","整体与局部","respect","rɪˈspekt","v. 尊重；尊敬；遵从 n. 尊重；尊敬；方面","Try using ""respect"" in a sentence related to 万事万物 整体与局部.","2673"
"2674","categorized-collection","按类型区分（4000词）","通用概念","整体与局部","segment","ˈseɡmənt","n. 部分；片段 v. 分割","Try using ""segment"" in a sentence related to 万事万物 整体与局部.","2674"
"2675","categorized-collection","按类型区分（4000词）","通用概念","整体与局部","system","ˈsɪstəm","n. 系统；体系","Try using ""system"" in a sentence related to 万事万物 整体与局部.","2675"
"2676","categorized-collection","按类型区分（4000词）","通用概念","整体与局部","systematic","ˌsɪstəˈmætɪk","adj. 成体系的；系统的；有条理的","Try using ""systematic"" in a sentence related to 万事万物 整体与局部.","2676"
"2677","categorized-collection","按类型区分（4000词）","通用概念","整体与局部","fragment","ˈfræɡmənt","n. 碎片；断片；片段 v. （使）成碎片；（使）分裂","Try using ""fragment"" in a sentence related to 万事万物 整体与局部.","2677"
"2678","categorized-collection","按类型区分（4000词）","通用概念","整体与局部","constituent","kənˈstɪtʃuənt","n. 成分；要素；选区内的选民 adj. 组成的；构成的","Try using ""constituent"" in a sentence related to 万事万物 整体与局部.","2678"
"2679","categorized-collection","按类型区分（4000词）","通用概念","整体与局部","section","ˈsekʃ(ə)n","n. 部分；部门；章节","Try using ""section"" in a sentence related to 万事万物 整体与局部.","2679"
"2680","categorized-collection","按类型区分（4000词）","通用概念","整体与局部","holistic","həˈlɪstɪk","adj. 整体论的；整体主义的","Try using ""holistic"" in a sentence related to 万事万物 整体与局部.","2680"
"2681","categorized-collection","按类型区分（4000词）","通用概念","整体与局部","integrant","/ˈɪntɪɡrənt/","adj. （部分）组成整体的; n. 组成部分","Try using ""integrant"" in a sentence related to 万事万物 整体与局部.","2681"
"2682","categorized-collection","按类型区分（4000词）","心理","傲慢","arrogance","ˈærəɡəns","n. 傲慢；自大","Try using ""arrogance"" in a sentence related to 心理 傲慢.","2682"
"2683","categorized-collection","按类型区分（4000词）","心理","傲慢","arrogant","ˈærəɡənt","adj. 傲慢的；自大的","Try using ""arrogant"" in a sentence related to 心理 傲慢.","2683"
"2684","categorized-collection","按类型区分（4000词）","心理","傲慢","contemptuous","kənˈtemptʃuəs","adj. 轻蔑的；瞧不起的","Try using ""contemptuous"" in a sentence related to 心理 傲慢.","2684"
"2685","categorized-collection","按类型区分（4000词）","心理","傲慢","domineering","ˌdɒmɪˈnɪərɪŋ","adj. 专横的；盛气凌人的","Try using ""domineering"" in a sentence related to 心理 傲慢.","2685"
"2686","categorized-collection","按类型区分（4000词）","心理","傲慢","haughty","ˈhɔːti","adj. 傲慢的；高傲自大的","Try using ""haughty"" in a sentence related to 心理 傲慢.","2686"
"2687","categorized-collection","按类型区分（4000词）","心理","傲慢","insolent","ˈɪnsələnt","adj. 傲慢的；无礼的；侮慢的","Try using ""insolent"" in a sentence related to 心理 傲慢.","2687"
"2688","categorized-collection","按类型区分（4000词）","心理","傲慢","overbearing","ˌəʊvəˈbeərɪŋ","adj. 专横的；傲慢的","Try using ""overbearing"" in a sentence related to 心理 傲慢.","2688"
"2689","categorized-collection","按类型区分（4000词）","心理","傲慢","partial","ˈpɑːʃ(ə)l","adj. 部分的；偏袒的；有偏见的","Try using ""partial"" in a sentence related to 心理 傲慢.","2689"
"2690","categorized-collection","按类型区分（4000词）","心理","傲慢","presumptuous","prɪˈzʌmptʃuəs","adj. 放肆的；冒昧的；自以为是的","Try using ""presumptuous"" in a sentence related to 心理 傲慢.","2690"
"2691","categorized-collection","按类型区分（4000词）","心理","傲慢","egotism","ˈiːɡətɪzm","n. 自我主义；利己主义","Try using ""egotism"" in a sentence related to 心理 傲慢.","2691"
"2692","categorized-collection","按类型区分（4000词）","心理","傲慢","overconfidence","ˌəʊvəˈkɒnfɪdəns","n. 自负；过分相信","Try using ""overconfidence"" in a sentence related to 心理 傲慢.","2692"
"2693","categorized-collection","按类型区分（4000词）","心理","傲慢","self-importance","ˌselfɪmˈpɔːtns","n. 自负；自尊；自大","Try using ""self-importance"" in a sentence related to 心理 傲慢.","2693"
"2694","categorized-collection","按类型区分（4000词）","心理","傲慢","conceited","kənˈsiːtɪd","adj. 自负的；骄傲自大的","Try using ""conceited"" in a sentence related to 心理 傲慢.","2694"
"2695","categorized-collection","按类型区分（4000词）","心理","傲慢","impudent","ˈɪmpjədənt","adj. 鲁莽的；厚颜的；冒失的；放肆无礼的","Try using ""impudent"" in a sentence related to 心理 傲慢.","2695"
"2696","categorized-collection","按类型区分（4000词）","心理","傲慢","audacious","ɔːˈdeɪʃəs","adj. 大胆的；鲁莽的；大胆创新的","Try using ""audacious"" in a sentence related to 心理 傲慢.","2696"
"2697","categorized-collection","按类型区分（4000词）","心理","悲伤","deplore","dɪˈplɔː(r)","v. 谴责；强烈反对；悲叹","Try using ""deplore"" in a sentence related to 心理 悲伤.","2697"
"2698","categorized-collection","按类型区分（4000词）","心理","悲伤","distressed","dɪˈstrest","adj. 烦恼的；痛苦的；贫困的；故意磨损而仿古 v. 使悲痛；使穷困；使忧伤；“distress”的过去式和过去分词","Try using ""distressed"" in a sentence related to 心理 悲伤.","2698"
"2699","categorized-collection","按类型区分（4000词）","心理","悲伤","doleful","ˈdəʊlf(ə)l","adj. 悲哀的；忧愁的；阴沉的","Try using ""doleful"" in a sentence related to 心理 悲伤.","2699"
"2700","categorized-collection","按类型区分（4000词）","心理","悲伤","gloom","ɡluːm","n. 黑暗；忧郁；幽暗 v. 变阴暗；变忧郁","Try using ""gloom"" in a sentence related to 心理 悲伤.","2700"
"2701","categorized-collection","按类型区分（4000词）","心理","悲伤","grieve","ɡriːv","v. 伤心；悲痛；使悲痛；使伤心","Try using ""grieve"" in a sentence related to 心理 悲伤.","2701"
"2702","categorized-collection","按类型区分（4000词）","心理","悲伤","grieved","ɡriːvd","adj. 伤心的; v. 悲伤（grieve 的过去式）","Try using ""grieved"" in a sentence related to 心理 悲伤.","2702"
"2703","categorized-collection","按类型区分（4000词）","心理","悲伤","lament","ləˈment","n. 悲叹；悼词；挽歌 v. 哀悼；惋惜；悲叹","Try using ""lament"" in a sentence related to 心理 悲伤.","2703"
"2704","categorized-collection","按类型区分（4000词）","心理","悲伤","miserable","ˈmɪzrəb(ə)l","adj. 悲惨的；可怜的","Try using ""miserable"" in a sentence related to 心理 悲伤.","2704"
"2705","categorized-collection","按类型区分（4000词）","心理","悲伤","misery","ˈmɪzəri","n. 痛苦；悲惨","Try using ""misery"" in a sentence related to 心理 悲伤.","2705"
"2706","categorized-collection","按类型区分（4000词）","心理","悲伤","expensive","ɪkˈspensɪv","adj. 昂贵的","Try using ""expensive"" in a sentence related to 心理 悲伤.","2706"
"2707","categorized-collection","按类型区分（4000词）","心理","悲伤","sentimental","ˌsentɪˈment(ə)l","adj. 感伤的；感情的；多愁善感的","Try using ""sentimental"" in a sentence related to 心理 悲伤.","2707"
"2708","categorized-collection","按类型区分（4000词）","心理","悲伤","torment","ˈtɔːment","n. 痛苦；折磨；令人痛苦的东西 v. 折磨；使痛苦；烦扰；纠缠；戏弄","Try using ""torment"" in a sentence related to 心理 悲伤.","2708"
"2709","categorized-collection","按类型区分（4000词）","心理","悲伤","torturous","ˈtɔːtʃərəs","adj. 折磨人的；充满痛苦（或苦恼）的","Try using ""torturous"" in a sentence related to 心理 悲伤.","2709"
"2710","categorized-collection","按类型区分（4000词）","心理","悲伤","woeful","ˈwəʊf(ə)l","adj. 糟糕的；严重的；不合意的；悲惨的","Try using ""woeful"" in a sentence related to 心理 悲伤.","2710"
"2711","categorized-collection","按类型区分（4000词）","心理","悲伤","bewail","bɪˈweɪl","v. 哀悼；悲叹；痛哭","Try using ""bewail"" in a sentence related to 心理 悲伤.","2711"
"2712","categorized-collection","按类型区分（4000词）","心理","悲伤","bemoan","bɪˈməʊn","v. 悲悼；哀叹","Try using ""bemoan"" in a sentence related to 心理 悲伤.","2712"
"2713","categorized-collection","按类型区分（4000词）","心理","悲伤","depressed","dɪˈprest","adj. 抑郁的；沮丧的；萧条的；下陷的 v. 压下；降低；使沮丧；使不活泼；使萧条；“depress”的过去式和过去分词","Try using ""depressed"" in a sentence related to 心理 悲伤.","2713"
"2714","categorized-collection","按类型区分（4000词）","心理","悲伤","despondent","dɪˈspɒndənt","adj. 沮丧的；泄气的；失望的","Try using ""despondent"" in a sentence related to 心理 悲伤.","2714"
"2715","categorized-collection","按类型区分（4000词）","心理","悲伤","dismal","ˈdɪzməl","adj. 阴沉的；抑郁的；沮丧的","Try using ""dismal"" in a sentence related to 心理 悲伤.","2715"
"2716","categorized-collection","按类型区分（4000词）","心理","悲伤","anguish","ˈæŋɡwɪʃ","n. （身体或精神的）极度痛苦","Try using ""anguish"" in a sentence related to 心理 悲伤.","2716"
"2717","categorized-collection","按类型区分（4000词）","心理","悲伤","agony","ˈæɡəni","n. 极度痛苦","Try using ""agony"" in a sentence related to 心理 悲伤.","2717"
"2718","categorized-collection","按类型区分（4000词）","心理","冲动","impetuous","ɪmˈpetʃuəs","adj. 鲁莽的；冲动的","Try using ""impetuous"" in a sentence related to 心理 冲动.","2718"
"2719","categorized-collection","按类型区分（4000词）","心理","冲动","impulse","ˈɪmpʌls","n. 冲动；脉冲；冲动力","Try using ""impulse"" in a sentence related to 心理 冲动.","2719"
"2720","categorized-collection","按类型区分（4000词）","心理","冲动","impulsive","ɪmˈpʌlsɪv","adj. 凭冲动行事的；易冲动的","Try using ""impulsive"" in a sentence related to 心理 冲动.","2720"
"2721","categorized-collection","按类型区分（4000词）","心理","冲动","incentive","ɪnˈsentɪv","n. 刺激；诱因；动机","Try using ""incentive"" in a sentence related to 心理 冲动.","2721"
"2722","categorized-collection","按类型区分（4000词）","心理","冲动","motivation","ˌməʊtɪˈveɪʃ(ə)n","n. 动机；动力","Try using ""motivation"" in a sentence related to 心理 冲动.","2722"
"2723","categorized-collection","按类型区分（4000词）","心理","冲动","urge","ɜːdʒ","v. 催促；力劝 n. 强烈欲望；迫切要求","Try using ""urge"" in a sentence related to 心理 冲动.","2723"
"2724","categorized-collection","按类型区分（4000词）","心理","冲动","hotheaded","ˈhɒtˈhedɪd","adj. 易怒的；性急的；易激动的","Try using ""hotheaded"" in a sentence related to 心理 冲动.","2724"
"2725","categorized-collection","按类型区分（4000词）","心理","恶意","cruel","ˈkruːəl","adj. 残酷的；冷酷的","Try using ""cruel"" in a sentence related to 心理 恶意.","2725"
"2726","categorized-collection","按类型区分（4000词）","心理","恶意","ferocious","fəˈrəʊʃəs","adj. 凶猛的；凶恶的；强烈的","Try using ""ferocious"" in a sentence related to 心理 恶意.","2726"
"2727","categorized-collection","按类型区分（4000词）","心理","恶意","malevolent","məˈlevələnt","adj. 有恶意的；恶毒的","Try using ""malevolent"" in a sentence related to 心理 恶意.","2727"
"2728","categorized-collection","按类型区分（4000词）","心理","恶意","malice","ˈmælɪs","n. 恶意；怨恨；蓄意","Try using ""malice"" in a sentence related to 心理 恶意.","2728"
"2729","categorized-collection","按类型区分（4000词）","心理","恶意","malicious","məˈlɪʃəs","adj. 怀恶意的；恶毒的","Try using ""malicious"" in a sentence related to 心理 恶意.","2729"
"2730","categorized-collection","按类型区分（4000词）","心理","恶意","sinister","ˈsɪnɪstə(r)","adj. 邪恶的；险恶的；不祥的","Try using ""sinister"" in a sentence related to 心理 恶意.","2730"
"2731","categorized-collection","按类型区分（4000词）","心理","恶意","malevolence","məˈlevələns","n. 恶意，怨恨；狠毒","Try using ""malevolence"" in a sentence related to 心理 恶意.","2731"
"2732","categorized-collection","按类型区分（4000词）","心理","恶意","malignity","məˈlɪnɪti","n. 恶意；怨恨；狠毒","Try using ""malignity"" in a sentence related to 心理 恶意.","2732"
"2733","categorized-collection","按类型区分（4000词）","心理","恶意","vicious","ˈvɪʃəs","adj. 邪恶的；恶毒的；堕落的","Try using ""vicious"" in a sentence related to 心理 恶意.","2733"
"2734","categorized-collection","按类型区分（4000词）","心理","恶意","hostility","hɒˈstɪləti","n. 敌意；敌对；对抗","Try using ""hostility"" in a sentence related to 心理 恶意.","2734"
"2735","categorized-collection","按类型区分（4000词）","心理","恶意","vindictive","vɪnˈdɪktɪv","adj. 想复仇的；报复性的；怀恨的","Try using ""vindictive"" in a sentence related to 心理 恶意.","2735"
"2736","categorized-collection","按类型区分（4000词）","心理","恶意","callous","ˈkæləs","adj. 铁石心肠的；无情的；起老茧的","Try using ""callous"" in a sentence related to 心理 恶意.","2736"
"2737","categorized-collection","按类型区分（4000词）","心理","烦躁","boredom","ˈbɔːdəm","n. 无聊；厌倦；厌烦","Try using ""boredom"" in a sentence related to 心理 烦躁.","2737"
"2738","categorized-collection","按类型区分（4000词）","心理","烦躁","boring","ˈbɔːrɪŋ","adj. 无聊的；令人厌倦的 v. 开凿；钻孔；使厌烦； “bore”的现在分词","Try using ""boring"" in a sentence related to 心理 烦躁.","2738"
"2739","categorized-collection","按类型区分（4000词）","心理","烦躁","bothersome","ˈbɒðəsəm","adj. 令人厌烦的；令人烦恼的","Try using ""bothersome"" in a sentence related to 心理 烦躁.","2739"
"2740","categorized-collection","按类型区分（4000词）","心理","烦躁","chafe","tʃeɪf","v. 摩擦；擦痛；惹怒 n. 擦伤；激怒","Try using ""chafe"" in a sentence related to 心理 烦躁.","2740"
"2741","categorized-collection","按类型区分（4000词）","心理","烦躁","derange","dɪˈreɪndʒ","v. 扰乱；使发狂","Try using ""derange"" in a sentence related to 心理 烦躁.","2741"
"2742","categorized-collection","按类型区分（4000词）","心理","烦躁","disarrange","ˌdɪsəˈreɪndʒ","v. 使紊乱；使混乱；弄乱","Try using ""disarrange"" in a sentence related to 心理 烦躁.","2742"
"2743","categorized-collection","按类型区分（4000词）","心理","烦躁","harass","ˈhærəs","v. 骚扰；烦扰；屡次侵扰","Try using ""harass"" in a sentence related to 心理 烦躁.","2743"
"2744","categorized-collection","按类型区分（4000词）","心理","烦躁","impatient","ɪmˈpeɪʃ(ə)nt","adj. 不耐烦的；焦急的","Try using ""impatient"" in a sentence related to 心理 烦躁.","2744"
"2745","categorized-collection","按类型区分（4000词）","心理","烦躁","intrude","ɪnˈtruːd","v. 闯入；打扰；强使","Try using ""intrude"" in a sentence related to 心理 烦躁.","2745"
"2746","categorized-collection","按类型区分（4000词）","心理","烦躁","sicken","ˈsɪkən","v. 患病；恶心；（使）厌倦","Try using ""sicken"" in a sentence related to 心理 烦躁.","2746"
"2747","categorized-collection","按类型区分（4000词）","心理","烦躁","tedious","ˈtiːdiəs","adj. 冗长的；沉闷的","Try using ""tedious"" in a sentence related to 心理 烦躁.","2747"
"2748","categorized-collection","按类型区分（4000词）","心理","烦躁","vex","veks","v. 使恼火；使烦恼","Try using ""vex"" in a sentence related to 心理 烦躁.","2748"
"2749","categorized-collection","按类型区分（4000词）","心理","烦躁","fret","fret","v. 烦躁不安；苦恼","Try using ""fret"" in a sentence related to 心理 烦躁.","2749"
"2750","categorized-collection","按类型区分（4000词）","心理","烦躁","annoyance","əˈnɔɪəns","n. 烦恼；可厌之事","Try using ""annoyance"" in a sentence related to 心理 烦躁.","2750"
"2751","categorized-collection","按类型区分（4000词）","心理","烦躁","nettlesome","ˈnet(ə)lsəm","adj. 易怒的；烦人的","Try using ""nettlesome"" in a sentence related to 心理 烦躁.","2751"
"2752","categorized-collection","按类型区分（4000词）","心理","愤怒","enrage","ɪnˈreɪdʒ","v. 激怒；使暴怒","Try using ""enrage"" in a sentence related to 心理 愤怒.","2752"
"2753","categorized-collection","按类型区分（4000词）","心理","愤怒","exasperate","ɪɡˈzɑːspəreɪt","v. 使恼怒；使加剧","Try using ""exasperate"" in a sentence related to 心理 愤怒.","2753"
"2754","categorized-collection","按类型区分（4000词）","心理","愤怒","furious","ˈfjʊəriəs","adj. 狂怒的；暴怒的；激烈的","Try using ""furious"" in a sentence related to 心理 愤怒.","2754"
"2755","categorized-collection","按类型区分（4000词）","心理","愤怒","fury","ˈfjʊəri","n. 狂怒；狂暴；暴怒","Try using ""fury"" in a sentence related to 心理 愤怒.","2755"
"2756","categorized-collection","按类型区分（4000词）","心理","愤怒","grouchy","ˈɡraʊtʃi","adj. 爱发牢骚的；脾气坏的；不悦的； 愠怒的","Try using ""grouchy"" in a sentence related to 心理 愤怒.","2756"
"2757","categorized-collection","按类型区分（4000词）","心理","愤怒","incense","ˈɪnsens","n. 熏香；熏香的烟 v. 使愤怒；激怒","Try using ""incense"" in a sentence related to 心理 愤怒.","2757"
"2758","categorized-collection","按类型区分（4000词）","心理","愤怒","indignant","ɪnˈdɪɡnənt","adj. 愤慨的；义愤的","Try using ""indignant"" in a sentence related to 心理 愤怒.","2758"
"2759","categorized-collection","按类型区分（4000词）","心理","愤怒","outrage","ˈaʊtreɪdʒ","n. 暴行；愤怒；愤慨 v. 激怒；使震怒","Try using ""outrage"" in a sentence related to 心理 愤怒.","2759"
"2760","categorized-collection","按类型区分（4000词）","心理","愤怒","passionate","ˈpæʃənət","adj. 热情的；充满热情的","Try using ""passionate"" in a sentence related to 心理 愤怒.","2760"
"2761","categorized-collection","按类型区分（4000词）","心理","愤怒","provoke","prəˈvəʊk","v. 激怒；挑衅","Try using ""provoke"" in a sentence related to 心理 愤怒.","2761"
"2762","categorized-collection","按类型区分（4000词）","心理","愤怒","rage","reɪdʒ","n. 盛怒；风靡一时 v. 发怒；怒斥；（战斗、争论）激烈进行；（暴风雨）肆虐","Try using ""rage"" in a sentence related to 心理 愤怒.","2762"
"2763","categorized-collection","按类型区分（4000词）","心理","愤怒","indignation","ˌɪndɪɡˈneɪʃ(ə)n","n. 愤怒；愤慨；义愤","Try using ""indignation"" in a sentence related to 心理 愤怒.","2763"
"2764","categorized-collection","按类型区分（4000词）","心理","愤怒","vehement","ˈviːəmənt","adj. （感情）强烈的；激烈的","Try using ""vehement"" in a sentence related to 心理 愤怒.","2764"
"2765","categorized-collection","按类型区分（4000词）","心理","感觉","furious","ˈfjʊəriəs","adj. 狂怒的；暴怒的；激烈的","Try using ""furious"" in a sentence related to 心理 感觉.","2765"
"2766","categorized-collection","按类型区分（4000词）","心理","好奇","furious","ˈfjʊəriəs","adj. 狂怒的；暴怒的；激烈的","Try using ""furious"" in a sentence related to 心理 好奇.","2766"
"2767","categorized-collection","按类型区分（4000词）","心理","怀疑","fishy","ˈfɪʃi","adj. 鱼腥味的；靠不住的；可疑的","Try using ""fishy"" in a sentence related to 心理 怀疑.","2767"
"2768","categorized-collection","按类型区分（4000词）","心理","怀疑","doubt","daʊt","v. 怀疑；拿不准 n. 疑问；疑惑","Try using ""doubt"" in a sentence related to 心理 怀疑.","2768"
"2769","categorized-collection","按类型区分（4000词）","心理","怀疑","dubious","ˈdjuːbiəs","adj. 可疑的；怀疑的；拿不准的","Try using ""dubious"" in a sentence related to 心理 怀疑.","2769"
"2770","categorized-collection","按类型区分（4000词）","心理","怀疑","incredulity","ˌɪnkrəˈdjuːləti","n. 不信任；不轻信；怀疑","Try using ""incredulity"" in a sentence related to 心理 怀疑.","2770"
"2771","categorized-collection","按类型区分（4000词）","心理","怀疑","poise","pɔɪz","n. 平衡；姿态；镇静 v. 使平衡；保持（某种姿势）","Try using ""poise"" in a sentence related to 心理 怀疑.","2771"
"2772","categorized-collection","按类型区分（4000词）","心理","怀疑","skeptical","ˈskeptɪk(ə)l","adj. 怀疑的","Try using ""skeptical"" in a sentence related to 心理 怀疑.","2772"
"2773","categorized-collection","按类型区分（4000词）","心理","怀疑","suspect","səˈspekt","v. 猜想；怀疑 n. 嫌疑犯 adj. 令人怀疑的；不可信的","Try using ""suspect"" in a sentence related to 心理 怀疑.","2773"
"2774","categorized-collection","按类型区分（4000词）","心理","怀疑","suspicion","səˈspɪʃ(ə)n","n. 怀疑；猜疑","Try using ""suspicion"" in a sentence related to 心理 怀疑.","2774"
"2775","categorized-collection","按类型区分（4000词）","心理","怀疑","distrust","dɪsˈtrʌst","n. 怀疑；不信任 v. 怀疑；不信任","Try using ""distrust"" in a sentence related to 心理 怀疑.","2775"
"2776","categorized-collection","按类型区分（4000词）","心理","怀疑","disbelief","ˌdɪsbɪˈliːf","n. 不信；怀疑","Try using ""disbelief"" in a sentence related to 心理 怀疑.","2776"
"2777","categorized-collection","按类型区分（4000词）","心理","焦急","furious","ˈfjʊəriəs","adj. 狂怒的；暴怒的；激烈的","Try using ""furious"" in a sentence related to 心理 焦急.","2777"
"2778","categorized-collection","按类型区分（4000词）","心理","焦急","disquiet","dɪsˈkwaɪət","v. 使烦恼；使不安 n. 不安；忧虑；烦恼","Try using ""disquiet"" in a sentence related to 心理 焦急.","2778"
"2779","categorized-collection","按类型区分（4000词）","心理","惊讶","astonished","əˈstɒnɪʃt","adj. 惊讶的；大吃一惊的 v. 使惊讶；“astonish”的过去式和过去分词","Try using ""astonished"" in a sentence related to 心理 惊讶.","2779"
"2780","categorized-collection","按类型区分（4000词）","心理","惊讶","astonish","əˈstɒnɪʃ","v. 使惊讶","Try using ""astonish"" in a sentence related to 心理 惊讶.","2780"
"2781","categorized-collection","按类型区分（4000词）","心理","惊讶","astound","əˈstaʊnd","v. 使震惊；使大惊","Try using ""astound"" in a sentence related to 心理 惊讶.","2781"
"2782","categorized-collection","按类型区分（4000词）","心理","惊讶","breathtaking","ˈbreθteɪkɪŋ","adj. 惊人的；激动人心的；惊险的","Try using ""breathtaking"" in a sentence related to 心理 惊讶.","2782"
"2783","categorized-collection","按类型区分（4000词）","心理","惊讶","dismay","dɪsˈmeɪ","n. （因惊愕）沮丧；失望 v. 使惊愕、沮丧","Try using ""dismay"" in a sentence related to 心理 惊讶.","2783"
"2784","categorized-collection","按类型区分（4000词）","心理","惊讶","inconceivable","ˌɪnkənˈsiːvəb(ə)l","adj. 难以想象的；难以相信的","Try using ""inconceivable"" in a sentence related to 心理 惊讶.","2784"
"2785","categorized-collection","按类型区分（4000词）","心理","惊讶","incredible","ɪnˈkredəb(ə)l","adj. 难以置信的","Try using ""incredible"" in a sentence related to 心理 惊讶.","2785"
"2786","categorized-collection","按类型区分（4000词）","心理","惊讶","marvelous","ˈmɑːvələs","adj. 极好的；绝妙的；令人惊异的","Try using ""marvelous"" in a sentence related to 心理 惊讶.","2786"
"2787","categorized-collection","按类型区分（4000词）","心理","惊讶","petrify","ˈpetrɪfaɪ","v. 使石化；使僵化；吓呆","Try using ""petrify"" in a sentence related to 心理 惊讶.","2787"
"2788","categorized-collection","按类型区分（4000词）","心理","惊讶","scare","skeə(r)","n. 惊吓；惊恐 v. 惊吓；使害怕","Try using ""scare"" in a sentence related to 心理 惊讶.","2788"
"2789","categorized-collection","按类型区分（4000词）","心理","惊讶","startle","ˈstɑːt(ə)l","v. （使）惊动；（使）惊愕；（使）吃惊","Try using ""startle"" in a sentence related to 心理 惊讶.","2789"
"2790","categorized-collection","按类型区分（4000词）","心理","惊讶","striking","ˈstraɪkɪŋ","adj. 引人注目的；显著的 v. 打击；罢工；“strike”的现在分词","Try using ""striking"" in a sentence related to 心理 惊讶.","2790"
"2791","categorized-collection","按类型区分（4000词）","心理","惊讶","stun","stʌn","v. 使昏迷；使震惊","Try using ""stun"" in a sentence related to 心理 惊讶.","2791"
"2792","categorized-collection","按类型区分（4000词）","心理","惊讶","dumbfound","dʌmˈfaʊnd","v. 使说不出话来；使目瞪口呆","Try using ""dumbfound"" in a sentence related to 心理 惊讶.","2792"
"2793","categorized-collection","按类型区分（4000词）","心理","惊讶","overwhelm","ˌəʊvəˈwelm","v. 使不知所措；使无法解决；击败；压垮；淹没","Try using ""overwhelm"" in a sentence related to 心理 惊讶.","2793"
"2794","categorized-collection","按类型区分（4000词）","心理","惊讶","fabulous","ˈfæbjələs","adj. 难以置信的；寓言般的；巨大的；极好的","Try using ""fabulous"" in a sentence related to 心理 惊讶.","2794"
"2795","categorized-collection","按类型区分（4000词）","心理","惊讶","spectacular","spekˈtækjələ(r)","adj. 壮观的","Try using ""spectacular"" in a sentence related to 心理 惊讶.","2795"
"2796","categorized-collection","按类型区分（4000词）","心理","沮丧","cheerless","ˈtʃɪələs","adj. 不快乐的；忧郁的；阴暗的","Try using ""cheerless"" in a sentence related to 心理 沮丧.","2796"
"2797","categorized-collection","按类型区分（4000词）","心理","沮丧","dampen","ˈdæmpən","v. 使潮湿；使沮丧；抑制；减弱","Try using ""dampen"" in a sentence related to 心理 沮丧.","2797"
"2798","categorized-collection","按类型区分（4000词）","心理","沮丧","dejected","dɪˈdʒektɪd","adj. 沮丧的；低落的；垂头丧气的 v. 使…情绪低落；使沮丧；“deject”的过去式和过去分词","Try using ""dejected"" in a sentence related to 心理 沮丧.","2798"
"2799","categorized-collection","按类型区分（4000词）","心理","沮丧","depress","dɪˈpres","v. 压下；降低；使沮丧；使不活泼；使萧条","Try using ""depress"" in a sentence related to 心理 沮丧.","2799"
"2800","categorized-collection","按类型区分（4000词）","心理","沮丧","depression","dɪˈpreʃ(ə)n","n. 抑郁；沮丧；萧条；凹陷；洼地；低气压区","Try using ""depression"" in a sentence related to 心理 沮丧.","2800"
"2801","categorized-collection","按类型区分（4000词）","心理","沮丧","dismal","ˈdɪzməl","adj. 阴沉的；抑郁的；沮丧的","Try using ""dismal"" in a sentence related to 心理 沮丧.","2801"
"2802","categorized-collection","按类型区分（4000词）","心理","沮丧","downcast","ˈdaʊnkɑːst","adj. 向下的；沮丧的","Try using ""downcast"" in a sentence related to 心理 沮丧.","2802"
"2803","categorized-collection","按类型区分（4000词）","心理","沮丧","languid","ˈlæŋɡwɪd","adj. 无精打采的；疲倦无力的","Try using ""languid"" in a sentence related to 心理 沮丧.","2803"
"2804","categorized-collection","按类型区分（4000词）","心理","沮丧","prostrate","ˈprɒstreɪt","adj. 俯卧的；平卧的；给（悲伤等）压倒的 v. 使俯伏；使拜倒","Try using ""prostrate"" in a sentence related to 心理 沮丧.","2804"
"2805","categorized-collection","按类型区分（4000词）","心理","沮丧","gloomy","ˈɡluːmi","adj. 黑暗的；幽暗的；忧郁的；沮丧的","Try using ""gloomy"" in a sentence related to 心理 沮丧.","2805"
"2806","categorized-collection","按类型区分（4000词）","心理","沮丧","somber","ˈsɒmbə(r)","adj. 忧郁的；阴沉的；阴暗的","Try using ""somber"" in a sentence related to 心理 沮丧.","2806"
"2807","categorized-collection","按类型区分（4000词）","心理","沮丧","dispirit","dɪˈspɪrɪt","v. 使气馁；使沮丧","Try using ""dispirit"" in a sentence related to 心理 沮丧.","2807"
"2808","categorized-collection","按类型区分（4000词）","心理","沮丧","demoralize","dɪˈmɒrəlaɪz","v. 使士气低落；使失去斗志","Try using ""demoralize"" in a sentence related to 心理 沮丧.","2808"
"2809","categorized-collection","按类型区分（4000词）","心理","恐惧","cower","ˈkaʊə(r)","v. 畏缩；退缩；抖缩","Try using ""cower"" in a sentence related to 心理 恐惧.","2809"
"2810","categorized-collection","按类型区分（4000词）","心理","恐惧","dread","dred","v. 害怕；畏惧 n. 恐惧；畏惧","Try using ""dread"" in a sentence related to 心理 恐惧.","2810"
"2811","categorized-collection","按类型区分（4000词）","心理","恐惧","formidable","ˈfɔːmɪdəb(ə)l","adj. 可怕的；令人敬畏的；难以对付的","Try using ""formidable"" in a sentence related to 心理 恐惧.","2811"
"2812","categorized-collection","按类型区分（4000词）","心理","恐惧","fright","fraɪt","n. 惊吓；恐怖；惊骇","Try using ""fright"" in a sentence related to 心理 恐惧.","2812"
"2813","categorized-collection","按类型区分（4000词）","心理","恐惧","horror","ˈhɒrə(r)","n. 恐惧","Try using ""horror"" in a sentence related to 心理 恐惧.","2813"
"2814","categorized-collection","按类型区分（4000词）","心理","恐惧","intimidate","ɪnˈtɪmɪdeɪt","v. 胁迫；威胁；恐吓","Try using ""intimidate"" in a sentence related to 心理 恐惧.","2814"
"2815","categorized-collection","按类型区分（4000词）","心理","恐惧","menace","ˈmenəs","n. 威胁；恐吓；危险物 v. 威胁；恐吓","Try using ""menace"" in a sentence related to 心理 恐惧.","2815"
"2816","categorized-collection","按类型区分（4000词）","心理","恐惧","panic","ˈpænɪk","n. 恐慌；惊恐 v. 使…惊慌；感到恐慌","Try using ""panic"" in a sentence related to 心理 恐惧.","2816"
"2817","categorized-collection","按类型区分（4000词）","心理","恐惧","terrify","ˈterɪfaɪ","v. 使恐惧；使惊吓","Try using ""terrify"" in a sentence related to 心理 恐惧.","2817"
"2818","categorized-collection","按类型区分（4000词）","心理","恐惧","terror","ˈterə(r)","n. 恐怖；恐惧","Try using ""terror"" in a sentence related to 心理 恐惧.","2818"
"2819","categorized-collection","按类型区分（4000词）","心理","恐惧","funk","fʌŋk","n. 恐惧；怯懦；放克音乐 v. 害怕；畏缩","Try using ""funk"" in a sentence related to 心理 恐惧.","2819"
"2820","categorized-collection","按类型区分（4000词）","心理","恐惧","trepidation","ˌtrepɪˈdeɪʃ(ə)n","n. 惊恐；惶恐；战栗","Try using ""trepidation"" in a sentence related to 心理 恐惧.","2820"
"2821","categorized-collection","按类型区分（4000词）","心理","恐惧","xenophobic","ˌzenəˈfəʊbɪk","adj. 仇外的；排外的","Try using ""xenophobic"" in a sentence related to 心理 恐惧.","2821"
"2822","categorized-collection","按类型区分（4000词）","心理","恐惧","terrorize","ˈterəraɪz","v. 恐吓；恫吓；实施恐怖统治","Try using ""terrorize"" in a sentence related to 心理 恐惧.","2822"
"2823","categorized-collection","按类型区分（4000词）","心理","恐惧","threaten","ˈθret(ə)n","v. 威胁；恐吓","Try using ""threaten"" in a sentence related to 心理 恐惧.","2823"
"2824","categorized-collection","按类型区分（4000词）","心理","狂热","crazy","ˈkreɪzi","adj. 疯狂的；狂热的","Try using ""crazy"" in a sentence related to 心理 狂热.","2824"
"2825","categorized-collection","按类型区分（4000词）","心理","狂热","fanatic","fəˈnætɪk","adj. 狂热入迷的；盲信的 n. 狂热者；盲信者","Try using ""fanatic"" in a sentence related to 心理 狂热.","2825"
"2826","categorized-collection","按类型区分（4000词）","心理","狂热","fanaticism","fəˈnætɪsɪzəm","n. 狂热；盲从","Try using ""fanaticism"" in a sentence related to 心理 狂热.","2826"
"2827","categorized-collection","按类型区分（4000词）","心理","狂热","frenzy","ˈfrenzi","n. 狂乱；狂暴；狂怒 v. 使狂乱；使狂怒","Try using ""frenzy"" in a sentence related to 心理 狂热.","2827"
"2828","categorized-collection","按类型区分（4000词）","心理","狂热","insane","ɪnˈseɪn","adj. 疯狂的；精神失常的；精神错乱的","Try using ""insane"" in a sentence related to 心理 狂热.","2828"
"2829","categorized-collection","按类型区分（4000词）","心理","狂热","mania","ˈmeɪniə","n. 狂热； 癖好；躁狂症","Try using ""mania"" in a sentence related to 心理 狂热.","2829"
"2830","categorized-collection","按类型区分（4000词）","心理","狂热","radical","ˈrædɪk(ə)l","adj. 根本的；彻底的；激进的 n. 激进分子","Try using ""radical"" in a sentence related to 心理 狂热.","2830"
"2831","categorized-collection","按类型区分（4000词）","心理","狂热","furor","ˈfjʊərɔː","n. 狂热；狂怒；轰动","Try using ""furor"" in a sentence related to 心理 狂热.","2831"
"2832","categorized-collection","按类型区分（4000词）","心理","狂热","frenetic","frəˈnetɪk","adj. 发狂似的；狂乱的","Try using ""frenetic"" in a sentence related to 心理 狂热.","2832"
"2833","categorized-collection","按类型区分（4000词）","心理","狂热","zealotry","ˈzelətri","n. 狂热；狂热的行为","Try using ""zealotry"" in a sentence related to 心理 狂热.","2833"
"2834","categorized-collection","按类型区分（4000词）","心理","满意","content","ˈkɒntent","n. 内容；含量；目录 adj. 满足的 v. 使满意","Try using ""content"" in a sentence related to 心理 满意.","2834"
"2835","categorized-collection","按类型区分（4000词）","心理","满意","gratify","ˈɡrætɪfaɪ","v. 使满足；使高兴","Try using ""gratify"" in a sentence related to 心理 满意.","2835"
"2836","categorized-collection","按类型区分（4000词）","心理","满意","relieved","rɪˈliːvd","adj. 感到宽慰的；感到安心的 v. 减轻；缓解；“relieve”的过去式和过去分词","Try using ""relieved"" in a sentence related to 心理 满意.","2836"
"2837","categorized-collection","按类型区分（4000词）","心理","满意","satiate","ˈseɪʃieɪt","v. 使饱足；使厌腻；充分满足","Try using ""satiate"" in a sentence related to 心理 满意.","2837"
"2838","categorized-collection","按类型区分（4000词）","心理","满意","satisfactory","ˌsætɪsˈfæktəri","adj. 令人满意的","Try using ""satisfactory"" in a sentence related to 心理 满意.","2838"
"2839","categorized-collection","按类型区分（4000词）","心理","梦想","aspiration","ˌæspəˈreɪʃ(ə)n","n. 渴望；抱负；志向；吸气；送气音","Try using ""aspiration"" in a sentence related to 心理 梦想.","2839"
"2840","categorized-collection","按类型区分（4000词）","心理","梦想","aspire","əˈspaɪə(r)","v. 向往；渴望；追求；立志","Try using ""aspire"" in a sentence related to 心理 梦想.","2840"
"2841","categorized-collection","按类型区分（4000词）","心理","梦想","court","kɔːt","n. 法院；球场；宫廷 v. 求爱；献殷勤；招致","Try using ""court"" in a sentence related to 心理 梦想.","2841"
"2842","categorized-collection","按类型区分（4000词）","心理","梦想","crave","kreɪv","v. 渴望；热望；恳求","Try using ""crave"" in a sentence related to 心理 梦想.","2842"
"2843","categorized-collection","按类型区分（4000词）","心理","梦想","desirable","dɪˈzaɪərəb(ə)l","adj. 值得拥有的；令人渴望的；称心如意的","Try using ""desirable"" in a sentence related to 心理 梦想.","2843"
"2844","categorized-collection","按类型区分（4000词）","心理","梦想","desire","dɪˈzaɪə(r)","n. 欲望；渴望 v. 渴望；期望","Try using ""desire"" in a sentence related to 心理 梦想.","2844"
"2845","categorized-collection","按类型区分（4000词）","心理","梦想","desirous","dɪˈzaɪərəs","adj. 渴望的；想要的","Try using ""desirous"" in a sentence related to 心理 梦想.","2845"
"2846","categorized-collection","按类型区分（4000词）","心理","梦想","hunger","ˈhʌŋɡə(r)","n. 饥饿；渴求 v. 使饥饿；渴望","Try using ""hunger"" in a sentence related to 心理 梦想.","2846"
"2847","categorized-collection","按类型区分（4000词）","心理","梦想","long","lɒŋ","adj. 长的；长时间的 adv. 长久地；始终 n. 长时间；长期 v. 渴望；盼望","Try using ""long"" in a sentence related to 心理 梦想.","2847"
"2848","categorized-collection","按类型区分（4000词）","心理","梦想","solicitous","səˈlɪsɪtəs","adj. 关怀的；切望的；惦记的；悬虑的","Try using ""solicitous"" in a sentence related to 心理 梦想.","2848"
"2849","categorized-collection","按类型区分（4000词）","心理","梦想","ambition","æmˈbɪʃ(ə)n","n. 野心；雄心；抱负","Try using ""ambition"" in a sentence related to 心理 梦想.","2849"
"2850","categorized-collection","按类型区分（4000词）","心理","梦想","reverie","ˈrevəri","n. 幻想；白日梦","Try using ""reverie"" in a sentence related to 心理 梦想.","2850"
"2851","categorized-collection","按类型区分（4000词）","心理","情感","affection","əˈfekʃ(ə)n","n. 钟爱；喜爱","Try using ""affection"" in a sentence related to 心理 情感.","2851"
"2852","categorized-collection","按类型区分（4000词）","心理","情感","affectionate","əˈfekʃənət","adj. 挚爱的；有深厚感情的；充满深情的","Try using ""affectionate"" in a sentence related to 心理 情感.","2852"
"2853","categorized-collection","按类型区分（4000词）","心理","情感","cherish","ˈtʃerɪʃ","v. 珍爱；爱惜；怀念；怀有（感情）；抱有（希望）","Try using ""cherish"" in a sentence related to 心理 情感.","2853"
"2854","categorized-collection","按类型区分（4000词）","心理","情感","emotional","ɪˈməʊʃən(ə)l","adj. 感情的；情绪的","Try using ""emotional"" in a sentence related to 心理 情感.","2854"
"2855","categorized-collection","按类型区分（4000词）","心理","情感","emotive","ɪˈməʊtɪv","adj. 使感动的；感情的；动感情的","Try using ""emotive"" in a sentence related to 心理 情感.","2855"
"2856","categorized-collection","按类型区分（4000词）","心理","情感","impassive","ɪmˈpæsɪv","adj. 无感情的；冷漠的","Try using ""impassive"" in a sentence related to 心理 情感.","2856"
"2857","categorized-collection","按类型区分（4000词）","心理","情感","lovelorn","ˈlʌvlɔːn","adj. 失恋的；害相思病的","Try using ""lovelorn"" in a sentence related to 心理 情感.","2857"
"2858","categorized-collection","按类型区分（4000词）","心理","情感","nostalgia","nɒˈstældʒə","n. 怀恋；怀旧；乡愁","Try using ""nostalgia"" in a sentence related to 心理 情感.","2858"
"2859","categorized-collection","按类型区分（4000词）","心理","热情","passionate","ˈpæʃənət","adj. 热情的；充满热情的","Try using ""passionate"" in a sentence related to 心理 热情.","2859"
"2860","categorized-collection","按类型区分（4000词）","心理","热情","sentimental","ˌsentɪˈment(ə)l","adj. 感伤的；感情的；多愁善感的","Try using ""sentimental"" in a sentence related to 心理 热情.","2860"
"2861","categorized-collection","按类型区分（4000词）","心理","热情","touching","ˈtʌtʃɪŋ","adj. 感人的；动人的 prep. 关于；涉及 v. 触摸；接触；触动；“touch”的现在分词","Try using ""touching"" in a sentence related to 心理 热情.","2861"
"2862","categorized-collection","按类型区分（4000词）","心理","热情","apathy","ˈæpəθi","n. 冷淡；漠不关心","Try using ""apathy"" in a sentence related to 心理 热情.","2862"
"2863","categorized-collection","按类型区分（4000词）","心理","热情","indifferent","ɪnˈdɪfrənt","adj. 不感兴趣的，不关心的；（水平）一般的","Try using ""indifferent"" in a sentence related to 心理 热情.","2863"
"2864","categorized-collection","按类型区分（4000词）","心理","热情","enthusiastic","ɪnˌθjuːziˈæstɪk","adj. 充满热情的；热心的","Try using ""enthusiastic"" in a sentence related to 心理 热情.","2864"
"2865","categorized-collection","按类型区分（4000词）","心理","热情","zeal","ziːl","n. 热情；热忱","Try using ""zeal"" in a sentence related to 心理 热情.","2865"
"2866","categorized-collection","按类型区分（4000词）","心理","热情","zealous","ˈzeləs","adj. 热心的；热情的","Try using ""zealous"" in a sentence related to 心理 热情.","2866"
"2867","categorized-collection","按类型区分（4000词）","心理","热情","zest","zest","n. 兴致；热情；趣味；（用于调味的）柠檬皮；橙皮","Try using ""zest"" in a sentence related to 心理 热情.","2867"
"2868","categorized-collection","按类型区分（4000词）","心理","热情","ardent","ˈɑːd(ə)nt","adj. 热心的；热情的","Try using ""ardent"" in a sentence related to 心理 热情.","2868"
"2869","categorized-collection","按类型区分（4000词）","心理","热情","ardor","ˈɑːdə(r)","n. 激情；热情","Try using ""ardor"" in a sentence related to 心理 热情.","2869"
"2870","categorized-collection","按类型区分（4000词）","心理","热情","devoted","dɪˈvəʊtɪd","adj. 投入的；忠实的；深爱的；全心全意的 v. 投入；献身；“devote”的过去式和过去分词","Try using ""devoted"" in a sentence related to 心理 热情.","2870"
"2871","categorized-collection","按类型区分（4000词）","心理","热情","enthusiasm","ɪnˈθjuːziæzəm","n. 热情；热心；热诚","Try using ""enthusiasm"" in a sentence related to 心理 热情.","2871"
"2872","categorized-collection","按类型区分（4000词）","心理","热情","hail","heɪl","n. 冰雹 v. 下冰雹；呼喊；欢呼；把…誉为","Try using ""hail"" in a sentence related to 心理 热情.","2872"
"2873","categorized-collection","按类型区分（4000词）","心理","热情","hospitable","hɒˈspɪtəb(ə)l","adj. 好客的；热情友好的；殷勤的；（气候、环境等）适宜的","Try using ""hospitable"" in a sentence related to 心理 热情.","2873"
"2874","categorized-collection","按类型区分（4000词）","心理","热情","impassioned","ɪmˈpæʃ(ə)nd","adj. 慷慨激昂的；热烈的 v. 激起热情；使激动；“impassion”的过去式和过去分词","Try using ""impassioned"" in a sentence related to 心理 热情.","2874"
"2875","categorized-collection","按类型区分（4000词）","心理","热情","fervor","ˈfɜːvə(r)","n. 热情；热忱；激情","Try using ""fervor"" in a sentence related to 心理 热情.","2875"
"2876","categorized-collection","按类型区分（4000词）","心理","热情","fervent","ˈfɜːvənt","adj. 热烈的；强烈的；热情的","Try using ""fervent"" in a sentence related to 心理 热情.","2876"
"2877","categorized-collection","按类型区分（4000词）","心理","热情","dedication","ˌdedɪˈkeɪʃ(ə)n","n. 献身；奉献；献词","Try using ""dedication"" in a sentence related to 心理 热情.","2877"
"2878","categorized-collection","按类型区分（4000词）","心理","热情","cordial","ˈkɔːdiəl","adj. 热诚的；友好的 n. 甜露酒","Try using ""cordial"" in a sentence related to 心理 热情.","2878"
"2879","categorized-collection","按类型区分（4000词）","心理","态度","begrudge","bɪˈɡrʌdʒ","v. 嫉妒；羡慕；不乐意地做（或付出）","Try using ""begrudge"" in a sentence related to 心理 态度.","2879"
"2880","categorized-collection","按类型区分（4000词）","心理","态度","contrite","kənˈtraɪt","adj. 深感懊悔的；痛悔的；悔悟的","Try using ""contrite"" in a sentence related to 心理 态度.","2880"
"2881","categorized-collection","按类型区分（4000词）","心理","态度","desperate","ˈdespərət","adj. 绝望的；不顾一切的；拼命的；极度渴望的","Try using ""desperate"" in a sentence related to 心理 态度.","2881"
"2882","categorized-collection","按类型区分（4000词）","心理","态度","flatter","ˈflætə(r)","v. 奉承；讨好 adj. 更平坦的；更扁平的；“flat”的比较级 adv. 更平直地；更直截了当地；“flat”的比较级","Try using ""flatter"" in a sentence related to 心理 态度.","2882"
"2883","categorized-collection","按类型区分（4000词）","心理","态度","forlorn","fəˈlɔːn","adj. 绝望的；孤立无助的；被弃置的","Try using ""forlorn"" in a sentence related to 心理 态度.","2883"
"2884","categorized-collection","按类型区分（4000词）","心理","态度","indifferent","ɪnˈdɪfrənt","adj. 不感兴趣的，不关心的；（水平）一般的","Try using ""indifferent"" in a sentence related to 心理 态度.","2884"
"2885","categorized-collection","按类型区分（4000词）","心理","态度","jealous","ˈdʒeləs","adj. 妒忌的；嫉妒的","Try using ""jealous"" in a sentence related to 心理 态度.","2885"
"2886","categorized-collection","按类型区分（4000词）","心理","态度","profane","prəˈfeɪn","adj. 亵渎的；不敬神的；世俗的 v. 亵渎神灵；亵圣","Try using ""profane"" in a sentence related to 心理 态度.","2886"
"2887","categorized-collection","按类型区分（4000词）","心理","犹豫","demur","dɪˈmɜː(r)","v. 提出异议；表示反对 n. 异议；反对","Try using ""demur"" in a sentence related to 心理 犹豫.","2887"
"2888","categorized-collection","按类型区分（4000词）","心理","犹豫","scruple","ˈskruːp(ə)l","n. 顾虑；顾忌；踌躇 v. 顾虑；有顾忌","Try using ""scruple"" in a sentence related to 心理 犹豫.","2888"
"2889","categorized-collection","按类型区分（4000词）","心理","犹豫","flounder","ˈflaʊndə(r)","v. 挣扎；深陷困境 n. 比目鱼","Try using ""flounder"" in a sentence related to 心理 犹豫.","2889"
"2890","categorized-collection","按类型区分（4000词）","心理","犹豫","hesitate","ˈhezɪteɪt","v. 犹豫；踌躇","Try using ""hesitate"" in a sentence related to 心理 犹豫.","2890"
"2891","categorized-collection","按类型区分（4000词）","心理","犹豫","indecision","ˌɪndɪˈsɪʒ(ə)n","n. 优柔寡断；犹豫不决","Try using ""indecision"" in a sentence related to 心理 犹豫.","2891"
"2892","categorized-collection","按类型区分（4000词）","心理","犹豫","vacillate","ˈvæsəleɪt","v. 游移不定；踌躇；犹豫","Try using ""vacillate"" in a sentence related to 心理 犹豫.","2892"
"2893","categorized-collection","按类型区分（4000词）","心理","犹豫","waver","ˈweɪvə(r)","v. 摇摆；动摇；犹豫 n. 动摇；犹豫","Try using ""waver"" in a sentence related to 心理 犹豫.","2893"
"2894","categorized-collection","按类型区分（4000词）","心理","犹豫","irresolute","ɪˈrezəluːt","adj. 无决断的；犹豫不决的","Try using ""irresolute"" in a sentence related to 心理 犹豫.","2894"
"2895","categorized-collection","按类型区分（4000词）","心理","犹豫","faltering","ˈfɔːltərɪŋ","adj. 蹒跚的；不稳的；支吾的 v. （嗓音）颤抖；支吾；摇晃；踌躇；疲软；“falter”的现在分词","Try using ""faltering"" in a sentence related to 心理 犹豫.","2895"
"2896","categorized-collection","按类型区分（4000词）","心理","愉悦","blessed","ˈblesɪd","adj. 幸福的；受祝福的；神圣的 v. 祝福；保佑；“bless”的过去式和过去分词","Try using ""blessed"" in a sentence related to 心理 愉悦.","2896"
"2897","categorized-collection","按类型区分（4000词）","心理","愉悦","bliss","blɪs","n. 无上幸福；极乐","Try using ""bliss"" in a sentence related to 心理 愉悦.","2897"
"2898","categorized-collection","按类型区分（4000词）","心理","愉悦","brighten","ˈbraɪt(ə)n","v. 使变亮；使生辉；使有希望；使快活","Try using ""brighten"" in a sentence related to 心理 愉悦.","2898"
"2899","categorized-collection","按类型区分（4000词）","心理","愉悦","ecstasy","ˈekstəsi","n. 狂喜；摇头丸；入迷","Try using ""ecstasy"" in a sentence related to 心理 愉悦.","2899"
"2900","categorized-collection","按类型区分（4000词）","心理","愉悦","relation","rɪˈleɪʃ(ə)n","n. 关联；联系；亲属","Try using ""relation"" in a sentence related to 心理 愉悦.","2900"
"2901","categorized-collection","按类型区分（4000词）","心理","愉悦","enrapture","ɪnˈræptʃə(r)","v. 使狂喜","Try using ""enrapture"" in a sentence related to 心理 愉悦.","2901"
"2902","categorized-collection","按类型区分（4000词）","心理","愉悦","exalted","ɪɡˈzɔːltɪd","adj. 高位的；高尚的；欣喜的 v. 赞扬；提升；加强；“exalt”的过去式和过去分词","Try using ""exalted"" in a sentence related to 心理 愉悦.","2902"
"2903","categorized-collection","按类型区分（4000词）","心理","愉悦","excitement","ɪkˈsaɪtmənt","n. 兴奋；激动","Try using ""excitement"" in a sentence related to 心理 愉悦.","2903"
"2904","categorized-collection","按类型区分（4000词）","心理","愉悦","exultant","ɪɡˈzʌltənt","adj. 狂喜的；欢跃的","Try using ""exultant"" in a sentence related to 心理 愉悦.","2904"
"2905","categorized-collection","按类型区分（4000词）","心理","愉悦","gleeful","ˈɡliːf(ə)l","adj. 愉快的；欣喜的；幸灾乐祸的","Try using ""gleeful"" in a sentence related to 心理 愉悦.","2905"
"2906","categorized-collection","按类型区分（4000词）","心理","愉悦","hilarious","hɪˈleəriəs","adj. 非常滑稽的","Try using ""hilarious"" in a sentence related to 心理 愉悦.","2906"
"2907","categorized-collection","按类型区分（4000词）","心理","愉悦","joyous","ˈdʒɔɪəs","adj. 充满快乐的；使人高兴的","Try using ""joyous"" in a sentence related to 心理 愉悦.","2907"
"2908","categorized-collection","按类型区分（4000词）","心理","愉悦","pleasing","ˈpliːzɪŋ","adj. 令人高兴的；令人满意的 v. 使欢喜；取悦；“please”的现在分词","Try using ""pleasing"" in a sentence related to 心理 愉悦.","2908"
"2909","categorized-collection","按类型区分（4000词）","心理","愉悦","rapture","ˈræptʃə(r)","n. 狂喜；非常高兴 v. 使…狂喜","Try using ""rapture"" in a sentence related to 心理 愉悦.","2909"
"2910","categorized-collection","按类型区分（4000词）","心理","愉悦","ravish","ˈrævɪʃ","v. 强奸；抢夺；使着迷","Try using ""ravish"" in a sentence related to 心理 愉悦.","2910"
"2911","categorized-collection","按类型区分（4000词）","心理","愉悦","delight","dɪˈlaɪt","n. 高兴；快乐 v. 使高兴；使愉快","Try using ""delight"" in a sentence related to 心理 愉悦.","2911"
"2912","categorized-collection","按类型区分（4000词）","心理","愉悦","exhilaration","ɪɡˌzɪləˈreɪʃ(ə)n","n. 高兴；愉快；兴奋","Try using ""exhilaration"" in a sentence related to 心理 愉悦.","2912"
"2913","categorized-collection","按类型区分（4000词）","心理","愉悦","beaming","ˈbiːmɪŋ","adj. 喜气洋洋的；愉快的；耀眼的 v. 照耀；“beam”的现在分词","Try using ""beaming"" in a sentence related to 心理 愉悦.","2913"
"2914","categorized-collection","按类型区分（4000词）","心理","愉悦","blithesome","ˈblaɪðsəm","adj. 欢乐的；愉快的","Try using ""blithesome"" in a sentence related to 心理 愉悦.","2914"
"2915","categorized-collection","按类型区分（4000词）","心理","憎恨","abhor","əbˈhɔː(r)","v. 憎恶；厌恶；痛恨","Try using ""abhor"" in a sentence related to 心理 憎恨.","2915"
"2916","categorized-collection","按类型区分（4000词）","心理","憎恨","abhorrent","əbˈhɒrənt","adj. 可恶的；令人憎恶的；令人痛恨的","Try using ""abhorrent"" in a sentence related to 心理 憎恨.","2916"
"2917","categorized-collection","按类型区分（4000词）","心理","憎恨","aversion","əˈvɜːʃ(ə)n","n. 厌恶；嫌恶；反感","Try using ""aversion"" in a sentence related to 心理 憎恨.","2917"
"2918","categorized-collection","按类型区分（4000词）","心理","憎恨","detest","dɪˈtest","v. 嫌恶；憎恶；深恶","Try using ""detest"" in a sentence related to 心理 憎恨.","2918"
"2919","categorized-collection","按类型区分（4000词）","心理","憎恨","disgust","dɪsˈɡʌst","n. 厌恶；反感 v. 使厌恶；使作呕","Try using ""disgust"" in a sentence related to 心理 憎恨.","2919"
"2920","categorized-collection","按类型区分（4000词）","心理","憎恨","grudge","ɡrʌdʒ","n. 怨恨；积怨；嫌隙 v. 勉强做；不情愿地给；吝惜","Try using ""grudge"" in a sentence related to 心理 憎恨.","2920"
"2921","categorized-collection","按类型区分（4000词）","心理","憎恨","hatred","ˈheɪtrɪd","n. 憎恨；仇恨","Try using ""hatred"" in a sentence related to 心理 憎恨.","2921"
"2922","categorized-collection","按类型区分（4000词）","心理","憎恨","hideous","ˈhɪdiəs","adj. 丑恶的；可怕的；丑陋的","Try using ""hideous"" in a sentence related to 心理 憎恨.","2922"
"2923","categorized-collection","按类型区分（4000词）","心理","憎恨","loathe","ləʊð","v. 厌恶；憎恶","Try using ""loathe"" in a sentence related to 心理 憎恨.","2923"
"2924","categorized-collection","按类型区分（4000词）","心理","憎恨","resent","rɪˈzent","v. 愤恨；憎恶；怨恨","Try using ""resent"" in a sentence related to 心理 憎恨.","2924"
"2925","categorized-collection","按类型区分（4000词）","心理","憎恨","abomination","əˌbɒmɪˈneɪʃ(ə)n","n. 憎恨；厌恶；可憎的事物","Try using ""abomination"" in a sentence related to 心理 憎恨.","2925"
"2926","categorized-collection","按类型区分（4000词）","心理","憎恨","enmity","ˈenməti","n. 敌意；憎恨","Try using ""enmity"" in a sentence related to 心理 憎恨.","2926"
"2927","categorized-collection","按类型区分（4000词）","心理","憎恨","abominate","əˈbɒmɪneɪt","v. 痛恨；憎恶；厌恶","Try using ""abominate"" in a sentence related to 心理 憎恨.","2927"
"2928","categorized-collection","按类型区分（4000词）","行为","帮助","adopt","əˈdɒpt","v. 收养；采用；采纳；正式通过","Try using ""adopt"" in a sentence related to 行为 帮助.","2928"
"2929","categorized-collection","按类型区分（4000词）","行为","帮助","assist","əˈsɪst","v. 帮助；援助；协助","Try using ""assist"" in a sentence related to 行为 帮助.","2929"
"2930","categorized-collection","按类型区分（4000词）","行为","帮助","beneficial","ˌbenɪˈfɪʃ(ə)l","adj. 有益的；有用的","Try using ""beneficial"" in a sentence related to 行为 帮助.","2930"
"2931","categorized-collection","按类型区分（4000词）","行为","帮助","benefit","ˈbenɪfɪt","n. 利益；好处；救济金 v. 有益于；有助于","Try using ""benefit"" in a sentence related to 行为 帮助.","2931"
"2932","categorized-collection","按类型区分（4000词）","行为","帮助","benevolent","bəˈnevələnt","adj. 慈善的；行善的","Try using ""benevolent"" in a sentence related to 行为 帮助.","2932"
"2933","categorized-collection","按类型区分（4000词）","行为","帮助","bestow","bɪˈstəʊ","v. 给予；赠与；授予","Try using ""bestow"" in a sentence related to 行为 帮助.","2933"
"2934","categorized-collection","按类型区分（4000词）","行为","帮助","champion","ˈtʃæmpiən","n. 冠军；优胜者；拥护者 v. 拥护；支持","Try using ""champion"" in a sentence related to 行为 帮助.","2934"
"2935","categorized-collection","按类型区分（4000词）","行为","帮助","charitable","ˈtʃærətəb(ə)l","adj. 仁慈的；慈善事业的；体谅的","Try using ""charitable"" in a sentence related to 行为 帮助.","2935"
"2936","categorized-collection","按类型区分（4000词）","行为","帮助","charity","ˈtʃærəti","n. 慈善；慈善团体","Try using ""charity"" in a sentence related to 行为 帮助.","2936"
"2937","categorized-collection","按类型区分（4000词）","行为","帮助","donate","dəʊˈneɪt","v. 捐赠；捐献","Try using ""donate"" in a sentence related to 行为 帮助.","2937"
"2938","categorized-collection","按类型区分（4000词）","行为","帮助","Extricate","ˈekstrɪkeɪt","v. 使解脱；救出","Try using ""Extricate"" in a sentence related to 行为 帮助.","2938"
"2939","categorized-collection","按类型区分（4000词）","行为","帮助","gainful","ˈɡeɪnf(ə)l","adj. 有收益的；有报酬的；有利可图的","Try using ""gainful"" in a sentence related to 行为 帮助.","2939"
"2940","categorized-collection","按类型区分（4000词）","行为","帮助","instrumental","ˌɪnstrəˈment(ə)l","adj. 仪器的；乐器的；有帮助的","Try using ""instrumental"" in a sentence related to 行为 帮助.","2940"
"2941","categorized-collection","按类型区分（4000词）","行为","帮助","obliging","əˈblaɪdʒɪŋ","adj. 乐于施惠于人的；热心助人的 v. 迫使；责成；施惠；“oblige”的现在分词","Try using ""obliging"" in a sentence related to 行为 帮助.","2941"
"2942","categorized-collection","按类型区分（4000词）","行为","帮助","prop","prɒp","n. 支撑物；支柱；道具 v. 支撑；靠","Try using ""prop"" in a sentence related to 行为 帮助.","2942"
"2943","categorized-collection","按类型区分（4000词）","行为","帮助","redress","rɪˈdres","v. 矫正；补偿；革除 n. 赔偿；救济；矫正","Try using ""redress"" in a sentence related to 行为 帮助.","2943"
"2944","categorized-collection","按类型区分（4000词）","行为","帮助","rescue","ˈreskjuː","n. 救援；营救 v. 救援；营救","Try using ""rescue"" in a sentence related to 行为 帮助.","2944"
"2945","categorized-collection","按类型区分（4000词）","行为","帮助","salvage","ˈsælvɪdʒ","v. 打捞；挽救；挽回；抢救 n. （对财物等的）抢救；抢救出的财物","Try using ""salvage"" in a sentence related to 行为 帮助.","2945"
"2946","categorized-collection","按类型区分（4000词）","行为","帮助","save","seɪv","v. 保存；节省；拯救 prep. 除...之外；除了 conj. 若不是；除了","Try using ""save"" in a sentence related to 行为 帮助.","2946"
"2947","categorized-collection","按类型区分（4000词）","行为","保护","convoy","ˈkɒnvɔɪ","n. 护送；护航；护卫 v. 护航；护送","Try using ""convoy"" in a sentence related to 行为 保护.","2947"
"2948","categorized-collection","按类型区分（4000词）","行为","保护","defend","dɪˈfend","v. 防守；防御；辩护","Try using ""defend"" in a sentence related to 行为 保护.","2948"
"2949","categorized-collection","按类型区分（4000词）","行为","保护","escort","ɪˈskɔːt","v. 护送；护卫 n. 护送者；护卫队","Try using ""escort"" in a sentence related to 行为 保护.","2949"
"2950","categorized-collection","按类型区分（4000词）","行为","保护","preserve","prɪˈzɜːv","v. 保存；保护；保持 n. （某群体）专有的活动；保护区","Try using ""preserve"" in a sentence related to 行为 保护.","2950"
"2951","categorized-collection","按类型区分（4000词）","行为","保护","retain","rɪˈteɪn","v. 保留；保持","Try using ""retain"" in a sentence related to 行为 保护.","2951"
"2952","categorized-collection","按类型区分（4000词）","行为","保护","safeguard","ˈseɪfɡɑːd","n. 保护措施 v. 保卫；保护","Try using ""safeguard"" in a sentence related to 行为 保护.","2952"
"2953","categorized-collection","按类型区分（4000词）","行为","保护","shield","ʃiːld","n. 盾牌；防护物 v. 遮挡；防护","Try using ""shield"" in a sentence related to 行为 保护.","2953"
"2954","categorized-collection","按类型区分（4000词）","行为","保护","shelter","ˈʃeltə(r)","n. 避难所；庇护所 v. 庇护；遮蔽","Try using ""shelter"" in a sentence related to 行为 保护.","2954"
"2955","categorized-collection","按类型区分（4000词）","行为","保护","protection","prəˈtekʃ(ə)n","n. 保护","Try using ""protection"" in a sentence related to 行为 保护.","2955"
"2956","categorized-collection","按类型区分（4000词）","行为","秉性","accustomed","əˈkʌstəmd","adj. 习惯的；惯常的 v. 习惯；“accustom”的过去式和过去分词","Try using ""accustomed"" in a sentence related to 行为 秉性.","2956"
"2957","categorized-collection","按类型区分（4000词）","行为","秉性","aptitude","ˈæptɪtjuːd","n. 天资；天赋；才能","Try using ""aptitude"" in a sentence related to 行为 秉性.","2957"
"2958","categorized-collection","按类型区分（4000词）","行为","秉性","bent","bent","adj. 弯曲的；决意的 n. 倾向；爱好 v. 弯曲；使弯曲；屈服；“bend”的过去式和过去分词","Try using ""bent"" in a sentence related to 行为 秉性.","2958"
"2959","categorized-collection","按类型区分（4000词）","行为","秉性","habitually","həˈbɪtʃuəli","adv. 习惯性地","Try using ""habitually"" in a sentence related to 行为 秉性.","2959"
"2960","categorized-collection","按类型区分（4000词）","行为","秉性","inclined","ɪnˈklaɪnd","adj. 倾向于…的；欲…的 v. 倾斜；倾向；“incline”的过去式和过去分词","Try using ""inclined"" in a sentence related to 行为 秉性.","2960"
"2961","categorized-collection","按类型区分（4000词）","行为","秉性","inure","ɪˈnjʊə(r)","v. 使习惯（于）","Try using ""inure"" in a sentence related to 行为 秉性.","2961"
"2962","categorized-collection","按类型区分（4000词）","行为","秉性","penchant","ˈpɒ̃ʃɒ̃","n. 爱好；嗜好；偏好","Try using ""penchant"" in a sentence related to 行为 秉性.","2962"
"2963","categorized-collection","按类型区分（4000词）","行为","秉性","prone","prəʊn","adj. 易于...的；有...倾向的；俯卧的","Try using ""prone"" in a sentence related to 行为 秉性.","2963"
"2964","categorized-collection","按类型区分（4000词）","行为","秉性","propensity","prəˈpensəti","n. （性格上的）倾向；习性","Try using ""propensity"" in a sentence related to 行为 秉性.","2964"
"2965","categorized-collection","按类型区分（4000词）","行为","秉性","tend","tend","v. 趋向；朝向；往往会；照料；看护","Try using ""tend"" in a sentence related to 行为 秉性.","2965"
"2966","categorized-collection","按类型区分（4000词）","行为","秉性","talent","ˈtælənt","n. 才能；天才","Try using ""talent"" in a sentence related to 行为 秉性.","2966"
"2967","categorized-collection","按类型区分（4000词）","行为","秉性","inclination","ˌɪnklɪˈneɪʃ(ə)n","n. 倾斜；倾向；意向","Try using ""inclination"" in a sentence related to 行为 秉性.","2967"
"2968","categorized-collection","按类型区分（4000词）","行为","秉性","predilection","ˌpriːdɪˈlekʃ(ə)n","n. 偏好；偏袒","Try using ""predilection"" in a sentence related to 行为 秉性.","2968"
"2969","categorized-collection","按类型区分（4000词）","行为","秉性","partiality","ˌpɑːʃiˈæləti","n. 偏心；偏袒；偏爱","Try using ""partiality"" in a sentence related to 行为 秉性.","2969"
"2970","categorized-collection","按类型区分（4000词）","行为","处理","abandon","əˈbændən","v. 抛弃；放弃；中止","Try using ""abandon"" in a sentence related to 行为 处理.","2970"
"2971","categorized-collection","按类型区分（4000词）","行为","处理","adopt","əˈdɒpt","v. 收养；采用；采纳；正式通过","Try using ""adopt"" in a sentence related to 行为 处理.","2971"
"2972","categorized-collection","按类型区分（4000词）","行为","处理","arrange","əˈreɪndʒ","v. 安排，排列；改编（乐曲）","Try using ""arrange"" in a sentence related to 行为 处理.","2972"
"2973","categorized-collection","按类型区分（4000词）","行为","处理","bestow","bɪˈstəʊ","v. 给予；赠与；授予","Try using ""bestow"" in a sentence related to 行为 处理.","2973"
"2974","categorized-collection","按类型区分（4000词）","行为","处理","cancel","ˈkæns(ə)l","v. 取消","Try using ""cancel"" in a sentence related to 行为 处理.","2974"
"2975","categorized-collection","按类型区分（4000词）","行为","处理","contrive","kənˈtraɪv","v. 图谋；发明；设计；设法做到","Try using ""contrive"" in a sentence related to 行为 处理.","2975"
"2976","categorized-collection","按类型区分（4000词）","行为","处理","deal","diːl","n. 交易；协议 v. 处理；对付；交易","Try using ""deal"" in a sentence related to 行为 处理.","2976"
"2977","categorized-collection","按类型区分（4000词）","行为","处理","delete","dɪˈliːt","v. 删除；消去","Try using ""delete"" in a sentence related to 行为 处理.","2977"
"2978","categorized-collection","按类型区分（4000词）","行为","处理","dispatch","dɪˈspætʃ","v. 派遣；调遣；发送 n. 快信；发送；派遣","Try using ""dispatch"" in a sentence related to 行为 处理.","2978"
"2979","categorized-collection","按类型区分（4000词）","行为","处理","discard","dɪˈskɑːd","v. 抛开；遗弃；废弃","Try using ""discard"" in a sentence related to 行为 处理.","2979"
"2980","categorized-collection","按类型区分（4000词）","行为","处理","displace","dɪsˈpleɪs","v. 取代；移置；免职；迫使…离开家园","Try using ""displace"" in a sentence related to 行为 处理.","2980"
"2981","categorized-collection","按类型区分（4000词）","行为","处理","dispose","dɪˈspəʊz","v. 安排；处置；处理；除去；有…倾向；有意于","Try using ""dispose"" in a sentence related to 行为 处理.","2981"
"2982","categorized-collection","按类型区分（4000词）","行为","处理","dissipate","ˈdɪsɪpeɪt","v. 驱散；消散；浪费；挥霍","Try using ""dissipate"" in a sentence related to 行为 处理.","2982"
"2983","categorized-collection","按类型区分（4000词）","行为","处理","efface","ɪˈfeɪs","v. 擦去；忘却；不抛头露面；使（自己）不受人注意","Try using ""efface"" in a sentence related to 行为 处理.","2983"
"2984","categorized-collection","按类型区分（4000词）","行为","处理","effectuate","ɪˈfektʃueɪt","v. 使实现；完成","Try using ""effectuate"" in a sentence related to 行为 处理.","2984"
"2985","categorized-collection","按类型区分（4000词）","行为","处理","eradicate","ɪˈrædɪkeɪt","v. 消灭；灭绝；根除","Try using ""eradicate"" in a sentence related to 行为 处理.","2985"
"2986","categorized-collection","按类型区分（4000词）","行为","处理","erase","ɪˈreɪz","v. 抹去；擦掉","Try using ""erase"" in a sentence related to 行为 处理.","2986"
"2987","categorized-collection","按类型区分（4000词）","行为","处理","exert","ɪɡˈzɜːt","v. 运用；施加","Try using ""exert"" in a sentence related to 行为 处理.","2987"
"2988","categorized-collection","按类型区分（4000词）","行为","处理","forsake","fəˈseɪk","v. 摒弃；放弃；抛弃","Try using ""forsake"" in a sentence related to 行为 处理.","2988"
"2989","categorized-collection","按类型区分（4000词）","行为","处理","glean","ɡliːn","v. 拾落穗；收集","Try using ""glean"" in a sentence related to 行为 处理.","2989"
"2990","categorized-collection","按类型区分（4000词）","行为","处理","harness","ˈhɑːnɪs","n. 马具；挽具 v. 套马具；驾驭；利用；治理","Try using ""harness"" in a sentence related to 行为 处理.","2990"
"2991","categorized-collection","按类型区分（4000词）","行为","处理","implement","ˈɪmplɪment","v. 实施；执行 n. 工具；器具","Try using ""implement"" in a sentence related to 行为 处理.","2991"
"2992","categorized-collection","按类型区分（4000词）","行为","处理","jettison","ˈdʒetɪs(ə)n","v. 丢弃；放弃；扔掉 n. 投弃；抛弃；投弃货物","Try using ""jettison"" in a sentence related to 行为 处理.","2992"
"2993","categorized-collection","按类型区分（4000词）","行为","处理","process","ˈprəʊses","n. 过程；进程；工序 v. 处理；加工","Try using ""process"" in a sentence related to 行为 处理.","2993"
"2994","categorized-collection","按类型区分（4000词）","行为","处理","purge","pɜːdʒ","v. 净化；清除；清洗；整肃 n. 净化；清除；泻药","Try using ""purge"" in a sentence related to 行为 处理.","2994"
"2995","categorized-collection","按类型区分（4000词）","行为","处理","reject","rɪˈdʒekt","v. 拒绝；驳回 n. 被拒之人；被弃之物；残次品","Try using ""reject"" in a sentence related to 行为 处理.","2995"
"2996","categorized-collection","按类型区分（4000词）","行为","处理","scrap","skræp","n. 小块；碎片；废金属；吵架 v. 废弃；取消 adj. 废弃的","Try using ""scrap"" in a sentence related to 行为 处理.","2996"
"2997","categorized-collection","按类型区分（4000词）","行为","处理","shift","ʃɪft","v. 变换位置；转移；换（挡）；轮班 n. 转移；移位；转变；轮班","Try using ""shift"" in a sentence related to 行为 处理.","2997"
"2998","categorized-collection","按类型区分（4000词）","行为","处理","tackle","ˈtæk(ə)l","v. 处理，解决；（足球等）阻截 n. 用具；阻截","Try using ""tackle"" in a sentence related to 行为 处理.","2998"
"2999","categorized-collection","按类型区分（4000词）","行为","处理","transact","trænˈzækt","v. 办理；交易；谈判；执行","Try using ""transact"" in a sentence related to 行为 处理.","2999"
"3000","categorized-collection","按类型区分（4000词）","行为","处理","undo","ʌnˈduː","v. 解开；撤销；毁掉","Try using ""undo"" in a sentence related to 行为 处理.","3000"
"3001","categorized-collection","按类型区分（4000词）","行为","处理","utilize","ˈjuːtəlaɪz","v. 利用","Try using ""utilize"" in a sentence related to 行为 处理.","3001"
"3002","categorized-collection","按类型区分（4000词）","行为","促进","arouse","əˈraʊz","v. 引起（兴趣/愤怒等）","Try using ""arouse"" in a sentence related to 行为 促进.","3002"
"3003","categorized-collection","按类型区分（4000词）","行为","促进","elicit","ɪˈlɪsɪt","v. 引出；诱出；探出","Try using ""elicit"" in a sentence related to 行为 促进.","3003"
"3004","categorized-collection","按类型区分（4000词）","行为","促进","encourage","ɪnˈkʌrɪdʒ","v. 鼓励；鼓舞；促进；鼓动","Try using ""encourage"" in a sentence related to 行为 促进.","3004"
"3005","categorized-collection","按类型区分（4000词）","行为","促进","evoke","ɪˈvəʊk","v. 唤起；引起","Try using ""evoke"" in a sentence related to 行为 促进.","3005"
"3006","categorized-collection","按类型区分（4000词）","行为","促进","foment","fəˈment","v. 煽动；激起","Try using ""foment"" in a sentence related to 行为 促进.","3006"
"3007","categorized-collection","按类型区分（4000词）","行为","促进","fortify","ˈfɔːtɪfaɪ","v. 设防御工事；加强；增加营养物","Try using ""fortify"" in a sentence related to 行为 促进.","3007"
"3008","categorized-collection","按类型区分（4000词）","行为","促进","further","ˈfɜːðə(r)","adv. 更远；进一步；此外 adj. 附加的；更多的 v. 促进；推动","Try using ""further"" in a sentence related to 行为 促进.","3008"
"3009","categorized-collection","按类型区分（4000词）","行为","促进","hasten","ˈheɪs(ə)n","v. 催促；赶紧；加速","Try using ""hasten"" in a sentence related to 行为 促进.","3009"
"3010","categorized-collection","按类型区分（4000词）","行为","促进","impulsive","ɪmˈpʌlsɪv","adj. 凭冲动行事的；易冲动的","Try using ""impulsive"" in a sentence related to 行为 促进.","3010"
"3011","categorized-collection","按类型区分（4000词）","行为","促进","incite","ɪnˈsaɪt","v. 煽动；刺激；鼓动","Try using ""incite"" in a sentence related to 行为 促进.","3011"
"3012","categorized-collection","按类型区分（4000词）","行为","促进","inspire","ɪnˈspaɪə(r)","v. 鼓舞；激励；启迪；激起；促成","Try using ""inspire"" in a sentence related to 行为 促进.","3012"
"3013","categorized-collection","按类型区分（4000词）","行为","促进","instigate","ˈɪnstɪɡeɪt","v. 教唆；煽动；激起","Try using ""instigate"" in a sentence related to 行为 促进.","3013"
"3014","categorized-collection","按类型区分（4000词）","行为","促进","intensify","ɪnˈtensɪfaɪ","v. 加强；强化","Try using ""intensify"" in a sentence related to 行为 促进.","3014"
"3015","categorized-collection","按类型区分（4000词）","行为","促进","kindle","ˈkɪnd(ə)l","v. 点燃；生火；激起；发亮","Try using ""kindle"" in a sentence related to 行为 促进.","3015"
"3016","categorized-collection","按类型区分（4000词）","行为","促进","prod","prɒd","v. 戳；刺；激励；督促 n. 戳；刺；催促","Try using ""prod"" in a sentence related to 行为 促进.","3016"
"3017","categorized-collection","按类型区分（4000词）","行为","促进","promote","prəˈməʊt","v. 促进；推动；提拔；宣传；推销","Try using ""promote"" in a sentence related to 行为 促进.","3017"
"3018","categorized-collection","按类型区分（4000词）","行为","促进","prompt","prɒmpt","adj. 迅速的；准时的 v. 提示；促使 n. 提示；提词 adv. 准时地","Try using ""prompt"" in a sentence related to 行为 促进.","3018"
"3019","categorized-collection","按类型区分（4000词）","行为","促进","propel","prəˈpel","v. 推进；推动","Try using ""propel"" in a sentence related to 行为 促进.","3019"
"3020","categorized-collection","按类型区分（4000词）","行为","促进","spur","spɜː(r)","n. 马刺；鞭策 v. 刺激；鞭策","Try using ""spur"" in a sentence related to 行为 促进.","3020"
"3021","categorized-collection","按类型区分（4000词）","行为","促进","stimulate","ˈstɪmjuleɪt","v. 刺激；激励","Try using ""stimulate"" in a sentence related to 行为 促进.","3021"
"3022","categorized-collection","按类型区分（4000词）","行为","促进","urge","ɜːdʒ","v. 催促；力劝 n. 强烈欲望；迫切要求","Try using ""urge"" in a sentence related to 行为 促进.","3022"
"3023","categorized-collection","按类型区分（4000词）","行为","躲避","avoid","əˈvɔɪd","v. 避免；避开","Try using ""avoid"" in a sentence related to 行为 躲避.","3023"
"3024","categorized-collection","按类型区分（4000词）","行为","躲避","dodge","dɒdʒ","v. 避开；躲避 n. 躲避；诡计","Try using ""dodge"" in a sentence related to 行为 躲避.","3024"
"3025","categorized-collection","按类型区分（4000词）","行为","躲避","elude","ɪˈluːd","v. 躲避；把（某人）难倒","Try using ""elude"" in a sentence related to 行为 躲避.","3025"
"3026","categorized-collection","按类型区分（4000词）","行为","躲避","elusive","ɪˈluːsɪv","adj. 难以捉摸的；不易被抓获（觉察、理解或记忆）的","Try using ""elusive"" in a sentence related to 行为 躲避.","3026"
"3027","categorized-collection","按类型区分（4000词）","行为","躲避","escape","ɪˈskeɪp","v. 逃避；逃走 n. 逃脱；逃避","Try using ""escape"" in a sentence related to 行为 躲避.","3027"
"3028","categorized-collection","按类型区分（4000词）","行为","躲避","eschew","ɪsˈtʃuː","v. 避开；回避","Try using ""eschew"" in a sentence related to 行为 躲避.","3028"
"3029","categorized-collection","按类型区分（4000词）","行为","躲避","evade","ɪˈveɪd","v. 逃避；回避；躲避","Try using ""evade"" in a sentence related to 行为 躲避.","3029"
"3030","categorized-collection","按类型区分（4000词）","行为","躲避","evasion","ɪˈveɪʒ(ə)n","n. 逃避；回避","Try using ""evasion"" in a sentence related to 行为 躲避.","3030"
"3031","categorized-collection","按类型区分（4000词）","行为","躲避","evasive","ɪˈveɪsɪv","adj. 逃避的；推托的；闪烁其辞的","Try using ""evasive"" in a sentence related to 行为 躲避.","3031"
"3032","categorized-collection","按类型区分（4000词）","行为","躲避","shun","ʃʌn","v. 避开；避免","Try using ""shun"" in a sentence related to 行为 躲避.","3032"
"3033","categorized-collection","按类型区分（4000词）","行为","躲避","sly","slaɪ","adj. 诡诈的；诡秘的；心照不宣的","Try using ""sly"" in a sentence related to 行为 躲避.","3033"
"3034","categorized-collection","按类型区分（4000词）","行为","躲避","shirk","ʃɜːk","v. 逃避（职责或责任）","Try using ""shirk"" in a sentence related to 行为 躲避.","3034"
"3035","categorized-collection","按类型区分（4000词）","行为","反抗","defiant","dɪˈfaɪənt","adj. 不顺从的；挑衅的；目中无人的","Try using ""defiant"" in a sentence related to 行为 反抗.","3035"
"3036","categorized-collection","按类型区分（4000词）","行为","反抗","defy","dɪˈfaɪ","v. 不服从；藐视；挑衅","Try using ""defy"" in a sentence related to 行为 反抗.","3036"
"3037","categorized-collection","按类型区分（4000词）","行为","反抗","demur","dɪˈmɜː(r)","v. 提出异议；表示反对 n. 异议；反对","Try using ""demur"" in a sentence related to 行为 反抗.","3037"
"3038","categorized-collection","按类型区分（4000词）","行为","反抗","insubordinate","ˌɪnsəˈbɔːdɪnət","adj. 不服从的；违抗的","Try using ""insubordinate"" in a sentence related to 行为 反抗.","3038"
"3039","categorized-collection","按类型区分（4000词）","行为","反抗","opposed","əˈpəʊzd","adj. 反对的；敌对的 v. 反对；反抗；“oppose”的过去式和过去分词","Try using ""opposed"" in a sentence related to 行为 反抗.","3039"
"3040","categorized-collection","按类型区分（4000词）","行为","反抗","rebellion","rɪˈbeljən","n. 叛乱；反叛；造反","Try using ""rebellion"" in a sentence related to 行为 反抗.","3040"
"3041","categorized-collection","按类型区分（4000词）","行为","反抗","resist","rɪˈzɪst","v. 抵制；抵抗","Try using ""resist"" in a sentence related to 行为 反抗.","3041"
"3042","categorized-collection","按类型区分（4000词）","行为","反抗","traverse","trəˈvɜːs","v. 横穿；横越；穿过 n. 横贯；横木","Try using ""traverse"" in a sentence related to 行为 反抗.","3042"
"3043","categorized-collection","按类型区分（4000词）","行为","反抗","revolt","rɪˈvəʊlt","v. 叛乱；反叛；（使）厌恶 n. 叛乱；厌恶；反感","Try using ""revolt"" in a sentence related to 行为 反抗.","3043"
"3044","categorized-collection","按类型区分（4000词）","行为","反抗","recalcitrant","rɪˈkælsɪtrənt","adj. 顽抗的；不服从的","Try using ""recalcitrant"" in a sentence related to 行为 反抗.","3044"
"3045","categorized-collection","按类型区分（4000词）","行为","反抗","countermeasure","ˈkaʊntəmeʒə(r)","n. 对策；对抗手段","Try using ""countermeasure"" in a sentence related to 行为 反抗.","3045"
"3046","categorized-collection","按类型区分（4000词）","行为","反抗","disobedient","ˌdɪsəˈbiːdiənt","adj. 不服从的；违背的；不孝的","Try using ""disobedient"" in a sentence related to 行为 反抗.","3046"
"3047","categorized-collection","按类型区分（4000词）","行为","反抗","confront","kənˈfrʌnt","v. 面对；遭遇；对抗","Try using ""confront"" in a sentence related to 行为 反抗.","3047"
"3048","categorized-collection","按类型区分（4000词）","行为","反抗","mutinous","ˈmjuːtənəs","adj. 暴动的；反叛的","Try using ""mutinous"" in a sentence related to 行为 反抗.","3048"
"3049","categorized-collection","按类型区分（4000词）","行为","否定","decline","dɪˈklaɪn","v. 下降；衰退；谢绝；婉拒 n. 下降；衰退；婉拒","Try using ""decline"" in a sentence related to 行为 否定.","3049"
"3050","categorized-collection","按类型区分（4000词）","行为","否定","deny","dɪˈnaɪ","v. 否认；拒绝","Try using ""deny"" in a sentence related to 行为 否定.","3050"
"3051","categorized-collection","按类型区分（4000词）","行为","否定","disclaim","dɪsˈkleɪm","v. 否认；放弃；拒绝承认","Try using ""disclaim"" in a sentence related to 行为 否定.","3051"
"3052","categorized-collection","按类型区分（4000词）","行为","否定","exclusion","ɪkˈskluːʒ(ə)n","n. 排除；排斥；被排除在外的事物","Try using ""exclusion"" in a sentence related to 行为 否定.","3052"
"3053","categorized-collection","按类型区分（4000词）","行为","否定","gainsay","ˌɡeɪnˈseɪ","v. 否认；反驳","Try using ""gainsay"" in a sentence related to 行为 否定.","3053"
"3054","categorized-collection","按类型区分（4000词）","行为","否定","reject","rɪˈdʒekt","v. 拒绝；驳回 n. 被拒之人；被弃之物；残次品","Try using ""reject"" in a sentence related to 行为 否定.","3054"
"3055","categorized-collection","按类型区分（4000词）","行为","否定","relinquish","rɪˈlɪŋkwɪʃ","v. 放弃；让出","Try using ""relinquish"" in a sentence related to 行为 否定.","3055"
"3056","categorized-collection","按类型区分（4000词）","行为","否定","renounce","rɪˈnaʊns","v. 声明放弃；与...断绝关系","Try using ""renounce"" in a sentence related to 行为 否定.","3056"
"3057","categorized-collection","按类型区分（4000词）","行为","否定","denial","dɪˈnaɪəl","n. 否认；否定","Try using ""denial"" in a sentence related to 行为 否定.","3057"
"3058","categorized-collection","按类型区分（4000词）","行为","否定","disavowal","ˌdɪsəˈvaʊəl","n. 否认；拒绝","Try using ""disavowal"" in a sentence related to 行为 否定.","3058"
"3059","categorized-collection","按类型区分（4000词）","行为","否定","negate","nɪˈɡeɪt","v. 否定；取消；使无效","Try using ""negate"" in a sentence related to 行为 否定.","3059"
"3060","categorized-collection","按类型区分（4000词）","行为","否定","overrule","ˌəʊvəˈruːl","v. 驳回；否决；推翻","Try using ""overrule"" in a sentence related to 行为 否定.","3060"
"3061","categorized-collection","按类型区分（4000词）","行为","否定","veto","ˈviːtəʊ","n. 否决；否决权 v. 否决","Try using ""veto"" in a sentence related to 行为 否定.","3061"
"3062","categorized-collection","按类型区分（4000词）","行为","服从","defer","dɪˈfɜː(r)","v. 推迟；延缓；服从","Try using ""defer"" in a sentence related to 行为 服从.","3062"
"3063","categorized-collection","按类型区分（4000词）","行为","服从","enthrall","ɪnˈθrɔːl","v. 迷惑；吸引住；奴役","Try using ""enthrall"" in a sentence related to 行为 服从.","3063"
"3064","categorized-collection","按类型区分（4000词）","行为","服从","obedience","əˈbiːdiəns","n. 服从；顺从","Try using ""obedience"" in a sentence related to 行为 服从.","3064"
"3065","categorized-collection","按类型区分（4000词）","行为","服从","subjection","səbˈdʒekʃ(ə)n","n. 服从；征服","Try using ""subjection"" in a sentence related to 行为 服从.","3065"
"3066","categorized-collection","按类型区分（4000词）","行为","服从","submission","səbˈmɪʃ(ə)n","n. 屈服；提交；意见","Try using ""submission"" in a sentence related to 行为 服从.","3066"
"3067","categorized-collection","按类型区分（4000词）","行为","服从","submissive","səbˈmɪsɪv","adj. 顺从的；服从的；恭顺的","Try using ""submissive"" in a sentence related to 行为 服从.","3067"
"3068","categorized-collection","按类型区分（4000词）","行为","服从","submit","səbˈmɪt","v. 提交；屈服","Try using ""submit"" in a sentence related to 行为 服从.","3068"
"3069","categorized-collection","按类型区分（4000词）","行为","服从","succumb","səˈkʌm","v. 屈服；屈从","Try using ""succumb"" in a sentence related to 行为 服从.","3069"
"3070","categorized-collection","按类型区分（4000词）","行为","服从","compliance","kəmˈplaɪəns","n. 遵守；服从；顺从","Try using ""compliance"" in a sentence related to 行为 服从.","3070"
"3071","categorized-collection","按类型区分（4000词）","行为","服从","deference","ˈdefərəns","n. 尊重；遵从；听从","Try using ""deference"" in a sentence related to 行为 服从.","3071"
"3072","categorized-collection","按类型区分（4000词）","行为","服从","acquiescence","ˌækwiˈes(ə)ns","n. 默许","Try using ""acquiescence"" in a sentence related to 行为 服从.","3072"
"3073","categorized-collection","按类型区分（4000词）","行为","负面行为","abuse","əˈbjuːs","v. 滥用；虐待；辱骂 n. 滥用；虐待；辱骂","Try using ""abuse"" in a sentence related to 行为 负面行为.","3073"
"3074","categorized-collection","按类型区分（4000词）","行为","负面行为","coddle","ˈkɒd(ə)l","v. 娇养；溺爱；煮（蛋）","Try using ""coddle"" in a sentence related to 行为 负面行为.","3074"
"3075","categorized-collection","按类型区分（4000词）","行为","负面行为","distort","dɪˈstɔːt","v. 扭曲；歪曲；使变形","Try using ""distort"" in a sentence related to 行为 负面行为.","3075"
"3076","categorized-collection","按类型区分（4000词）","行为","负面行为","entail","ɪnˈteɪl","v. 需要；使…必然发生","Try using ""entail"" in a sentence related to 行为 负面行为.","3076"
"3077","categorized-collection","按类型区分（4000词）","行为","负面行为","inflict","ɪnˈflɪkt","v. 把…强加给；使遭受；使承受","Try using ""inflict"" in a sentence related to 行为 负面行为.","3077"
"3078","categorized-collection","按类型区分（4000词）","行为","负面行为","flash","flæʃ","v. 闪光；闪现 n. 闪光；一刹那","Try using ""flash"" in a sentence related to 行为 负面行为.","3078"
"3079","categorized-collection","按类型区分（4000词）","行为","负面行为","pervert","pəˈvɜːt","v. 使堕落；误用；歪曲；使走邪路 n. 堕落者；性变态者；色狼","Try using ""pervert"" in a sentence related to 行为 负面行为.","3079"
"3080","categorized-collection","按类型区分（4000词）","行为","负面行为","maltreatment","ˌmælˈtriːtmənt","n. 虐待；粗暴对待","Try using ""maltreatment"" in a sentence related to 行为 负面行为.","3080"
"3081","categorized-collection","按类型区分（4000词）","行为","负面行为","exploitation","ˌeksplɔɪˈteɪʃ(ə)n","n. 开发；开采；剥削","Try using ""exploitation"" in a sentence related to 行为 负面行为.","3081"
"3082","categorized-collection","按类型区分（4000词）","行为","负面行为","indulge","ɪnˈdʌldʒ","v. 放任；沉溺；使满足；听任","Try using ""indulge"" in a sentence related to 行为 负面行为.","3082"
"3083","categorized-collection","按类型区分（4000词）","行为","负面行为","disfigure","dɪsˈfɪɡə(r)","v. 损毁…的外形；使变丑","Try using ""disfigure"" in a sentence related to 行为 负面行为.","3083"
"3084","categorized-collection","按类型区分（4000词）","行为","改良","adjust","əˈdʒʌst","v. 调整；使适合；使适应","Try using ""adjust"" in a sentence related to 行为 改良.","3084"
"3085","categorized-collection","按类型区分（4000词）","行为","改良","coax","kəʊks","v. 哄；用好话劝诱；哄骗","Try using ""coax"" in a sentence related to 行为 改良.","3085"
"3086","categorized-collection","按类型区分（4000词）","行为","改良","correct","kəˈrekt","adj. 正确的 v. 改正；修正","Try using ""correct"" in a sentence related to 行为 改良.","3086"
"3087","categorized-collection","按类型区分（4000词）","行为","改良","embellish","ɪmˈbelɪʃ","v. 美化；装饰；渲染","Try using ""embellish"" in a sentence related to 行为 改良.","3087"
"3088","categorized-collection","按类型区分（4000词）","行为","改良","embroider","ɪmˈbrɔɪdə(r)","v. 刺绣；绣（花）；加以渲染（或润色）","Try using ""embroider"" in a sentence related to 行为 改良.","3088"
"3089","categorized-collection","按类型区分（4000词）","行为","改良","garnish","ˈɡɑːnɪʃ","v. （在食物上）加装饰菜；装饰 n. （食物上的）装饰菜；装饰","Try using ""garnish"" in a sentence related to 行为 改良.","3089"
"3090","categorized-collection","按类型区分（4000词）","行为","改良","gild","ɡɪld","v. 给…镀金；涂金于…","Try using ""gild"" in a sentence related to 行为 改良.","3090"
"3091","categorized-collection","按类型区分（4000词）","行为","改良","innovation","ˌɪnəˈveɪʃ(ə)n","n. 创新；改革","Try using ""innovation"" in a sentence related to 行为 改良.","3091"
"3092","categorized-collection","按类型区分（4000词）","行为","改良","mend","mend","v. 修理；修补；康复 n. 修补；补丁；痊愈","Try using ""mend"" in a sentence related to 行为 改良.","3092"
"3093","categorized-collection","按类型区分（4000词）","行为","改良","modification","ˌmɒdɪfɪˈkeɪʃ(ə)n","n. 修改；变更；改进","Try using ""modification"" in a sentence related to 行为 改良.","3093"
"3094","categorized-collection","按类型区分（4000词）","行为","改良","modify","ˈmɒdɪfaɪ","v. 更改；修饰","Try using ""modify"" in a sentence related to 行为 改良.","3094"
"3095","categorized-collection","按类型区分（4000词）","行为","改良","modulate","ˈmɒdjəleɪt","v. 调节；调整","Try using ""modulate"" in a sentence related to 行为 改良.","3095"
"3096","categorized-collection","按类型区分（4000词）","行为","改良","ornament","ˈɔːnəmənt","n. 装饰；装饰品 v. 装饰；美化","Try using ""ornament"" in a sentence related to 行为 改良.","3096"
"3097","categorized-collection","按类型区分（4000词）","行为","改良","refine","rɪˈfaɪn","v. 精炼；改进","Try using ""refine"" in a sentence related to 行为 改良.","3097"
"3098","categorized-collection","按类型区分（4000词）","行为","改良","reinforce","ˌriːɪnˈfɔːs","v. 增强；增援；加强；加固","Try using ""reinforce"" in a sentence related to 行为 改良.","3098"
"3099","categorized-collection","按类型区分（4000词）","行为","改良","renovate","ˈrenəveɪt","v. 整修；翻新","Try using ""renovate"" in a sentence related to 行为 改良.","3099"
"3100","categorized-collection","按类型区分（4000词）","行为","干涉","balk","bɔːk","v. 畏缩不前；犹豫；妨碍 n. 阻碍，妨碍","Try using ""balk"" in a sentence related to 行为 干涉.","3100"
"3101","categorized-collection","按类型区分（4000词）","行为","干涉","barricade","ˈbærɪkeɪd","n. 路障；栅栏；阻碍 v. 设路障；阻挡","Try using ""barricade"" in a sentence related to 行为 干涉.","3101"
"3102","categorized-collection","按类型区分（4000词）","行为","干涉","barrier","ˈbæriə(r)","n. 屏障；障碍；栅栏","Try using ""barrier"" in a sentence related to 行为 干涉.","3102"
"3103","categorized-collection","按类型区分（4000词）","行为","干涉","block","blɒk","n. 块；街区；大楼；大厦；障碍物 v. 阻塞；阻碍","Try using ""block"" in a sentence related to 行为 干涉.","3103"
"3104","categorized-collection","按类型区分（4000词）","行为","干涉","clog","klɒɡ","n. 厚木底皮鞋；木屐 v. 堵塞；妨碍","Try using ""clog"" in a sentence related to 行为 干涉.","3104"
"3105","categorized-collection","按类型区分（4000词）","行为","干涉","conciliatory","kənˈsɪliətəri","adj. 调和的；安抚的","Try using ""conciliatory"" in a sentence related to 行为 干涉.","3105"
"3106","categorized-collection","按类型区分（4000词）","行为","干涉","encumber","ɪnˈkʌmbə(r)","v. 妨碍；拖累","Try using ""encumber"" in a sentence related to 行为 干涉.","3106"
"3107","categorized-collection","按类型区分（4000词）","行为","干涉","foil","fɔɪl","n. 箔；陪衬物 v. 阻止；挫败","Try using ""foil"" in a sentence related to 行为 干涉.","3107"
"3108","categorized-collection","按类型区分（4000词）","行为","干涉","forestall","fɔːˈstɔːl","v. 预先阻止；抢先一步","Try using ""forestall"" in a sentence related to 行为 干涉.","3108"
"3109","categorized-collection","按类型区分（4000词）","行为","干涉","hamper","ˈhæmpə(r)","v. 阻碍；妨碍 n. （带盖）篮子","Try using ""hamper"" in a sentence related to 行为 干涉.","3109"
"3110","categorized-collection","按类型区分（4000词）","行为","干涉","handicap","ˈhændikæp","n. 残疾；障碍；阻碍；不利 v. 妨碍；使不利","Try using ""handicap"" in a sentence related to 行为 干涉.","3110"
"3111","categorized-collection","按类型区分（4000词）","行为","干涉","hinder","ˈhɪndə(r)","v. 阻碍；打扰","Try using ""hinder"" in a sentence related to 行为 干涉.","3111"
"3112","categorized-collection","按类型区分（4000词）","行为","干涉","hurdle","ˈhɜːd(ə)l","n. 跨栏；障碍；难关 v. 越过障碍；克服","Try using ""hurdle"" in a sentence related to 行为 干涉.","3112"
"3113","categorized-collection","按类型区分（4000词）","行为","干涉","incapacitate","ˌɪnkəˈpæsɪteɪt","v. 使无能力；使不能","Try using ""incapacitate"" in a sentence related to 行为 干涉.","3113"
"3114","categorized-collection","按类型区分（4000词）","行为","干涉","intercede","ˌɪntəˈsiːd","v. 说情；求情；调解","Try using ""intercede"" in a sentence related to 行为 干涉.","3114"
"3115","categorized-collection","按类型区分（4000词）","行为","干涉","intercept","ˌɪntəˈsept","v. 拦截；截住","Try using ""intercept"" in a sentence related to 行为 干涉.","3115"
"3116","categorized-collection","按类型区分（4000词）","行为","干涉","interfere","ˌɪntəˈfɪə(r)","v. 干涉；干预；干扰","Try using ""interfere"" in a sentence related to 行为 干涉.","3116"
"3117","categorized-collection","按类型区分（4000词）","行为","干涉","intervene","ˌɪntəˈviːn","v. 干涉；介入；打岔；干扰","Try using ""intervene"" in a sentence related to 行为 干涉.","3117"
"3118","categorized-collection","按类型区分（4000词）","行为","干涉","meddle","ˈmed(ə)l","v. 干预；干涉","Try using ""meddle"" in a sentence related to 行为 干涉.","3118"
"3119","categorized-collection","按类型区分（4000词）","行为","干涉","mediate","ˈmiːdieɪt","v. 调停；斡旋","Try using ""mediate"" in a sentence related to 行为 干涉.","3119"
"3120","categorized-collection","按类型区分（4000词）","行为","干涉","obstacle","ˈɒbstək(ə)l","n. 障碍","Try using ""obstacle"" in a sentence related to 行为 干涉.","3120"
"3121","categorized-collection","按类型区分（4000词）","行为","干涉","obstruct","əbˈstrʌkt","v. 阻碍；阻塞；阻挡","Try using ""obstruct"" in a sentence related to 行为 干涉.","3121"
"3122","categorized-collection","按类型区分（4000词）","行为","干涉","prevent","prɪˈvent","v. 防止；阻止；预防","Try using ""prevent"" in a sentence related to 行为 干涉.","3122"
"3123","categorized-collection","按类型区分（4000词）","行为","干涉","snag","snæɡ","n. 小困难或障碍；划破处；钩丝处 v. 被钩住；划破；抢先获得","Try using ""snag"" in a sentence related to 行为 干涉.","3123"
"3124","categorized-collection","按类型区分（4000词）","行为","干涉","stunt","stʌnt","v. 阻碍成长；表演特技 n. 特技表演；噱头；发育不良的动植物","Try using ""stunt"" in a sentence related to 行为 干涉.","3124"
"3125","categorized-collection","按类型区分（4000词）","行为","干涉","tamper","ˈtæmpə(r)","v. 拨弄；玩弄；篡改；收买","Try using ""tamper"" in a sentence related to 行为 干涉.","3125"
"3126","categorized-collection","按类型区分（4000词）","行为","跟踪","entrap","ɪnˈtræp","v. 以网或陷阱捕捉；俘获；诱获；诱捕","Try using ""entrap"" in a sentence related to 行为 跟踪.","3126"
"3127","categorized-collection","按类型区分（4000词）","行为","跟踪","stalk","stɔːk","n. 茎；柄；梗 v. 跟踪；偷偷接近；昂首阔步地走","Try using ""stalk"" in a sentence related to 行为 跟踪.","3127"
"3128","categorized-collection","按类型区分（4000词）","行为","跟踪","trace","treɪs","n. 痕迹；轨迹；微量；追踪 v. 追踪；追溯；仔细查找；描摹","Try using ""trace"" in a sentence related to 行为 跟踪.","3128"
"3129","categorized-collection","按类型区分（4000词）","行为","跟踪","vestige","ˈvestɪdʒ","n. 遗迹；残余；丝毫","Try using ""vestige"" in a sentence related to 行为 跟踪.","3129"
"3130","categorized-collection","按类型区分（4000词）","行为","跟踪","scout","skaʊt","v. 侦察；巡视；搜寻；物色 n. 侦察；侦察兵；物色人才的人；童子军","Try using ""scout"" in a sentence related to 行为 跟踪.","3130"
"3131","categorized-collection","按类型区分（4000词）","行为","跟踪","track","træk","n. 轨道；踪迹；小路；跑道 v. 追踪；跟踪","Try using ""track"" in a sentence related to 行为 跟踪.","3131"
"3132","categorized-collection","按类型区分（4000词）","行为","固定","brace","breɪs","n. 支撑物；支架；牙箍 v. 支撑；绷紧；紧靠；准备好","Try using ""brace"" in a sentence related to 行为 固定.","3132"
"3133","categorized-collection","按类型区分（4000词）","行为","固定","fixed","fɪkst","adj. 固定的；不能变的；不易改变的 v. 修理；固定；确定；“fix”的过去式和过去分词","Try using ""fixed"" in a sentence related to 行为 固定.","3133"
"3134","categorized-collection","按类型区分（4000词）","行为","固定","fix","fɪks","v. 修理；固定；确定","Try using ""fix"" in a sentence related to 行为 固定.","3134"
"3135","categorized-collection","按类型区分（4000词）","行为","固定","immobile","ɪˈməʊbaɪl","adj. 不能移动的；静止的","Try using ""immobile"" in a sentence related to 行为 固定.","3135"
"3136","categorized-collection","按类型区分（4000词）","行为","固定","install","ɪnˈstɔːl","v. 安装；安置；（以正式仪式）使就职","Try using ""install"" in a sentence related to 行为 固定.","3136"
"3137","categorized-collection","按类型区分（4000词）","行为","固定","set","set","v. 设置；放置；使固定 n. 一组；一套；集合 adj. 固定的；位于…的；安排好的","Try using ""set"" in a sentence related to 行为 固定.","3137"
"3138","categorized-collection","按类型区分（4000词）","行为","固定","stationary","ˈsteɪʃənri","adj. 固定的；不动的","Try using ""stationary"" in a sentence related to 行为 固定.","3138"
"3139","categorized-collection","按类型区分（4000词）","行为","固定","sustain","səˈsteɪn","v. 支撑；承受；维持","Try using ""sustain"" in a sentence related to 行为 固定.","3139"
"3140","categorized-collection","按类型区分（4000词）","行为","观察","detect","dɪˈtekt","v. 察觉；查出；测出","Try using ""detect"" in a sentence related to 行为 观察.","3140"
"3141","categorized-collection","按类型区分（4000词）","行为","观察","detectable","dɪˈtektəb(ə)l","adj. 可发觉的；可检测的；可察觉的","Try using ""detectable"" in a sentence related to 行为 观察.","3141"
"3142","categorized-collection","按类型区分（4000词）","行为","观察","discernible","dɪˈsɜːnəb(ə)l","adj. 可辨别的","Try using ""discernible"" in a sentence related to 行为 观察.","3142"
"3143","categorized-collection","按类型区分（4000词）","行为","观察","identify","aɪˈdentɪfaɪ","v. 鉴定；识别；确认","Try using ""identify"" in a sentence related to 行为 观察.","3143"
"3144","categorized-collection","按类型区分（4000词）","行为","观察","insight","ˈɪnsaɪt","n. 洞察力；见识","Try using ""insight"" in a sentence related to 行为 观察.","3144"
"3145","categorized-collection","按类型区分（4000词）","行为","观察","investigate","ɪnˈvestɪɡeɪt","v. 调查；研究","Try using ""investigate"" in a sentence related to 行为 观察.","3145"
"3146","categorized-collection","按类型区分（4000词）","行为","观察","locate","ləʊˈkeɪt","v. 位于；查找…的地点；确定…的位置；使坐落于","Try using ""locate"" in a sentence related to 行为 观察.","3146"
"3147","categorized-collection","按类型区分（4000词）","行为","观察","observation","ˌɒbzəˈveɪʃ(ə)n","n. 观察；观测；注意；监视；（观察后的）意见","Try using ""observation"" in a sentence related to 行为 观察.","3147"
"3148","categorized-collection","按类型区分（4000词）","行为","观察","observe","əbˈzɜːv","v. 观察；注意到；遵守；评论；庆祝","Try using ""observe"" in a sentence related to 行为 观察.","3148"
"3149","categorized-collection","按类型区分（4000词）","行为","观察","perceive","pəˈsiːv","v. 察觉；理解；发觉","Try using ""perceive"" in a sentence related to 行为 观察.","3149"
"3150","categorized-collection","按类型区分（4000词）","行为","观察","perceptive","pəˈseptɪv","adj. 观察敏锐的；有洞察力的","Try using ""perceptive"" in a sentence related to 行为 观察.","3150"
"3151","categorized-collection","按类型区分（4000词）","行为","观察","perspective","pəˈspektɪv","n. 视角；观点；（对事物的）合理判断；透视；（远）景","Try using ""perspective"" in a sentence related to 行为 观察.","3151"
"3152","categorized-collection","按类型区分（4000词）","行为","观察","pierce","pɪəs","v. 刺穿；戳入","Try using ""pierce"" in a sentence related to 行为 观察.","3152"
"3153","categorized-collection","按类型区分（4000词）","行为","观察","scrutinize","ˈskruːtənaɪz","v. 详细检查；仔细察看","Try using ""scrutinize"" in a sentence related to 行为 观察.","3153"
"3154","categorized-collection","按类型区分（4000词）","行为","获得","attainment","əˈteɪnmənt","n. 达到；获得","Try using ""attainment"" in a sentence related to 行为 获得.","3154"
"3155","categorized-collection","按类型区分（4000词）","行为","获得","obtain","əbˈteɪn","v. 获得；得到","Try using ""obtain"" in a sentence related to 行为 获得.","3155"
"3156","categorized-collection","按类型区分（4000词）","行为","获得","gain","ɡeɪn","v. 获得；增加 n. 获得；增益","Try using ""gain"" in a sentence related to 行为 获得.","3156"
"3157","categorized-collection","按类型区分（4000词）","行为","获得","redeem","rɪˈdiːm","v. 弥补；兑换；付清；赎回；履行","Try using ""redeem"" in a sentence related to 行为 获得.","3157"
"3158","categorized-collection","按类型区分（4000词）","行为","获得","reclaim","rɪˈkleɪm","v. 要求归还；收回；开垦；感化","Try using ""reclaim"" in a sentence related to 行为 获得.","3158"
"3159","categorized-collection","按类型区分（4000词）","行为","获得","resumption","rɪˈzʌmpʃ(ə)n","n. 恢复；重新开始；继续进行","Try using ""resumption"" in a sentence related to 行为 获得.","3159"
"3160","categorized-collection","按类型区分（4000词）","行为","获得","procure","prəˈkjʊə(r)","v. 取得；获得；拉皮条","Try using ""procure"" in a sentence related to 行为 获得.","3160"
"3161","categorized-collection","按类型区分（4000词）","行为","获得","acquire","əˈkwaɪə(r)","v. 获得；得到；学会","Try using ""acquire"" in a sentence related to 行为 获得.","3161"
"3162","categorized-collection","按类型区分（4000词）","行为","获得","accomplishment","əˈkʌmplɪʃmənt","n. 成就；完成","Try using ""accomplishment"" in a sentence related to 行为 获得.","3162"
"3163","categorized-collection","按类型区分（4000词）","行为","获得","repossess","ˌriːpəˈzes","vt. 收回；取复；重新获得","Try using ""repossess"" in a sentence related to 行为 获得.","3163"
"3164","categorized-collection","按类型区分（4000词）","行为","获得","secure","sɪˈkjʊə(r)","adj. 安全的；可靠的；稳定的 v. （使）安全；担保；（使）获得","Try using ""secure"" in a sentence related to 行为 获得.","3164"
"3165","categorized-collection","按类型区分（4000词）","行为","坚持","fortitude","ˈfɔːtɪtjuːd","n. 刚毅；坚忍","Try using ""fortitude"" in a sentence related to 行为 坚持.","3165"
"3166","categorized-collection","按类型区分（4000词）","行为","坚持","indomitable","ɪnˈdɒmɪtəb(ə)l","adj. 不屈不挠的；百折不挠的","Try using ""indomitable"" in a sentence related to 行为 坚持.","3166"
"3167","categorized-collection","按类型区分（4000词）","行为","坚持","inflexible","ɪnˈfleksəb(ə)l","adj. 缺乏弹性的；不灵活的；僵硬的；死板的","Try using ""inflexible"" in a sentence related to 行为 坚持.","3167"
"3168","categorized-collection","按类型区分（4000词）","行为","坚持","insist","ɪnˈsɪst","v. 坚持；坚决要求","Try using ""insist"" in a sentence related to 行为 坚持.","3168"
"3169","categorized-collection","按类型区分（4000词）","行为","坚持","irreconcilable","ɪˌrekənˈsaɪləb(ə)l","adj. 不能调和的；无法化解的；不兼容的","Try using ""irreconcilable"" in a sentence related to 行为 坚持.","3169"
"3170","categorized-collection","按类型区分（4000词）","行为","坚持","debate","dɪˈbeɪt","n. 辩论；讨论 v. 辩论；讨论","Try using ""debate"" in a sentence related to 行为 坚持.","3170"
"3171","categorized-collection","按类型区分（4000词）","行为","坚持","perseverance","ˌpɜːsəˈvɪərəns","n. 毅力；坚持不懈；不屈不挠","Try using ""perseverance"" in a sentence related to 行为 坚持.","3171"
"3172","categorized-collection","按类型区分（4000词）","行为","坚持","persevere","ˌpɜːsəˈvɪə(r)","v. 坚持不懈；不屈不挠","Try using ""persevere"" in a sentence related to 行为 坚持.","3172"
"3173","categorized-collection","按类型区分（4000词）","行为","坚持","persistent","pəˈsɪstənt","adj. 执着的；坚持的；持续的","Try using ""persistent"" in a sentence related to 行为 坚持.","3173"
"3174","categorized-collection","按类型区分（4000词）","行为","坚持","resist","rɪˈzɪst","v. 抵制；抵抗","Try using ""resist"" in a sentence related to 行为 坚持.","3174"
"3175","categorized-collection","按类型区分（4000词）","行为","坚持","resolute","ˈrezəluːt","adj. 坚决的；毅然的；有决心的","Try using ""resolute"" in a sentence related to 行为 坚持.","3175"
"3176","categorized-collection","按类型区分（4000词）","行为","坚持","steadfast","ˈstedfɑːst","adj. 坚定的；不动摇的","Try using ""steadfast"" in a sentence related to 行为 坚持.","3176"
"3177","categorized-collection","按类型区分（4000词）","行为","坚持","stoically","ˈstəʊɪkli","adv. 坚忍地；恬淡寡欲地","Try using ""stoically"" in a sentence related to 行为 坚持.","3177"
"3178","categorized-collection","按类型区分（4000词）","行为","坚持","sturdy","ˈstɜːdi","adj. 强健的；坚固的；坚决的","Try using ""sturdy"" in a sentence related to 行为 坚持.","3178"
"3179","categorized-collection","按类型区分（4000词）","行为","坚持","tenacious","təˈneɪʃəs","adj. 紧握的；顽强的；坚决的；强的（记忆力）","Try using ""tenacious"" in a sentence related to 行为 坚持.","3179"
"3180","categorized-collection","按类型区分（4000词）","行为","坚持","unshaken","ʌnˈʃeɪkən","adj. 不动摇的；坚决的；泰然自若的","Try using ""unshaken"" in a sentence related to 行为 坚持.","3180"
"3181","categorized-collection","按类型区分（4000词）","行为","揭示","bare","beə(r)","adj. 赤裸的；空的；光秃秃的；仅有的 v. 使露出","Try using ""bare"" in a sentence related to 行为 揭示.","3181"
"3182","categorized-collection","按类型区分（4000词）","行为","揭示","betray","bɪˈtreɪ","v. 背叛；出卖；泄露；暴露","Try using ""betray"" in a sentence related to 行为 揭示.","3182"
"3183","categorized-collection","按类型区分（4000词）","行为","揭示","denote","dɪˈnəʊt","v. 表示；代表","Try using ""denote"" in a sentence related to 行为 揭示.","3183"
"3184","categorized-collection","按类型区分（4000词）","行为","揭示","divulge","daɪˈvʌldʒ","v. 泄露；透露","Try using ""divulge"" in a sentence related to 行为 揭示.","3184"
"3185","categorized-collection","按类型区分（4000词）","行为","揭示","exhibit","ɪɡˈzɪbɪt","v. 展览；陈列；展示 n. 展品；展览","Try using ""exhibit"" in a sentence related to 行为 揭示.","3185"
"3186","categorized-collection","按类型区分（4000词）","行为","揭示","expose","ɪkˈspəʊz","v. 暴露；揭露；使遭受","Try using ""expose"" in a sentence related to 行为 揭示.","3186"
"3187","categorized-collection","按类型区分（4000词）","行为","揭示","exposure","ɪkˈspəʊʒə(r)","n. 暴露；显露；揭露","Try using ""exposure"" in a sentence related to 行为 揭示.","3187"
"3188","categorized-collection","按类型区分（4000词）","行为","揭示","implicit","ɪmˈplɪsɪt","adj. 含蓄的；暗示的；无疑的；绝对的","Try using ""implicit"" in a sentence related to 行为 揭示.","3188"
"3189","categorized-collection","按类型区分（4000词）","行为","揭示","indicate","ˈɪndɪkeɪt","v. 指示；表明","Try using ""indicate"" in a sentence related to 行为 揭示.","3189"
"3190","categorized-collection","按类型区分（4000词）","行为","揭示","leak","liːk","v. 渗；漏；泄露 n. 漏洞；泄露","Try using ""leak"" in a sentence related to 行为 揭示.","3190"
"3191","categorized-collection","按类型区分（4000词）","行为","揭示","profess","prəˈfes","v. 公开承认；宣布；声称","Try using ""profess"" in a sentence related to 行为 揭示.","3191"
"3192","categorized-collection","按类型区分（4000词）","行为","揭示","reflection","rɪˈflekʃ(ə)n","n. 反射；反映；反省；沉思","Try using ""reflection"" in a sentence related to 行为 揭示.","3192"
"3193","categorized-collection","按类型区分（4000词）","行为","揭示","reveal","rɪˈviːl","v. 揭露；泄露；（使）显露 n. （电视节目最后的）揭示","Try using ""reveal"" in a sentence related to 行为 揭示.","3193"
"3194","categorized-collection","按类型区分（4000词）","行为","揭示","revelation","ˌrevəˈleɪʃ(ə)n","n. 揭露；被揭示的真相","Try using ""revelation"" in a sentence related to 行为 揭示.","3194"
"3195","categorized-collection","按类型区分（4000词）","行为","揭示","show","ʃəʊ","v. 展示；表明；给...看 n. 演出；节目；展览会；表现","Try using ""show"" in a sentence related to 行为 揭示.","3195"
"3196","categorized-collection","按类型区分（4000词）","行为","揭示","signify","ˈsɪɡnɪfaɪ","v. 表示；预示；象征；要紧","Try using ""signify"" in a sentence related to 行为 揭示.","3196"
"3197","categorized-collection","按类型区分（4000词）","行为","揭示","transpire","trænˈspaɪə(r)","v. 蒸发；排出；为人所知；发生","Try using ""transpire"" in a sentence related to 行为 揭示.","3197"
"3198","categorized-collection","按类型区分（4000词）","行为","揭示","unveil","ˌʌnˈveɪl","v. 摘下面纱；揭幕；揭露","Try using ""unveil"" in a sentence related to 行为 揭示.","3198"
"3199","categorized-collection","按类型区分（4000词）","行为","举止","action","ˈækʃ(ə)n","n. 行动；行为","Try using ""action"" in a sentence related to 行为 举止.","3199"
"3200","categorized-collection","按类型区分（4000词）","行为","举止","behave","bɪˈheɪv","v. 表现；举止","Try using ""behave"" in a sentence related to 行为 举止.","3200"
"3201","categorized-collection","按类型区分（4000词）","行为","举止","behaviour","bɪˈheɪvjə(r)","n. 行为；举止；表现","Try using ""behaviour"" in a sentence related to 行为 举止.","3201"
"3202","categorized-collection","按类型区分（4000词）","行为","举止","conduct","kənˈdʌkt","v. 实施；表现；指挥；引导；传导（电、热） n. 行为，举止；实施方式","Try using ""conduct"" in a sentence related to 行为 举止.","3202"
"3203","categorized-collection","按类型区分（4000词）","行为","举止","department","dɪˈpɑːtmənt","n. 部门；系；部","Try using ""department"" in a sentence related to 行为 举止.","3203"
"3204","categorized-collection","按类型区分（4000词）","行为","举止","manner","ˈmænə(r)","n. 方式；举止；礼节","Try using ""manner"" in a sentence related to 行为 举止.","3204"
"3205","categorized-collection","按类型区分（4000词）","行为","举止","demeanour","dɪˈmiːnə(r)","n. 举止；行为；风度","Try using ""demeanour"" in a sentence related to 行为 举止.","3205"
"3206","categorized-collection","按类型区分（4000词）","行为","举止","posture","ˈpɒstʃə(r)","n. 姿势；态度；情形 v. 作 ... 姿势","Try using ""posture"" in a sentence related to 行为 举止.","3206"
"3207","categorized-collection","按类型区分（4000词）","行为","举止","carriage","ˈkærɪdʒ","n. （火车）车厢；四轮马车；运输；举止；仪态","Try using ""carriage"" in a sentence related to 行为 举止.","3207"
"3208","categorized-collection","按类型区分（4000词）","行为","肯定","ascertain","ˌæsəˈteɪn","v. 查明；弄清；确定","Try using ""ascertain"" in a sentence related to 行为 肯定.","3208"
"3209","categorized-collection","按类型区分（4000词）","行为","肯定","affirm","əˈfɜːm","v. 断言；肯定；证实","Try using ""affirm"" in a sentence related to 行为 肯定.","3209"
"3210","categorized-collection","按类型区分（4000词）","行为","肯定","definite","ˈdefɪnət","adj. 肯定的；确定的","Try using ""definite"" in a sentence related to 行为 肯定.","3210"
"3211","categorized-collection","按类型区分（4000词）","行为","肯定","confirm","kənˈfɜːm","v. 证实；确认；批准","Try using ""confirm"" in a sentence related to 行为 肯定.","3211"
"3212","categorized-collection","按类型区分（4000词）","行为","肯定","unambiguous","ˌʌnæmˈbɪɡjuəs","adj. 不含糊的；明确的","Try using ""unambiguous"" in a sentence related to 行为 肯定.","3212"
"3213","categorized-collection","按类型区分（4000词）","行为","肯定","pronounce","prəˈnaʊns","v. 发音；宣告","Try using ""pronounce"" in a sentence related to 行为 肯定.","3213"
"3214","categorized-collection","按类型区分（4000词）","行为","肯定","infallible","ɪnˈfæləb(ə)l","adj. 一贯正确的；万无一失的","Try using ""infallible"" in a sentence related to 行为 肯定.","3214"
"3215","categorized-collection","按类型区分（4000词）","行为","肯定","undoubtedly","ʌnˈdaʊtɪdli","adv. 无疑地","Try using ""undoubtedly"" in a sentence related to 行为 肯定.","3215"
"3216","categorized-collection","按类型区分（4000词）","行为","控制","handle","ˈhænd(ə)l","v. 处理；操纵 n. 柄；把手","Try using ""handle"" in a sentence related to 行为 控制.","3216"
"3217","categorized-collection","按类型区分（4000词）","行为","控制","irrepressible","ˌɪrɪˈpresəb(ə)l","adj. 抑制不住的","Try using ""irrepressible"" in a sentence related to 行为 控制.","3217"
"3218","categorized-collection","按类型区分（4000词）","行为","控制","operate","ˈɒpəreɪt","v. 操作；运转；施行手术","Try using ""operate"" in a sentence related to 行为 控制.","3218"
"3219","categorized-collection","按类型区分（4000词）","行为","控制","unruly","ʌnˈruːli","adj. 不守规矩的；难控制的；难管束的","Try using ""unruly"" in a sentence related to 行为 控制.","3219"
"3220","categorized-collection","按类型区分（4000词）","行为","控制","dominate","ˈdɒmɪneɪt","v. 统治；支配；俯瞰","Try using ""dominate"" in a sentence related to 行为 控制.","3220"
"3221","categorized-collection","按类型区分（4000词）","行为","控制","predominate","prɪˈdɒmɪneɪt","v. 占主导地位；占支配地位","Try using ""predominate"" in a sentence related to 行为 控制.","3221"
"3222","categorized-collection","按类型区分（4000词）","行为","控制","rein","reɪn","n. 缰绳；驾驭；控制 v. 控制；驾驭","Try using ""rein"" in a sentence related to 行为 控制.","3222"
"3223","categorized-collection","按类型区分（4000词）","行为","控制","administer","ədˈmɪnɪstə(r)","v. 管理；执行；实施；给予（药物或治疗）","Try using ""administer"" in a sentence related to 行为 控制.","3223"
"3224","categorized-collection","按类型区分（4000词）","行为","理解","comprehend","ˌkɒmprɪˈhend","v. 理解；领会；包含","Try using ""comprehend"" in a sentence related to 行为 理解.","3224"
"3225","categorized-collection","按类型区分（4000词）","行为","理解","comprehensive","ˌkɒmprɪˈhensɪv","adj. 全面的；广泛的；综合的；详尽的","Try using ""comprehensive"" in a sentence related to 行为 理解.","3225"
"3226","categorized-collection","按类型区分（4000词）","行为","理解","elusive","ɪˈluːsɪv","adj. 难以捉摸的；不易被抓获（觉察、理解或记忆）的","Try using ""elusive"" in a sentence related to 行为 理解.","3226"
"3227","categorized-collection","按类型区分（4000词）","行为","理解","evident","ˈevɪdənt","adj. 明显的","Try using ""evident"" in a sentence related to 行为 理解.","3227"
"3228","categorized-collection","按类型区分（4000词）","行为","理解","explicit","ɪkˈsplɪsɪt","adj. 明确的；清楚的","Try using ""explicit"" in a sentence related to 行为 理解.","3228"
"3229","categorized-collection","按类型区分（4000词）","行为","理解","grasp","ɡrɑːsp","v. 抓紧；领会 n. 紧抓；领会","Try using ""grasp"" in a sentence related to 行为 理解.","3229"
"3230","categorized-collection","按类型区分（4000词）","行为","理解","ignorance","ˈɪɡnərəns","n. 无知；愚昧","Try using ""ignorance"" in a sentence related to 行为 理解.","3230"
"3231","categorized-collection","按类型区分（4000词）","行为","理解","ignorant","ˈɪɡnərənt","adj. 无知的；缺乏知识的","Try using ""ignorant"" in a sentence related to 行为 理解.","3231"
"3232","categorized-collection","按类型区分（4000词）","行为","理解","intelligible","ɪnˈtelɪdʒəb(ə)l","adj. 可理解的；明白易懂的；清楚的","Try using ""intelligible"" in a sentence related to 行为 理解.","3232"
"3233","categorized-collection","按类型区分（4000词）","行为","理解","mysterious","mɪˈstɪəriəs","adj. 神秘的","Try using ""mysterious"" in a sentence related to 行为 理解.","3233"
"3234","categorized-collection","按类型区分（4000词）","行为","理解","apprehend","ˌæprɪˈhend","v. 理解；逮捕","Try using ""apprehend"" in a sentence related to 行为 理解.","3234"
"3235","categorized-collection","按类型区分（4000词）","行为","理解","implicit","ɪmˈplɪsɪt","adj. 含蓄的；暗示的；无疑的；绝对的","Try using ""implicit"" in a sentence related to 行为 理解.","3235"
"3236","categorized-collection","按类型区分（4000词）","行为","理解","ambiguous","æmˈbɪɡjuəs","adj. 模棱两可的；含糊不清的","Try using ""ambiguous"" in a sentence related to 行为 理解.","3236"
"3237","categorized-collection","按类型区分（4000词）","行为","掠夺","bereave","bɪˈriːv","v. 夺去；使丧失","Try using ""bereave"" in a sentence related to 行为 掠夺.","3237"
"3238","categorized-collection","按类型区分（4000词）","行为","掠夺","harry","ˈhæri","v. 不断骚扰；打扰；侵扰","Try using ""harry"" in a sentence related to 行为 掠夺.","3238"
"3239","categorized-collection","按类型区分（4000词）","行为","掠夺","loot","luːt","n. 掠夺物；掠夺；赃物 v. 掠夺；洗劫","Try using ""loot"" in a sentence related to 行为 掠夺.","3239"
"3240","categorized-collection","按类型区分（4000词）","行为","掠夺","rapacious","rəˈpeɪʃəs","adj. 贪婪的；贪得无厌的；劫掠的","Try using ""rapacious"" in a sentence related to 行为 掠夺.","3240"
"3241","categorized-collection","按类型区分（4000词）","行为","掠夺","ravage","ˈrævɪdʒ","v. 毁坏；破坏；劫掠 n. 破坏；蹂躏","Try using ""ravage"" in a sentence related to 行为 掠夺.","3241"
"3242","categorized-collection","按类型区分（4000词）","行为","掠夺","strip","strɪp","v. 剥去；剥夺；脱衣 n. 长条；条状","Try using ""strip"" in a sentence related to 行为 掠夺.","3242"
"3243","categorized-collection","按类型区分（4000词）","行为","掠夺","plunder","ˈplʌndə(r)","v. 掠夺；抢劫 n. 掠夺物；掠夺；赃物","Try using ""plunder"" in a sentence related to 行为 掠夺.","3243"
"3244","categorized-collection","按类型区分（4000词）","行为","掠夺","depredate","ˈdɛprɪdeɪt","v. 掠夺，毁坏","Try using ""depredate"" in a sentence related to 行为 掠夺.","3244"
"3245","categorized-collection","按类型区分（4000词）","行为","掠夺","spoliate","ˈspəʊlɪeɪt","vt. 强夺，掠夺；抢劫","Try using ""spoliate"" in a sentence related to 行为 掠夺.","3245"
"3246","categorized-collection","按类型区分（4000词）","行为","迷惑","bewilder","bɪˈwɪldə(r)","v. 使迷惑；使...不知所措","Try using ""bewilder"" in a sentence related to 行为 迷惑.","3246"
"3247","categorized-collection","按类型区分（4000词）","行为","迷惑","blur","blɜː(r)","v. 使模糊；使看不清；弄污 n. 模糊","Try using ""blur"" in a sentence related to 行为 迷惑.","3247"
"3248","categorized-collection","按类型区分（4000词）","行为","迷惑","captivate","ˈkæptɪveɪt","v. 迷住；迷惑","Try using ""captivate"" in a sentence related to 行为 迷惑.","3248"
"3249","categorized-collection","按类型区分（4000词）","行为","迷惑","confound","kənˈfaʊnd","v. 使惊讶；使疑惑；使混淆","Try using ""confound"" in a sentence related to 行为 迷惑.","3249"
"3250","categorized-collection","按类型区分（4000词）","行为","迷惑","dazzle","ˈdæz(ə)l","v. 使目眩；使眼花；使惊叹 n. 耀眼；眩惑；灿烂","Try using ""dazzle"" in a sentence related to 行为 迷惑.","3250"
"3251","categorized-collection","按类型区分（4000词）","行为","迷惑","elude","ɪˈluːd","v. 躲避；把（某人）难倒","Try using ""elude"" in a sentence related to 行为 迷惑.","3251"
"3252","categorized-collection","按类型区分（4000词）","行为","迷惑","enigma","ɪˈnɪɡmə","n. 谜；谜一样的人或物","Try using ""enigma"" in a sentence related to 行为 迷惑.","3252"
"3253","categorized-collection","按类型区分（4000词）","行为","迷惑","enigmatic","ˌenɪɡˈmætɪk","adj. 神秘的；谜一般的；费解的","Try using ""enigmatic"" in a sentence related to 行为 迷惑.","3253"
"3254","categorized-collection","按类型区分（4000词）","行为","迷惑","entangle","ɪnˈtæŋɡl","v. 缠住；使卷入","Try using ""entangle"" in a sentence related to 行为 迷惑.","3254"
"3255","categorized-collection","按类型区分（4000词）","行为","迷惑","enthrall","ɪnˈθrɔːl","v. 迷惑；吸引住；奴役","Try using ""enthrall"" in a sentence related to 行为 迷惑.","3255"
"3256","categorized-collection","按类型区分（4000词）","行为","迷惑","equivocal","ɪˈkwɪvək(ə)l","adj. 模棱两可的；含糊其词的；难以解释的","Try using ""equivocal"" in a sentence related to 行为 迷惑.","3256"
"3257","categorized-collection","按类型区分（4000词）","行为","迷惑","fascinate","ˈfæsɪneɪt","v. 强烈吸引住；使着迷","Try using ""fascinate"" in a sentence related to 行为 迷惑.","3257"
"3258","categorized-collection","按类型区分（4000词）","行为","迷惑","labyrinth","ˈlæbərɪnθ","n. 迷宫；难解的事件；错综复杂","Try using ""labyrinth"" in a sentence related to 行为 迷惑.","3258"
"3259","categorized-collection","按类型区分（4000词）","行为","迷惑","maze","meɪz","n. 迷宫；错综复杂的曲径","Try using ""maze"" in a sentence related to 行为 迷惑.","3259"
"3260","categorized-collection","按类型区分（4000词）","行为","迷惑","perplex","pəˈpleks","v. 使困惑；使复杂化；使混乱","Try using ""perplex"" in a sentence related to 行为 迷惑.","3260"
"3261","categorized-collection","按类型区分（4000词）","行为","迷惑","riddle","ˈrɪd(ə)l","n. 谜语；费解的事 v. 解谜；出谜；使布满窟窿；打洞","Try using ""riddle"" in a sentence related to 行为 迷惑.","3261"
"3262","categorized-collection","按类型区分（4000词）","行为","迷惑","tangle","ˈtæŋɡl","v. （使）纠缠；使陷入；使混乱 n. 纠缠；混乱；纠纷","Try using ""tangle"" in a sentence related to 行为 迷惑.","3262"
"3263","categorized-collection","按类型区分（4000词）","行为","迷惑","glamour","ˈɡlæmə(r)","n. 魅力；魔力 v. 迷住","Try using ""glamour"" in a sentence related to 行为 迷惑.","3263"
"3264","categorized-collection","按类型区分（4000词）","行为","迷惑","delude","dɪˈluːd","v. 欺骗；哄骗；误导","Try using ""delude"" in a sentence related to 行为 迷惑.","3264"
"3265","categorized-collection","按类型区分（4000词）","行为","迷惑","bewitch","bɪˈwɪtʃ","v. 施魔法于；蛊惑","Try using ""bewitch"" in a sentence related to 行为 迷惑.","3265"
"3266","categorized-collection","按类型区分（4000词）","行为","迷惑","baffle","ˈbæf(ə)l","v. 使困惑；难倒；阻碍 n. 挡板；遮护物；阻碍体","Try using ""baffle"" in a sentence related to 行为 迷惑.","3266"
"3267","categorized-collection","按类型区分（4000词）","行为","迷惑","hypnotize","ˈhɪpnətaɪz","v. 施催眠术；使（某人）着迷","Try using ""hypnotize"" in a sentence related to 行为 迷惑.","3267"
"3268","categorized-collection","按类型区分（4000词）","行为","判断","affirm","əˈfɜːm","v. 断言；肯定；证实","Try using ""affirm"" in a sentence related to 行为 判断.","3268"
"3269","categorized-collection","按类型区分（4000词）","行为","判断","assert","əˈsɜːt","v. 断言；宣称；坚持；维护","Try using ""assert"" in a sentence related to 行为 判断.","3269"
"3270","categorized-collection","按类型区分（4000词）","行为","判断","conclude","kənˈkluːd","v. 推断出；得出结论；结束","Try using ""conclude"" in a sentence related to 行为 判断.","3270"
"3271","categorized-collection","按类型区分（4000词）","行为","判断","deem","diːm","v. 认为；觉得","Try using ""deem"" in a sentence related to 行为 判断.","3271"
"3272","categorized-collection","按类型区分（4000词）","行为","判断","determine","dɪˈtɜːmɪn","v. 决心；决定；测定；确定","Try using ""determine"" in a sentence related to 行为 判断.","3272"
"3273","categorized-collection","按类型区分（4000词）","行为","判断","discern","dɪˈsɜːn","v. 辨明；识别；洞悉","Try using ""discern"" in a sentence related to 行为 判断.","3273"
"3274","categorized-collection","按类型区分（4000词）","行为","判断","discretion","dɪˈskreʃ(ə)n","n. 自行决定权；谨慎；慎重","Try using ""discretion"" in a sentence related to 行为 判断.","3274"
"3275","categorized-collection","按类型区分（4000词）","行为","判断","dogmatic","dɒɡˈmætɪk","adj. 教条的；武断的；固执己见的","Try using ""dogmatic"" in a sentence related to 行为 判断.","3275"
"3276","categorized-collection","按类型区分（4000词）","行为","判断","illegible","ɪˈledʒəb(ə)l","adj. 难辨认的；模糊的","Try using ""illegible"" in a sentence related to 行为 判断.","3276"
"3277","categorized-collection","按类型区分（4000词）","行为","判断","pending","ˈpendɪŋ","adj. 待定的；即将发生的 prep. 在等待…期间；直到…为止","Try using ""pending"" in a sentence related to 行为 判断.","3277"
"3278","categorized-collection","按类型区分（4000词）","行为","判断","resolve","rɪˈzɒlv","v. 决心要；解决；（使）分解 n. 决心","Try using ""resolve"" in a sentence related to 行为 判断.","3278"
"3279","categorized-collection","按类型区分（4000词）","行为","叛变","betray","bɪˈtreɪ","v. 背叛；出卖；泄露；暴露","Try using ""betray"" in a sentence related to 行为 叛变.","3279"
"3280","categorized-collection","按类型区分（4000词）","行为","叛变","defection","dɪˈfekʃ(ə)n","n. 背信；变节；叛逃","Try using ""defection"" in a sentence related to 行为 叛变.","3280"
"3281","categorized-collection","按类型区分（4000词）","行为","叛变","overturn","ˌəʊvəˈtɜːn","v. 推翻；颠覆；打倒 n. 推翻；颠覆；打倒","Try using ""overturn"" in a sentence related to 行为 叛变.","3281"
"3282","categorized-collection","按类型区分（4000词）","行为","叛变","plot","plɒt","n. 小块用地；图表；情节；阴谋；秘密计划 v. 划分；设计情节；绘图；密谋","Try using ""plot"" in a sentence related to 行为 叛变.","3282"
"3283","categorized-collection","按类型区分（4000词）","行为","叛变","rebel","rɪˈbel","v. 反抗；造反 n. 叛逆者；造反者","Try using ""rebel"" in a sentence related to 行为 叛变.","3283"
"3284","categorized-collection","按类型区分（4000词）","行为","叛变","rebellion","rɪˈbeljən","n. 叛乱；反叛；造反","Try using ""rebellion"" in a sentence related to 行为 叛变.","3284"
"3285","categorized-collection","按类型区分（4000词）","行为","叛变","riot","ˈraɪət","n. 骚乱；暴乱","Try using ""riot"" in a sentence related to 行为 叛变.","3285"
"3286","categorized-collection","按类型区分（4000词）","行为","叛变","subvert","səbˈvɜːt","v. 颠覆；推翻；破坏","Try using ""subvert"" in a sentence related to 行为 叛变.","3286"
"3287","categorized-collection","按类型区分（4000词）","行为","叛变","treason","ˈtriːz(ə)n","n. 叛国（罪）；卖国（罪）","Try using ""treason"" in a sentence related to 行为 叛变.","3287"
"3288","categorized-collection","按类型区分（4000词）","行为","叛变","turbulent","ˈtɜːbjələnt","adj. 狂暴的；骚动的；动荡的；汹涌的","Try using ""turbulent"" in a sentence related to 行为 叛变.","3288"
"3289","categorized-collection","按类型区分（4000词）","行为","叛变","turmoil","ˈtɜːmɔɪl","n. 混乱；动荡；骚乱；恐慌","Try using ""turmoil"" in a sentence related to 行为 叛变.","3289"
"3290","categorized-collection","按类型区分（4000词）","行为","叛变","uprising","ˈʌpraɪzɪŋ","n. 起义；暴动","Try using ""uprising"" in a sentence related to 行为 叛变.","3290"
"3291","categorized-collection","按类型区分（4000词）","行为","叛变","uproar","ˈʌprɔː(r)","n. 喧嚣；骚动；吵闹","Try using ""uproar"" in a sentence related to 行为 叛变.","3291"
"3292","categorized-collection","按类型区分（4000词）","行为","叛变","overthrow","ˌəʊvəˈθrəʊ","v. 推翻；颠覆；打倒 n. 推翻；颠覆；打倒","Try using ""overthrow"" in a sentence related to 行为 叛变.","3292"
"3293","categorized-collection","按类型区分（4000词）","行为","叛变","traitor","ˈtreɪtə(r)","n. 叛徒；背叛者；卖国贼","Try using ""traitor"" in a sentence related to 行为 叛变.","3293"
"3294","categorized-collection","按类型区分（4000词）","行为","叛变","insurgence","ɪnˈsɜːdʒəns","n. 暴动；起义；造反；叛乱","Try using ""insurgence"" in a sentence related to 行为 叛变.","3294"
"3295","categorized-collection","按类型区分（4000词）","行为","叛变","revolt","rɪˈvəʊlt","v. 叛乱；反叛；（使）厌恶 n. 叛乱；厌恶；反感","Try using ""revolt"" in a sentence related to 行为 叛变.","3295"
"3296","categorized-collection","按类型区分（4000词）","行为","叛变","upheaval","ʌpˈhiːv(ə)l","n. 剧变；动乱","Try using ""upheaval"" in a sentence related to 行为 叛变.","3296"
"3297","categorized-collection","按类型区分（4000词）","行为","叛变","treachery","ˈtretʃəri","n. 背叛；背信弃义","Try using ""treachery"" in a sentence related to 行为 叛变.","3297"
"3298","categorized-collection","按类型区分（4000词）","行为","叛变","havoc","ˈhævək","n. 大破坏；大毁坏；大混乱","Try using ""havoc"" in a sentence related to 行为 叛变.","3298"
"3299","categorized-collection","按类型区分（4000词）","行为","破坏","breach","briːtʃ","n. 缺口；（关系）破裂；违背 v. 在…上造成缺口；违反；攻破","Try using ""breach"" in a sentence related to 行为 破坏.","3299"
"3300","categorized-collection","按类型区分（4000词）","行为","破坏","breakdown","ˈbreɪkdaʊn","n. 崩溃；倒塌；损坏；故障；细目分类","Try using ""breakdown"" in a sentence related to 行为 破坏.","3300"
"3301","categorized-collection","按类型区分（4000词）","行为","破坏","collapse","kəˈlæps","v. 倒塌；昏倒；暴跌；折叠 n. 倒塌；崩溃；病倒；暴跌","Try using ""collapse"" in a sentence related to 行为 破坏.","3301"
"3302","categorized-collection","按类型区分（4000词）","行为","破坏","crash","kræʃ","v. 碰撞；坠毁；崩溃 n. 碰撞；坠毁；崩溃","Try using ""crash"" in a sentence related to 行为 破坏.","3302"
"3303","categorized-collection","按类型区分（4000词）","行为","破坏","crumple","ˈkrʌmp(ə)l","v. （使）起皱；（使）崩溃；瘫倒","Try using ""crumple"" in a sentence related to 行为 破坏.","3303"
"3304","categorized-collection","按类型区分（4000词）","行为","破坏","crush","krʌʃ","v. 挤压；压碎；碾碎；弄皱；镇压 n. 迷恋；拥挤的人群","Try using ""crush"" in a sentence related to 行为 破坏.","3304"
"3305","categorized-collection","按类型区分（4000词）","行为","破坏","demolish","dɪˈmɒlɪʃ","v. 毁坏；拆除；推翻","Try using ""demolish"" in a sentence related to 行为 破坏.","3305"
"3306","categorized-collection","按类型区分（4000词）","行为","破坏","devastate","ˈdevəsteɪt","v. 毁灭；摧毁；变成废墟","Try using ""devastate"" in a sentence related to 行为 破坏.","3306"
"3307","categorized-collection","按类型区分（4000词）","行为","破坏","devastation","ˌdevəˈsteɪʃ(ə)n","n. （大面积的严重）破坏；极度震惊或悲伤","Try using ""devastation"" in a sentence related to 行为 破坏.","3307"
"3308","categorized-collection","按类型区分（4000词）","行为","破坏","devour","dɪˈvaʊə(r)","v. 吞食；吞噬；狼吞虎咽地吃；如饥似渴地看","Try using ""devour"" in a sentence related to 行为 破坏.","3308"
"3309","categorized-collection","按类型区分（4000词）","行为","破坏","disfigure","dɪsˈfɪɡə(r)","v. 损毁…的外形；使变丑","Try using ""disfigure"" in a sentence related to 行为 破坏.","3309"
"3310","categorized-collection","按类型区分（4000词）","行为","破坏","disintegration","dɪsˌɪntɪˈɡreɪʃ(ə)n","n. 崩解；瓦解；分裂","Try using ""disintegration"" in a sentence related to 行为 破坏.","3310"
"3311","categorized-collection","按类型区分（4000词）","行为","破坏","disrupt","dɪsˈrʌpt","v. 使混乱；使中断；扰乱","Try using ""disrupt"" in a sentence related to 行为 破坏.","3311"
"3312","categorized-collection","按类型区分（4000词）","行为","破坏","engulf","ɪnˈɡʌlf","v. 席卷；吞噬","Try using ""engulf"" in a sentence related to 行为 破坏.","3312"
"3313","categorized-collection","按类型区分（4000词）","行为","破坏","fracture","ˈfræktʃə(r)","n. 破裂；骨折 v. （使）断裂；（使）骨折；（使）分裂","Try using ""fracture"" in a sentence related to 行为 破坏.","3313"
"3314","categorized-collection","按类型区分（4000词）","行为","破坏","fragment","ˈfræɡmənt","n. 碎片；断片；片段 v. （使）成碎片；（使）分裂","Try using ""fragment"" in a sentence related to 行为 破坏.","3314"
"3315","categorized-collection","按类型区分（4000词）","行为","破坏","frustrate","frʌˈstreɪt","v. 挫败；使沮丧","Try using ""frustrate"" in a sentence related to 行为 破坏.","3315"
"3316","categorized-collection","按类型区分（4000词）","行为","破坏","mangle","ˈmæŋɡl","n. 衣物轧干机 v. 用轧干机压；压碎；乱切；乱砍；损坏；糟蹋","Try using ""mangle"" in a sentence related to 行为 破坏.","3316"
"3317","categorized-collection","按类型区分（4000词）","行为","破坏","ravage","ˈrævɪdʒ","v. 毁坏；破坏；劫掠 n. 破坏；蹂躏","Try using ""ravage"" in a sentence related to 行为 破坏.","3317"
"3318","categorized-collection","按类型区分（4000词）","行为","破坏","raze","reɪz","v. 使夷为平地；彻底摧毁","Try using ""raze"" in a sentence related to 行为 破坏.","3318"
"3319","categorized-collection","按类型区分（4000词）","行为","破坏","rupture","ˈrʌptʃə(r)","n. 破裂；断裂；疝气 v. （使）破裂；（使）断裂","Try using ""rupture"" in a sentence related to 行为 破坏.","3319"
"3320","categorized-collection","按类型区分（4000词）","行为","破坏","scrap","skræp","n. 小块；碎片；废金属；吵架 v. 废弃；取消 adj. 废弃的","Try using ""scrap"" in a sentence related to 行为 破坏.","3320"
"3321","categorized-collection","按类型区分（4000词）","行为","破坏","shatter","ˈʃætə(r)","v. 使粉碎；使破碎；使破灭 n. 碎片","Try using ""shatter"" in a sentence related to 行为 破坏.","3321"
"3322","categorized-collection","按类型区分（4000词）","行为","破坏","smash","smæʃ","v. 打碎；猛烈撞击 n. 打碎；破碎的哗啦声；撞车事故","Try using ""smash"" in a sentence related to 行为 破坏.","3322"
"3323","categorized-collection","按类型区分（4000词）","行为","破坏","spoil","spɔɪl","v. 宠坏；搞糟；变质 n. 赃物；战利品","Try using ""spoil"" in a sentence related to 行为 破坏.","3323"
"3324","categorized-collection","按类型区分（4000词）","行为","破坏","squash","skwɒʃ","n. 球类运动（ squash ）；南瓜；压碎；v. 压碎；挤压；使瘫痪","Try using ""squash"" in a sentence related to 行为 破坏.","3324"
"3325","categorized-collection","按类型区分（4000词）","行为","强迫","accelerate","əkˈseləreɪt","v. 加速；加快","Try using ""accelerate"" in a sentence related to 行为 强迫.","3325"
"3326","categorized-collection","按类型区分（4000词）","行为","强迫","compel","kəmˈpel","v. 强迫；胁迫","Try using ""compel"" in a sentence related to 行为 强迫.","3326"
"3327","categorized-collection","按类型区分（4000词）","行为","强迫","compulsive","kəmˈpʌlsɪv","adj. 无法控制行为的；禁不住的","Try using ""compulsive"" in a sentence related to 行为 强迫.","3327"
"3328","categorized-collection","按类型区分（4000词）","行为","强迫","constrain","kənˈstreɪn","v. 迫使；约束","Try using ""constrain"" in a sentence related to 行为 强迫.","3328"
"3329","categorized-collection","按类型区分（4000词）","行为","强迫","pressure","ˈpreʃə(r)","n. 压力；压强；压迫 v. 对…施加压力","Try using ""pressure"" in a sentence related to 行为 强迫.","3329"
"3330","categorized-collection","按类型区分（4000词）","行为","强迫","tease","tiːz","v. 取笑；戏弄；挑逗；梳理（毛、麻等） n. 爱嘲弄他人的人；戏弄","Try using ""tease"" in a sentence related to 行为 强迫.","3330"
"3331","categorized-collection","按类型区分（4000词）","行为","强迫","coerce","kəʊˈɜːs","v. 强迫；迫使","Try using ""coerce"" in a sentence related to 行为 强迫.","3331"
"3332","categorized-collection","按类型区分（4000词）","行为","强迫","obtrude","əbˈtruːd","v. 强使接受；打扰；闯入","Try using ""obtrude"" in a sentence related to 行为 强迫.","3332"
"3333","categorized-collection","按类型区分（4000词）","行为","强迫","coercive","kəʊˈɜːsɪv","adj. 强制的；强迫的","Try using ""coercive"" in a sentence related to 行为 强迫.","3333"
"3334","categorized-collection","按类型区分（4000词）","行为","强迫","impel","ɪmˈpel","v. 促使；驱策；迫使","Try using ""impel"" in a sentence related to 行为 强迫.","3334"
"3335","categorized-collection","按类型区分（4000词）","行为","勤奋","assiduous","əˈsɪdʒuəs","adj. 勤勉的；刻苦的","Try using ""assiduous"" in a sentence related to 行为 勤奋.","3335"
"3336","categorized-collection","按类型区分（4000词）","行为","勤奋","attempt","əˈtempt","n. 企图；试图 v. 企图；试图","Try using ""attempt"" in a sentence related to 行为 勤奋.","3336"
"3337","categorized-collection","按类型区分（4000词）","行为","勤奋","diligent","ˈdɪlɪdʒənt","adj. 勤勉的；勤奋的","Try using ""diligent"" in a sentence related to 行为 勤奋.","3337"
"3338","categorized-collection","按类型区分（4000词）","行为","勤奋","endeavour","ɪnˈdevə(r)","v. 努力；尽力 n. 尝试；努力","Try using ""endeavour"" in a sentence related to 行为 勤奋.","3338"
"3339","categorized-collection","按类型区分（4000词）","行为","勤奋","industrious","ɪnˈdʌstriəs","adj. 勤勉的；刻苦的","Try using ""industrious"" in a sentence related to 行为 勤奋.","3339"
"3340","categorized-collection","按类型区分（4000词）","行为","勤奋","laborious","ləˈbɔːriəs","adj. 耗时费力的；辛苦的；艰难的；艰涩的","Try using ""laborious"" in a sentence related to 行为 勤奋.","3340"
"3341","categorized-collection","按类型区分（4000词）","行为","勤奋","studious","ˈstjuːdiəs","adj. 好学的；用功的；仔细的；故意的","Try using ""studious"" in a sentence related to 行为 勤奋.","3341"
"3342","categorized-collection","按类型区分（4000词）","行为","勤奋","painstaking","ˈpeɪnzteɪkɪŋ","adj. 艰苦的；需细心的","Try using ""painstaking"" in a sentence related to 行为 勤奋.","3342"
"3343","categorized-collection","按类型区分（4000词）","行为","忍受","abide","əˈbaɪd","v. 遵守；忍受；居住；逗留","Try using ""abide"" in a sentence related to 行为 忍受.","3343"
"3344","categorized-collection","按类型区分（4000词）","行为","忍受","endure","ɪnˈdjʊə(r)","v. 忍受；忍耐","Try using ""endure"" in a sentence related to 行为 忍受.","3344"
"3345","categorized-collection","按类型区分（4000词）","行为","忍受","insufferable","ɪnˈsʌfrəb(ə)l","adj. 难以忍受的","Try using ""insufferable"" in a sentence related to 行为 忍受.","3345"
"3346","categorized-collection","按类型区分（4000词）","行为","忍受","stand","stænd","v. 站立；忍受；抵御 n. 停止；抵抗的状态；立足点","Try using ""stand"" in a sentence related to 行为 忍受.","3346"
"3347","categorized-collection","按类型区分（4000词）","行为","忍受","tolerable","ˈtɒlərəb(ə)l","adj. 可容忍的；还不错的","Try using ""tolerable"" in a sentence related to 行为 忍受.","3347"
"3348","categorized-collection","按类型区分（4000词）","行为","忍受","tolerate","ˈtɒləreɪt","v. 容忍；宽容","Try using ""tolerate"" in a sentence related to 行为 忍受.","3348"
"3349","categorized-collection","按类型区分（4000词）","行为","忍受","undergo","ˌʌndəˈɡəʊ","v. 经受；经历；遭受","Try using ""undergo"" in a sentence related to 行为 忍受.","3349"
"3350","categorized-collection","按类型区分（4000词）","行为","忍受","stomach","ˈstʌmək","n. 胃；腹部 v. 忍受；吃得下","Try using ""stomach"" in a sentence related to 行为 忍受.","3350"
"3351","categorized-collection","按类型区分（4000词）","行为","认可","acknowledge","əkˈnɒlɪdʒ","v. 承认；认可；告知收到；答谢","Try using ""acknowledge"" in a sentence related to 行为 认可.","3351"
"3352","categorized-collection","按类型区分（4000词）","行为","认可","admit","ədˈmɪt","v. 承认；允许进入","Try using ""admit"" in a sentence related to 行为 认可.","3352"
"3353","categorized-collection","按类型区分（4000词）","行为","认可","affirm","əˈfɜːm","v. 断言；肯定；证实","Try using ""affirm"" in a sentence related to 行为 认可.","3353"
"3354","categorized-collection","按类型区分（4000词）","行为","认可","approve","əˈpruːv","v. 批准；认可；通过；赞成(连of)","Try using ""approve"" in a sentence related to 行为 认可.","3354"
"3355","categorized-collection","按类型区分（4000词）","行为","认可","avow","əˈvaʊ","v. 承认；公开宣称声明","Try using ""avow"" in a sentence related to 行为 认可.","3355"
"3356","categorized-collection","按类型区分（4000词）","行为","认可","comply","kəmˈplaɪ","v. 顺从；遵守","Try using ""comply"" in a sentence related to 行为 认可.","3356"
"3357","categorized-collection","按类型区分（4000词）","行为","认可","concede","kənˈsiːd","v. 承认（失败）；让步","Try using ""concede"" in a sentence related to 行为 认可.","3357"
"3358","categorized-collection","按类型区分（4000词）","行为","认可","concession","kənˈseʃ(ə)n","n. 让步；（退一步）承认；特许权；减价票；销售场地；摊位","Try using ""concession"" in a sentence related to 行为 认可.","3358"
"3359","categorized-collection","按类型区分（4000词）","行为","认可","concur","kənˈkɜː(r)","v. 意见一致；同意","Try using ""concur"" in a sentence related to 行为 认可.","3359"
"3360","categorized-collection","按类型区分（4000词）","行为","认可","confess","kənˈfes","v. 承认；坦白；忏悔","Try using ""confess"" in a sentence related to 行为 认可.","3360"
"3361","categorized-collection","按类型区分（4000词）","行为","认可","connivance","kəˈnaɪvəns","n. 默许；纵容；共谋","Try using ""connivance"" in a sentence related to 行为 认可.","3361"
"3362","categorized-collection","按类型区分（4000词）","行为","认可","connive","kəˈnaɪv","v. 纵容；默许；共谋","Try using ""connive"" in a sentence related to 行为 认可.","3362"
"3363","categorized-collection","按类型区分（4000词）","行为","认可","corroborate","kəˈrɒbəreɪt","v. 证实；确证","Try using ""corroborate"" in a sentence related to 行为 认可.","3363"
"3364","categorized-collection","按类型区分（4000词）","行为","认可","endorse","ɪnˈdɔːs","v. 签署；背书；支持；赞同","Try using ""endorse"" in a sentence related to 行为 认可.","3364"
"3365","categorized-collection","按类型区分（4000词）","行为","认可","grant","ɡrɑːnt","v. 允许；承认；授予 n. 授予物；补助金","Try using ""grant"" in a sentence related to 行为 认可.","3365"
"3366","categorized-collection","按类型区分（4000词）","行为","认可","guarantee","ˌɡærənˈtiː","v. 保证；确保 n. 保证；保证书","Try using ""guarantee"" in a sentence related to 行为 认可.","3366"
"3367","categorized-collection","按类型区分（4000词）","行为","认可","pardon","ˈpɑːd(ə)n","v. 原谅；宽恕；请再说一遍 n. 原谅；宽恕","Try using ""pardon"" in a sentence related to 行为 认可.","3367"
"3368","categorized-collection","按类型区分（4000词）","行为","认可","permissible","pəˈmɪsəb(ə)l","adj. 可容许的；可承认的","Try using ""permissible"" in a sentence related to 行为 认可.","3368"
"3369","categorized-collection","按类型区分（4000词）","行为","认可","permissive","pəˈmɪsɪv","adj. 放任的；纵容的；许可的","Try using ""permissive"" in a sentence related to 行为 认可.","3369"
"3370","categorized-collection","按类型区分（4000词）","行为","认可","permit","pəˈmɪt","v. 允许；准许 n. 通行证；许可证；执照","Try using ""permit"" in a sentence related to 行为 认可.","3370"
"3371","categorized-collection","按类型区分（4000词）","行为","认可","ratify","ˈrætɪfaɪ","v. 批准；认可","Try using ""ratify"" in a sentence related to 行为 认可.","3371"
"3372","categorized-collection","按类型区分（4000词）","行为","认可","reception","rɪˈsepʃ(ə)n","n. 接待；招待会","Try using ""reception"" in a sentence related to 行为 认可.","3372"
"3373","categorized-collection","按类型区分（4000词）","行为","认可","recognition","ˌrekəɡˈnɪʃ(ə)n","n. 认识；识别；承认；认可；褒奖；酬劳","Try using ""recognition"" in a sentence related to 行为 认可.","3373"
"3374","categorized-collection","按类型区分（4000词）","行为","认可","recognize","ˈrekəɡnaɪz","v. 认出；意识到；承认","Try using ""recognize"" in a sentence related to 行为 认可.","3374"
"3375","categorized-collection","按类型区分（4000词）","行为","认可","tacit","ˈtæsɪt","adj. 心照不宣的；不作声的","Try using ""tacit"" in a sentence related to 行为 认可.","3375"
"3376","categorized-collection","按类型区分（4000词）","行为","失误","abortive","əˈbɔːtɪv","adj. 失败的；夭折的；发育不完全的","Try using ""abortive"" in a sentence related to 行为 失误.","3376"
"3377","categorized-collection","按类型区分（4000词）","行为","失误","absurd","əbˈsɜːd","adj. 荒唐的；荒唐可笑的 n. 荒诞的事物","Try using ""absurd"" in a sentence related to 行为 失误.","3377"
"3378","categorized-collection","按类型区分（4000词）","行为","失误","blunder","ˈblʌndə(r)","n. 愚蠢的错误；失误 v. 犯愚蠢的错误；失误；跌跌撞撞地走","Try using ""blunder"" in a sentence related to 行为 失误.","3378"
"3379","categorized-collection","按类型区分（4000词）","行为","失误","credulous","ˈkredʒələs","adj. 轻信的","Try using ""credulous"" in a sentence related to 行为 失误.","3379"
"3380","categorized-collection","按类型区分（4000词）","行为","失误","defective","dɪˈfektɪv","adj. 有缺点的；有缺陷的；有毛病的","Try using ""defective"" in a sentence related to 行为 失误.","3380"
"3381","categorized-collection","按类型区分（4000词）","行为","失误","defect","ˈdiːfekt","n. 毛病；缺陷 v. 叛逃；背叛","Try using ""defect"" in a sentence related to 行为 失误.","3381"
"3382","categorized-collection","按类型区分（4000词）","行为","失误","drawback","ˈdrɔːbæk","n. 缺点；不利条件","Try using ""drawback"" in a sentence related to 行为 失误.","3382"
"3383","categorized-collection","按类型区分（4000词）","行为","失误","error","ˈerə(r)","n. 错误；差错","Try using ""error"" in a sentence related to 行为 失误.","3383"
"3384","categorized-collection","按类型区分（4000词）","行为","失误","erroneous","ɪˈrəʊniəs","adj. 错误的；不正确的","Try using ""erroneous"" in a sentence related to 行为 失误.","3384"
"3385","categorized-collection","按类型区分（4000词）","行为","失误","fallible","ˈfæləb(ə)l","adj. 易犯错误的；可能犯错的","Try using ""fallible"" in a sentence related to 行为 失误.","3385"
"3386","categorized-collection","按类型区分（4000词）","行为","失误","flaw","flɔː","n. 瑕疵；缺陷；裂痕 v. 使有裂纹；使有缺陷","Try using ""flaw"" in a sentence related to 行为 失误.","3386"
"3387","categorized-collection","按类型区分（4000词）","行为","失误","futile","ˈfjuːtaɪl","adj. 无用的；徒劳的；没出息的","Try using ""futile"" in a sentence related to 行为 失误.","3387"
"3388","categorized-collection","按类型区分（4000词）","行为","失误","heedless","ˈhiːdləs","adj. 不留心的；不注意的","Try using ""heedless"" in a sentence related to 行为 失误.","3388"
"3389","categorized-collection","按类型区分（4000词）","行为","失误","ignore","ɪɡˈnɔː(r)","v. 忽视；忽略；置之不理","Try using ""ignore"" in a sentence related to 行为 失误.","3389"
"3390","categorized-collection","按类型区分（4000词）","行为","失误","innocent","ˈɪnəs(ə)nt","adj. 无辜的；清白的；无罪的；天真无邪的","Try using ""innocent"" in a sentence related to 行为 失误.","3390"
"3391","categorized-collection","按类型区分（4000词）","行为","失误","neglect","nɪˈɡlekt","v. 疏忽；忽视；不予重视 n. 疏忽；大意","Try using ""neglect"" in a sentence related to 行为 失误.","3391"
"3392","categorized-collection","按类型区分（4000词）","行为","失误","negligence","ˈneɡlɪdʒəns","n. 疏忽；过失；失职","Try using ""negligence"" in a sentence related to 行为 失误.","3392"
"3393","categorized-collection","按类型区分（4000词）","行为","失误","negligent","ˈneɡlɪdʒənt","adj. 疏忽的；粗心的；不在意的","Try using ""negligent"" in a sentence related to 行为 失误.","3393"
"3394","categorized-collection","按类型区分（4000词）","行为","失误","oblivion","əˈblɪviən","n. 遗忘；忘却；无意识；被摧毁","Try using ""oblivion"" in a sentence related to 行为 失误.","3394"
"3395","categorized-collection","按类型区分（4000词）","行为","失误","offhand","ˌɒfˈhænd","adj. 即时的；未经准备的；唐突无礼的 adv. 即时地；未经思索地；随便地","Try using ""offhand"" in a sentence related to 行为 失误.","3395"
"3396","categorized-collection","按类型区分（4000词）","行为","失误","omit","əˈmɪt","v. 省略；遗漏","Try using ""omit"" in a sentence related to 行为 失误.","3396"
"3397","categorized-collection","按类型区分（4000词）","行为","失误","overlook","ˌəʊvəˈlʊk","v. 忽略；俯视","Try using ""overlook"" in a sentence related to 行为 失误.","3397"
"3398","categorized-collection","按类型区分（4000词）","行为","失误","regardless","rɪˈɡɑːdləs","adj. 不顾的；不注意的 adv. 不顾；不加理会","Try using ""regardless"" in a sentence related to 行为 失误.","3398"
"3399","categorized-collection","按类型区分（4000词）","行为","失误","ridiculous","rɪˈdɪkjələs","adj. 荒谬的；可笑的","Try using ""ridiculous"" in a sentence related to 行为 失误.","3399"
"3400","categorized-collection","按类型区分（4000词）","行为","失误","slovenly","ˈslʌv(ə)nli","adj. 不修边幅的；邋遢的","Try using ""slovenly"" in a sentence related to 行为 失误.","3400"
"3401","categorized-collection","按类型区分（4000词）","行为","失误","useless","ˈjuːsləs","adj. 无用的；无效的","Try using ""useless"" in a sentence related to 行为 失误.","3401"
"3402","categorized-collection","按类型区分（4000词）","行为","束缚","bondage","ˈbɒndɪdʒ","n. 束缚；奴役","Try using ""bondage"" in a sentence related to 行为 束缚.","3402"
"3403","categorized-collection","按类型区分（4000词）","行为","束缚","bound","baʊnd","adj. 一定会；有义务的；密切相关的；准备前往 v. 受…限制；跳跃 v. 捆绑；“bind”的过去式和过去分词 n. 跳跃","Try using ""bound"" in a sentence related to 行为 束缚.","3403"
"3404","categorized-collection","按类型区分（4000词）","行为","束缚","check","tʃek","v. 检查；核对；制止；n. 检查；核对；支票；阻止","Try using ""check"" in a sentence related to 行为 束缚.","3404"
"3405","categorized-collection","按类型区分（4000词）","行为","束缚","circumscribe","ˈsɜːkəmskraɪb","v. 在...周围画线；限制；画外接圆","Try using ""circumscribe"" in a sentence related to 行为 束缚.","3405"
"3406","categorized-collection","按类型区分（4000词）","行为","束缚","confine","kənˈfaɪn","v. 限制；监禁","Try using ""confine"" in a sentence related to 行为 束缚.","3406"
"3407","categorized-collection","按类型区分（4000词）","行为","束缚","curb","kɜːb","v. 勒住；抑制 n. 抑制；约束；路缘；勒马绳","Try using ""curb"" in a sentence related to 行为 束缚.","3407"
"3408","categorized-collection","按类型区分（4000词）","行为","束缚","deterrent","dɪˈterənt","adj. 威慑的；吓阻的；遏制的 n. 威慑力量；威慑因素","Try using ""deterrent"" in a sentence related to 行为 束缚.","3408"
"3409","categorized-collection","按类型区分（4000词）","行为","束缚","fetter","ˈfetə(r)","v. 为 ... 上脚镣；束缚；限制 n. 脚镣；桎梏；束缚","Try using ""fetter"" in a sentence related to 行为 束缚.","3409"
"3410","categorized-collection","按类型区分（4000词）","行为","束缚","leash","liːʃ","n. 牵狗的链子或皮带；控制；约束","Try using ""leash"" in a sentence related to 行为 束缚.","3410"
"3411","categorized-collection","按类型区分（4000词）","行为","束缚","quell","kwel","v. 压制；平息；消除；减轻","Try using ""quell"" in a sentence related to 行为 束缚.","3411"
"3412","categorized-collection","按类型区分（4000词）","行为","束缚","restrain","rɪˈstreɪn","v. 抑制；抑止","Try using ""restrain"" in a sentence related to 行为 束缚.","3412"
"3413","categorized-collection","按类型区分（4000词）","行为","束缚","restrict","rɪˈstrɪkt","v. 限制；约束","Try using ""restrict"" in a sentence related to 行为 束缚.","3413"
"3414","categorized-collection","按类型区分（4000词）","行为","束缚","shackle","ˈʃæk(ə)l","n. 手铐；脚镣；镣铐；束缚物 v. 给...戴上镣铐；束缚","Try using ""shackle"" in a sentence related to 行为 束缚.","3414"
"3415","categorized-collection","按类型区分（4000词）","行为","束缚","temperance","ˈtempərəns","n. 节欲；戒酒；禁酒","Try using ""temperance"" in a sentence related to 行为 束缚.","3415"
"3416","categorized-collection","按类型区分（4000词）","行为","束缚","trammel","ˈtræm(ə)l","n. 马梏；量规；束缚物；渔网 v. 束缚；妨碍；用网捕捉","Try using ""trammel"" in a sentence related to 行为 束缚.","3416"
"3417","categorized-collection","按类型区分（4000词）","行为","束缚","imprison","ɪmˈprɪz(ə)n","v. 监禁；束缚","Try using ""imprison"" in a sentence related to 行为 束缚.","3417"
"3418","categorized-collection","按类型区分（4000词）","行为","束缚","limitative","ˈlɪmɪtətɪv","adj. 限制的","Try using ""limitative"" in a sentence related to 行为 束缚.","3418"
"3419","categorized-collection","按类型区分（4000词）","行为","束缚","constrain","kənˈstreɪn","v. 迫使；约束","Try using ""constrain"" in a sentence related to 行为 束缚.","3419"
"3420","categorized-collection","按类型区分（4000词）","行为","思考","conscious","ˈkɒnʃəs","adj. 有意识的；有知觉的；刻意的","Try using ""conscious"" in a sentence related to 行为 思考.","3420"
"3421","categorized-collection","按类型区分（4000词）","行为","思考","consider","kənˈsɪdə(r)","v. 考虑；思考；认为","Try using ""consider"" in a sentence related to 行为 思考.","3421"
"3422","categorized-collection","按类型区分（4000词）","行为","思考","considerate","kənˈsɪdərət","adj. 考虑周到的；体贴的","Try using ""considerate"" in a sentence related to 行为 思考.","3422"
"3423","categorized-collection","按类型区分（4000词）","行为","思考","contemplate","ˈkɒntəmpleɪt","v. 考虑；深思；凝视；思考…的可能性","Try using ""contemplate"" in a sentence related to 行为 思考.","3423"
"3424","categorized-collection","按类型区分（4000词）","行为","思考","elevate","ˈelɪveɪt","v. 举起；提高；提升；振奋","Try using ""elevate"" in a sentence related to 行为 思考.","3424"
"3425","categorized-collection","按类型区分（4000词）","行为","思考","embalm","ɪmˈbɑːm","vt. 铭记于心；使不朽；防腐；使充满香气","Try using ""embalm"" in a sentence related to 行为 思考.","3425"
"3426","categorized-collection","按类型区分（4000词）","行为","思考","haunt","hɔːnt","v. 出没；萦绕；长期困扰；常去 n. 常到之地","Try using ""haunt"" in a sentence related to 行为 思考.","3426"
"3427","categorized-collection","按类型区分（4000词）","行为","思考","meditative","ˈmedɪtətɪv","adj. 深思的；沉思冥想的","Try using ""meditative"" in a sentence related to 行为 思考.","3427"
"3428","categorized-collection","按类型区分（4000词）","行为","思考","ponder","ˈpɒndə(r)","v. 深思；仔细考虑","Try using ""ponder"" in a sentence related to 行为 思考.","3428"
"3429","categorized-collection","按类型区分（4000词）","行为","思考","recall","rɪˈkɔːl","v. 回忆起；召回 n. 记忆力","Try using ""recall"" in a sentence related to 行为 思考.","3429"
"3430","categorized-collection","按类型区分（4000词）","行为","思考","recollection","ˌrekəˈlekʃ(ə)n","n. 回忆；记忆；记忆力中的往事","Try using ""recollection"" in a sentence related to 行为 思考.","3430"
"3431","categorized-collection","按类型区分（4000词）","行为","思考","Ruminate","ˈruːmɪneɪt","v. 反刍；沉思；反复思考","Try using ""Ruminate"" in a sentence related to 行为 思考.","3431"
"3432","categorized-collection","按类型区分（4000词）","行为","思考","speculate","ˈspekjuleɪt","v. 推测；思索；投机","Try using ""speculate"" in a sentence related to 行为 思考.","3432"
"3433","categorized-collection","按类型区分（4000词）","行为","思考","tender","ˈtendə(r)","adj. 嫩的；温柔的；纤弱的；疼痛的 n. 看管者；投标；补给船；煤水车 v. 正式提出；投标","Try using ""tender"" in a sentence related to 行为 思考.","3433"
"3434","categorized-collection","按类型区分（4000词）","行为","探索","explore","ɪkˈsplɔː","v. 探索；勘探","Try using ""explore"" in a sentence related to 行为 探索.","3434"
"3435","categorized-collection","按类型区分（4000词）","行为","探索","ferret","ˈferɪt","n. 白鼬；雪貂 v. 用雪貂打猎；搜寻","Try using ""ferret"" in a sentence related to 行为 探索.","3435"
"3436","categorized-collection","按类型区分（4000词）","行为","探索","grope","ɡrəʊp","v. 摸索；搜索；搜寻","Try using ""grope"" in a sentence related to 行为 探索.","3436"
"3437","categorized-collection","按类型区分（4000词）","行为","探索","probe","prəʊb","n. 探针；探测器；探究 v. 探究；探查","Try using ""probe"" in a sentence related to 行为 探索.","3437"
"3438","categorized-collection","按类型区分（4000词）","行为","探索","risk","rɪsk","n. 风险 v. 冒...的危险","Try using ""risk"" in a sentence related to 行为 探索.","3438"
"3439","categorized-collection","按类型区分（4000词）","行为","探索","seek","siːk","v. 寻求；寻找","Try using ""seek"" in a sentence related to 行为 探索.","3439"
"3440","categorized-collection","按类型区分（4000词）","行为","探索","venture","ˈventʃə(r)","v. 冒险；投机 n. 冒险事业；商业冒险；投机","Try using ""venture"" in a sentence related to 行为 探索.","3440"
"3441","categorized-collection","按类型区分（4000词）","行为","探索","expedition","ˌekspəˈdɪʃ(ə)n","n. 远征；探险；探险队；短途旅行；迅速","Try using ""expedition"" in a sentence related to 行为 探索.","3441"
"3442","categorized-collection","按类型区分（4000词）","行为","探索","rummage","ˈrʌmɪdʒ","v. 搜寻；翻找；乱翻 n. 翻箱倒柜的寻找","Try using ""rummage"" in a sentence related to 行为 探索.","3442"
"3443","categorized-collection","按类型区分（4000词）","行为","探索","fumble","ˈfʌmb(ə)l","v. 乱摸；摸索；笨手笨脚地做 n. 摸索；笨手笨脚","Try using ""fumble"" in a sentence related to 行为 探索.","3443"
"3444","categorized-collection","按类型区分（4000词）","行为","探索","investigate","ɪnˈvestɪɡeɪt","v. 调查；研究","Try using ""investigate"" in a sentence related to 行为 探索.","3444"
"3445","categorized-collection","按类型区分（4000词）","行为","拖延","adjourn","əˈdʒɜːn","v. 休会；休庭；延期","Try using ""adjourn"" in a sentence related to 行为 拖延.","3445"
"3446","categorized-collection","按类型区分（4000词）","行为","拖延","defer","dɪˈfɜː(r)","v. 推迟；延缓；服从","Try using ""defer"" in a sentence related to 行为 拖延.","3446"
"3447","categorized-collection","按类型区分（4000词）","行为","拖延","delay","dɪˈleɪ","v. 推迟；延缓；耽搁 n. 推迟；延缓；耽搁","Try using ""delay"" in a sentence related to 行为 拖延.","3447"
"3448","categorized-collection","按类型区分（4000词）","行为","拖延","detain","dɪˈteɪn","v. 扣留；拘押；耽搁","Try using ""detain"" in a sentence related to 行为 拖延.","3448"
"3449","categorized-collection","按类型区分（4000词）","行为","拖延","postpone","pəˈspəʊn","v. 延期；延迟","Try using ""postpone"" in a sentence related to 行为 拖延.","3449"
"3450","categorized-collection","按类型区分（4000词）","行为","拖延","prolong","prəˈlɒŋ","v. 延长；拉长；拖长","Try using ""prolong"" in a sentence related to 行为 拖延.","3450"
"3451","categorized-collection","按类型区分（4000词）","行为","拖延","protract","prəˈtrækt","v. 延长；拖长；伸出","Try using ""protract"" in a sentence related to 行为 拖延.","3451"
"3452","categorized-collection","按类型区分（4000词）","行为","拖延","retard","rɪˈtɑːd","v. 延迟；弄慢；使耽误 n. 迟钝的人；弱智","Try using ""retard"" in a sentence related to 行为 拖延.","3452"
"3453","categorized-collection","按类型区分（4000词）","行为","拖延","tardy","ˈtɑːdi","adj. 迟的；缓慢的；迟缓的","Try using ""tardy"" in a sentence related to 行为 拖延.","3453"
"3454","categorized-collection","按类型区分（4000词）","行为","拖延","procrastination","prəˌkræstɪˈneɪʃ(ə)n","n. 拖延；耽搁","Try using ""procrastination"" in a sentence related to 行为 拖延.","3454"
"3455","categorized-collection","按类型区分（4000词）","行为","拖延","suspend","səˈspend","v. 暂停；中止；延期； suspending","Try using ""suspend"" in a sentence related to 行为 拖延.","3455"
"3456","categorized-collection","按类型区分（4000词）","行为","顽固","bigoted","ˈbɪɡətɪd","adj. 固执己见的；偏执的；执迷的","Try using ""bigoted"" in a sentence related to 行为 顽固.","3456"
"3457","categorized-collection","按类型区分（4000词）","行为","顽固","stubborn","ˈstʌbən","adj. 固执的；顽固的；倔强的","Try using ""stubborn"" in a sentence related to 行为 顽固.","3457"
"3458","categorized-collection","按类型区分（4000词）","行为","顽固","obstinate","ˈɒbstɪnət","adj. 执拗的；固执的；顽固的","Try using ""obstinate"" in a sentence related to 行为 顽固.","3458"
"3459","categorized-collection","按类型区分（4000词）","行为","顽固","hardheaded","hɑːdˈhedɪd","adj. 讲究实际的；头脑清晰的；不感情用事的","Try using ""hardheaded"" in a sentence related to 行为 顽固.","3459"
"3460","categorized-collection","按类型区分（4000词）","行为","顽固","headstrong","ˈhedstrɒŋ","adj. 刚愎自用的；顽固的；任性的","Try using ""headstrong"" in a sentence related to 行为 顽固.","3460"
"3461","categorized-collection","按类型区分（4000词）","行为","顽固","mulish","ˈmjuːlɪʃ","adj. 执拗的；顽固的","Try using ""mulish"" in a sentence related to 行为 顽固.","3461"
"3462","categorized-collection","按类型区分（4000词）","行为","顽固","opinionated","əˈpɪnjəneɪtɪd","adj. 固执己见的；顽固的","Try using ""opinionated"" in a sentence related to 行为 顽固.","3462"
"3463","categorized-collection","按类型区分（4000词）","行为","顽固","pigheaded","ˌpɪɡˈhɛdɪd","adj. 顽固的，愚蠢的；固执的","Try using ""pigheaded"" in a sentence related to 行为 顽固.","3463"
"3464","categorized-collection","按类型区分（4000词）","行为","吸引","absorb","əbˈzɔːb","v. 吸收；理解；吸引；使全神贯注；缓冲","Try using ""absorb"" in a sentence related to 行为 吸引.","3464"
"3465","categorized-collection","按类型区分（4000词）","行为","吸引","absorbing","əbˈzɔːbɪŋ","adj. 吸引人的；非常有趣的 v. 吸收；吸引；“absorb”的现在分词","Try using ""absorbing"" in a sentence related to 行为 吸引.","3465"
"3466","categorized-collection","按类型区分（4000词）","行为","吸引","addict","ˈædɪkt","n. 瘾君子；入迷的人","Try using ""addict"" in a sentence related to 行为 吸引.","3466"
"3467","categorized-collection","按类型区分（4000词）","行为","吸引","addicted","əˈdɪktɪd","adj. 上瘾了的；入了迷的","Try using ""addicted"" in a sentence related to 行为 吸引.","3467"
"3468","categorized-collection","按类型区分（4000词）","行为","吸引","attractive","əˈtræktɪv","adj. 有吸引力的","Try using ""attractive"" in a sentence related to 行为 吸引.","3468"
"3469","categorized-collection","按类型区分（4000词）","行为","吸引","bait","beɪt","n. 鱼饵；诱惑物 v. 下诱饵","Try using ""bait"" in a sentence related to 行为 吸引.","3469"
"3470","categorized-collection","按类型区分（4000词）","行为","吸引","catching","ˈkætʃɪŋ","v. 捕捉；“catch”的现在分词 adj. 有传染性的","Try using ""catching"" in a sentence related to 行为 吸引.","3470"
"3471","categorized-collection","按类型区分（4000词）","行为","吸引","charisma","kəˈrɪzmə","n. 超凡魅力；感召力","Try using ""charisma"" in a sentence related to 行为 吸引.","3471"
"3472","categorized-collection","按类型区分（4000词）","行为","吸引","draw","drɔː","v. 拉；拽；画；提取；吸引","Try using ""draw"" in a sentence related to 行为 吸引.","3472"
"3473","categorized-collection","按类型区分（4000词）","行为","吸引","engross","ɪnˈɡrəʊs","v. 使全神贯注；独占；垄断","Try using ""engross"" in a sentence related to 行为 吸引.","3473"
"3474","categorized-collection","按类型区分（4000词）","行为","吸引","engrossed","ɪnˈɡrəʊst","adj. 全神贯注的 v. 使全神贯注；独占；垄断；“engross”的过去式和过去分词","Try using ""engrossed"" in a sentence related to 行为 吸引.","3474"
"3475","categorized-collection","按类型区分（4000词）","行为","吸引","enrapture","ɪnˈræptʃə(r)","v. 使狂喜","Try using ""enrapture"" in a sentence related to 行为 吸引.","3475"
"3476","categorized-collection","按类型区分（4000词）","行为","吸引","entice","ɪnˈtaɪs","v. 诱使；引诱","Try using ""entice"" in a sentence related to 行为 吸引.","3476"
"3477","categorized-collection","按类型区分（4000词）","行为","吸引","glamour","ˈɡlæmə(r)","n. 魅力；魔力 v. 迷住","Try using ""glamour"" in a sentence related to 行为 吸引.","3477"
"3478","categorized-collection","按类型区分（4000词）","行为","吸引","glamorous","ˈɡlæmərəs","adj. 富有魅力的；迷人的","Try using ""glamorous"" in a sentence related to 行为 吸引.","3478"
"3479","categorized-collection","按类型区分（4000词）","行为","吸引","induce","ɪnˈdjuːs","v. 诱使；导致；劝说","Try using ""induce"" in a sentence related to 行为 吸引.","3479"
"3480","categorized-collection","按类型区分（4000词）","行为","吸引","intoxicate","ɪnˈtɒksɪkeɪt","v. 使中毒；使醉；使 ...陶醉","Try using ""intoxicate"" in a sentence related to 行为 吸引.","3480"
"3481","categorized-collection","按类型区分（4000词）","行为","吸引","inviting","ɪnˈvaɪtɪŋ","adj. 诱人的；吸引人的 v. 邀请；“invite”的现在分词","Try using ""inviting"" in a sentence related to 行为 吸引.","3481"
"3482","categorized-collection","按类型区分（4000词）","行为","吸引","lure","lʊə(r)","v. 吸引；诱惑；引诱 n. 诱惑；诱饵；吸引力","Try using ""lure"" in a sentence related to 行为 吸引.","3482"
"3483","categorized-collection","按类型区分（4000词）","行为","吸引","tempt","tempt","v. 诱惑；引诱；怂恿；劝诱","Try using ""tempt"" in a sentence related to 行为 吸引.","3483"
"3484","categorized-collection","按类型区分（4000词）","行为","吸引","allure","əˈlʊə(r)","n. 诱惑；吸引 v. 诱惑；吸引","Try using ""allure"" in a sentence related to 行为 吸引.","3484"
"3485","categorized-collection","按类型区分（4000词）","行为","吸引","magnetize","ˈmæɡnətaɪz","v. 使磁化；强烈吸引","Try using ""magnetize"" in a sentence related to 行为 吸引.","3485"
"3486","categorized-collection","按类型区分（4000词）","行为","吸引","fascinating","ˈfæsɪneɪtɪŋ","adj. 极有吸引力的；迷人的","Try using ""fascinating"" in a sentence related to 行为 吸引.","3486"
"3487","categorized-collection","按类型区分（4000词）","行为","虚弱","brittle","ˈbrɪt(ə)l","adj. 硬但易碎的；脆弱的；尖利的","Try using ""brittle"" in a sentence related to 行为 虚弱.","3487"
"3488","categorized-collection","按类型区分（4000词）","行为","虚弱","delicate","ˈdelɪkət","adj. 微妙的；易碎的；脆弱的；精致的","Try using ""delicate"" in a sentence related to 行为 虚弱.","3488"
"3489","categorized-collection","按类型区分（4000词）","行为","虚弱","emaciate","ɪˈmeɪʃieɪt","v. （使）消瘦；（使）衰弱","Try using ""emaciate"" in a sentence related to 行为 虚弱.","3489"
"3490","categorized-collection","按类型区分（4000词）","行为","虚弱","emaciated","ɪˈmeɪʃɪeɪtɪd","adj. 瘦弱的；憔悴的 v. （使）消瘦；（使）衰弱 ；“emaciate”的过去式和过去分词","Try using ""emaciated"" in a sentence related to 行为 虚弱.","3490"
"3491","categorized-collection","按类型区分（4000词）","行为","虚弱","fragile","ˈfrædʒaɪl","adj. 易碎的；不牢固的；脆弱的","Try using ""fragile"" in a sentence related to 行为 虚弱.","3491"
"3492","categorized-collection","按类型区分（4000词）","行为","虚弱","fragmentary","ˈfræɡməntri","adj. 由碎片组成的；不完整的；片断的","Try using ""fragmentary"" in a sentence related to 行为 虚弱.","3492"
"3493","categorized-collection","按类型区分（4000词）","行为","虚弱","frail","freɪl","adj. 易损的；易碎的；瘦弱的；不牢固的","Try using ""frail"" in a sentence related to 行为 虚弱.","3493"
"3494","categorized-collection","按类型区分（4000词）","行为","虚弱","impotence","ˈɪmpətəns","n. 无效；虚弱；无能为力；阳萎","Try using ""impotence"" in a sentence related to 行为 虚弱.","3494"
"3495","categorized-collection","按类型区分（4000词）","行为","虚弱","feeble","ˈfiːb(ə)l","adj. 虚弱的；衰弱的；无力的","Try using ""feeble"" in a sentence related to 行为 虚弱.","3495"
"3496","categorized-collection","按类型区分（4000词）","行为","虚弱","meagre","ˈmiːɡə(r)","adj. 贫乏的；微薄的","Try using ""meagre"" in a sentence related to 行为 虚弱.","3496"
"3497","categorized-collection","按类型区分（4000词）","行为","学习","academic","ˌækəˈdemɪk","adj. 学院的；学术的 n. 大学教师；学者","Try using ""academic"" in a sentence related to 行为 学习.","3497"
"3498","categorized-collection","按类型区分（4000词）","行为","学习","commence","kəˈmens","v. 开始发生；着手","Try using ""commence"" in a sentence related to 行为 学习.","3498"
"3499","categorized-collection","按类型区分（4000词）","行为","学习","cram","kræm","v. 塞满；填鸭式学习 n. 仓促备考；死记硬背","Try using ""cram"" in a sentence related to 行为 学习.","3499"
"3500","categorized-collection","按类型区分（4000词）","行为","学习","credit","ˈkredɪt","n. 赞扬；荣誉；赊账；信用；贷款；学分 v. 相信；给银行账户上存钱","Try using ""credit"" in a sentence related to 行为 学习.","3500"
"3501","categorized-collection","按类型区分（4000词）","行为","学习","discipline","ˈdɪsəplɪn","n. 纪律；训练；惩戒；学科；科目 v. 训练；约束自己；惩罚","Try using ""discipline"" in a sentence related to 行为 学习.","3501"
"3502","categorized-collection","按类型区分（4000词）","行为","学习","discourse","ˈdɪskɔːs","n. 演讲；论述；交谈；语篇 v. 论述","Try using ""discourse"" in a sentence related to 行为 学习.","3502"
"3503","categorized-collection","按类型区分（4000词）","行为","学习","ken","ken","n. 视野；眼界；知识范围","Try using ""ken"" in a sentence related to 行为 学习.","3503"
"3504","categorized-collection","按类型区分（4000词）","行为","学习","literate","ˈlɪtərət","adj. 识字的；有读写能力的；有文化的 n. 识字的人；有学问的人","Try using ""literate"" in a sentence related to 行为 学习.","3504"
"3505","categorized-collection","按类型区分（4000词）","行为","学习","margin","ˈmɑːdʒɪn","n. 边缘；差额；净利润；页边的空白处；余地","Try using ""margin"" in a sentence related to 行为 学习.","3505"
"3506","categorized-collection","按类型区分（4000词）","行为","学习","pamphlet","ˈpæmflət","n. 小册子","Try using ""pamphlet"" in a sentence related to 行为 学习.","3506"
"3507","categorized-collection","按类型区分（4000词）","行为","学习","stationery","ˈsteɪʃənri","n. 文具；信纸","Try using ""stationery"" in a sentence related to 行为 学习.","3507"
"3508","categorized-collection","按类型区分（4000词）","行为","学习","thesis","ˈθiːsɪs","n. 论点；论文","Try using ""thesis"" in a sentence related to 行为 学习.","3508"
"3509","categorized-collection","按类型区分（4000词）","行为","学习","transcript","ˈtrænskrɪpt","n. 副本；抄本；成绩单","Try using ""transcript"" in a sentence related to 行为 学习.","3509"
"3510","categorized-collection","按类型区分（4000词）","行为","学习","essay","ˈeseɪ","n. 散文；文章；尝试；企图 v. 企图；尝试","Try using ""essay"" in a sentence related to 行为 学习.","3510"
"3511","categorized-collection","按类型区分（4000词）","行为","学习","dissertation","ˌdɪsəˈteɪʃ(ə)n","n. 专题论文；学位论文","Try using ""dissertation"" in a sentence related to 行为 学习.","3511"
"3512","categorized-collection","按类型区分（4000词）","行为","遗留","bequest","bɪˈkwest","n. 遗产；遗赠","Try using ""bequest"" in a sentence related to 行为 遗留.","3512"
"3513","categorized-collection","按类型区分（4000词）","行为","遗留","heredity","həˈredəti","n. 遗传；遗传特征","Try using ""heredity"" in a sentence related to 行为 遗留.","3513"
"3514","categorized-collection","按类型区分（4000词）","行为","遗留","legacy","ˈleɡəsi","n. 遗产；遗赠","Try using ""legacy"" in a sentence related to 行为 遗留.","3514"
"3515","categorized-collection","按类型区分（4000词）","行为","遗留","relic","ˈrelɪk","n. 遗迹；遗物；遗风；纪念物","Try using ""relic"" in a sentence related to 行为 遗留.","3515"
"3516","categorized-collection","按类型区分（4000词）","行为","遗留","remains","rɪˈmeɪnz","n. 遗迹；残余；遗体 v. 剩下；留下；依然不变；“remain”的第三人称单数","Try using ""remains"" in a sentence related to 行为 遗留.","3516"
"3517","categorized-collection","按类型区分（4000词）","行为","隐藏","conceal","kənˈsiːl","v. 隐藏；隐瞒","Try using ""conceal"" in a sentence related to 行为 隐藏.","3517"
"3518","categorized-collection","按类型区分（4000词）","行为","隐藏","cryptic","ˈkrɪptɪk","adj. 隐秘的；秘密的；隐晦的","Try using ""cryptic"" in a sentence related to 行为 隐藏.","3518"
"3519","categorized-collection","按类型区分（4000词）","行为","隐藏","dissemble","dɪˈsemb(ə)l","v. 掩饰；假装；隐藏","Try using ""dissemble"" in a sentence related to 行为 隐藏.","3519"
"3520","categorized-collection","按类型区分（4000词）","行为","隐藏","feign","feɪn","v. 假装；装作","Try using ""feign"" in a sentence related to 行为 隐藏.","3520"
"3521","categorized-collection","按类型区分（4000词）","行为","隐藏","hide","haɪd","v. 隐藏；躲藏；隐瞒 n. 兽皮；人皮","Try using ""hide"" in a sentence related to 行为 隐藏.","3521"
"3522","categorized-collection","按类型区分（4000词）","行为","隐藏","lurk","lɜːk","v. 潜伏；隐藏 n. 潜伏；埋伏","Try using ""lurk"" in a sentence related to 行为 隐藏.","3522"
"3523","categorized-collection","按类型区分（4000词）","行为","隐藏","obscure","əbˈskjʊə(r)","adj. 昏暗的；不清楚的；无名的 v. 使模糊；使隐晦；使费解","Try using ""obscure"" in a sentence related to 行为 隐藏.","3523"
"3524","categorized-collection","按类型区分（4000词）","行为","隐藏","pretend","prɪˈtend","v. 假装；佯装；自称","Try using ""pretend"" in a sentence related to 行为 隐藏.","3524"
"3525","categorized-collection","按类型区分（4000词）","行为","隐藏","screen","skriːn","n. 屏幕；屏风；掩蔽物 v. 筛查；掩蔽；放映","Try using ""screen"" in a sentence related to 行为 隐藏.","3525"
"3526","categorized-collection","按类型区分（4000词）","行为","隐藏","secluded","sɪˈkluːdɪd","adj. 僻静的；隐僻的； 退隐的 v. 隔离；隔绝；隐居；“seclude”的过去式和过去分词","Try using ""secluded"" in a sentence related to 行为 隐藏.","3526"
"3527","categorized-collection","按类型区分（4000词）","行为","隐藏","seclusion","sɪˈkluːʒ(ə)n","n. 隐居；隔绝","Try using ""seclusion"" in a sentence related to 行为 隐藏.","3527"
"3528","categorized-collection","按类型区分（4000词）","行为","隐藏","simulate","ˈsɪmjuleɪt","v. 假装；冒充；模仿；模拟","Try using ""simulate"" in a sentence related to 行为 隐藏.","3528"
"3529","categorized-collection","按类型区分（4000词）","行为","隐藏","camouflage","ˈkæməflɑːʒ","v. 伪装；掩饰 n. 伪装；掩饰","Try using ""camouflage"" in a sentence related to 行为 隐藏.","3529"
"3530","categorized-collection","按类型区分（4000词）","行为","隐藏","mask","mɑːsk","n. 面具；面罩 v. 戴面具；掩饰","Try using ""mask"" in a sentence related to 行为 隐藏.","3530"
"3531","categorized-collection","按类型区分（4000词）","行为","隐藏","disguise","dɪsˈɡaɪz","v. 伪装；掩饰 n. 伪装；伪装物","Try using ""disguise"" in a sentence related to 行为 隐藏.","3531"
"3532","categorized-collection","按类型区分（4000词）","行为","隐藏","veil","veɪl","n. 面纱；遮盖物 v. 蒙上面纱；隐藏；掩饰","Try using ""veil"" in a sentence related to 行为 隐藏.","3532"
"3533","categorized-collection","按类型区分（4000词）","行为","运动","ascend","əˈsend","v. 上升；升高；登高","Try using ""ascend"" in a sentence related to 行为 运动.","3533"
"3534","categorized-collection","按类型区分（4000词）","行为","运动","budge","bʌdʒ","v. （使）稍微移动；（使）让步","Try using ""budge"" in a sentence related to 行为 运动.","3534"
"3535","categorized-collection","按类型区分（4000词）","行为","运动","locomote","ˌləʊkəˈməʊt","v. 移动；行动","Try using ""locomote"" in a sentence related to 行为 运动.","3535"
"3536","categorized-collection","按类型区分（4000词）","行为","运动","motion","ˈməʊʃ(ə)n","n. 运动；动作；提议","Try using ""motion"" in a sentence related to 行为 运动.","3536"
"3537","categorized-collection","按类型区分（4000词）","行为","运动","roam","rəʊm","v. 游荡；漫步；闲逛","Try using ""roam"" in a sentence related to 行为 运动.","3537"
"3538","categorized-collection","按类型区分（4000词）","行为","运动","rumble","ˈrʌmb(ə)l","n. 隆隆声；辘辘声 v. 隆隆作响；辘辘行驶","Try using ""rumble"" in a sentence related to 行为 运动.","3538"
"3539","categorized-collection","按类型区分（4000词）","行为","运动","scale","skeɪl","n. 规模；等级；秤；刻度；比例（尺） v. 改变…大小；攀登","Try using ""scale"" in a sentence related to 行为 运动.","3539"
"3540","categorized-collection","按类型区分（4000词）","行为","运动","stalk","stɔːk","n. 茎；柄；梗 v. 跟踪；偷偷接近；昂首阔步地走","Try using ""stalk"" in a sentence related to 行为 运动.","3540"
"3541","categorized-collection","按类型区分（4000词）","行为","运动","stray","streɪ","v. 迷路；偏离；走失 n. 离群者；走散者 adj. 走失的；离群的","Try using ""stray"" in a sentence related to 行为 运动.","3541"
"3542","categorized-collection","按类型区分（4000词）","行为","运动","stroll","strəʊl","v. 闲逛；散步；漫步 n. 闲逛；散步；漫步","Try using ""stroll"" in a sentence related to 行为 运动.","3542"
"3543","categorized-collection","按类型区分（4000词）","行为","运动","traverse","trəˈvɜːs","v. 横穿；横越；穿过 n. 横贯；横木","Try using ""traverse"" in a sentence related to 行为 运动.","3543"
"3544","categorized-collection","按类型区分（4000词）","行为","战胜","overcome","ˌəʊvəˈkʌm","v. 克服；战胜","Try using ""overcome"" in a sentence related to 行为 战胜.","3544"
"3545","categorized-collection","按类型区分（4000词）","行为","战胜","precede","prɪˈsiːd","v. 先于；领先","Try using ""precede"" in a sentence related to 行为 战胜.","3545"
"3546","categorized-collection","按类型区分（4000词）","行为","战胜","subjection","səbˈdʒekʃ(ə)n","n. 服从；征服","Try using ""subjection"" in a sentence related to 行为 战胜.","3546"
"3547","categorized-collection","按类型区分（4000词）","行为","战胜","surmount","səˈmaʊnt","v. 克服；越过；在...顶上","Try using ""surmount"" in a sentence related to 行为 战胜.","3547"
"3548","categorized-collection","按类型区分（4000词）","行为","战胜","surpass","səˈpɑːs","v. 超过；胜过；优于","Try using ""surpass"" in a sentence related to 行为 战胜.","3548"
"3549","categorized-collection","按类型区分（4000词）","行为","战胜","transcend","trænˈsend","v. 超越；超出","Try using ""transcend"" in a sentence related to 行为 战胜.","3549"
"3550","categorized-collection","按类型区分（4000词）","行为","战胜","unquenchable","ʌnˈkwentʃəbl","adj. 止不住的；不能遏制的；不能熄灭的","Try using ""unquenchable"" in a sentence related to 行为 战胜.","3550"
"3551","categorized-collection","按类型区分（4000词）","行为","战胜","vanquish","ˈvæŋkwɪʃ","v. 征服；克服；击败","Try using ""vanquish"" in a sentence related to 行为 战胜.","3551"
"3552","categorized-collection","按类型区分（4000词）","行为","战胜","conquer","ˈkɒŋkə(r)","v. 征服；克服","Try using ""conquer"" in a sentence related to 行为 战胜.","3552"
"3553","categorized-collection","按类型区分（4000词）","行为","战胜","defeat","dɪˈfiːt","v. 击败；战胜；使受挫 n. 失败；战胜","Try using ""defeat"" in a sentence related to 行为 战胜.","3553"
"3554","categorized-collection","按类型区分（4000词）","行为","战胜","triumph","ˈtraɪʌmf","v. 战胜；成功 n. 胜利；凯旋","Try using ""triumph"" in a sentence related to 行为 战胜.","3554"
"3555","categorized-collection","按类型区分（4000词）","行为","战胜","subjugate","ˈsʌbdʒuɡeɪt","v. 征服；压服；使服从","Try using ""subjugate"" in a sentence related to 行为 战胜.","3555"
"3556","categorized-collection","按类型区分（4000词）","行为","战胜","annihilate","əˈnaɪəleɪt","v. 消灭；歼灭；彻底击败","Try using ""annihilate"" in a sentence related to 行为 战胜.","3556"
"3557","categorized-collection","按类型区分（4000词）","行为","战胜","route","ruːt","n. 路线；途径","Try using ""route"" in a sentence related to 行为 战胜.","3557"
"3558","categorized-collection","按类型区分（4000词）","状态","变化","convert","kənˈvɜːt","v. 转换；转变；变换；使...改变信仰 n. 皈依者","Try using ""convert"" in a sentence related to 状态 变化.","3558"
"3559","categorized-collection","按类型区分（4000词）","状态","变化","copious","ˈkəʊpiəs","adj. 大量的；丰富的","Try using ""copious"" in a sentence related to 状态 变化.","3559"
"3560","categorized-collection","按类型区分（4000词）","状态","变化","diverse","daɪˈvɜːs","adj. 多种多样的；不同的","Try using ""diverse"" in a sentence related to 状态 变化.","3560"
"3561","categorized-collection","按类型区分（4000词）","状态","变化","diversify","daɪˈvɜːsɪfaɪ","v. 使多样化；使不同；使变化","Try using ""diversify"" in a sentence related to 状态 变化.","3561"
"3562","categorized-collection","按类型区分（4000词）","状态","变化","enrich","ɪnˈrɪtʃ","v. 使富裕；使富足","Try using ""enrich"" in a sentence related to 状态 变化.","3562"
"3563","categorized-collection","按类型区分（4000词）","状态","变化","fickle","ˈfɪk(ə)l","adj. 易变的；无常的；感情不专的","Try using ""fickle"" in a sentence related to 状态 变化.","3563"
"3564","categorized-collection","按类型区分（4000词）","状态","变化","lavish","ˈlævɪʃ","adj. 奢侈的；慷慨给予的；挥霍的；过多的 v. 浪费；挥霍；慷慨给予","Try using ""lavish"" in a sentence related to 状态 变化.","3564"
"3565","categorized-collection","按类型区分（4000词）","状态","变化","manifold","ˈmænɪfəʊld","adj. 繁多的；多种的 n. 歧管；具有多种形式的东西 v. 复写；增多；使多样","Try using ""manifold"" in a sentence related to 状态 变化.","3565"
"3566","categorized-collection","按类型区分（4000词）","状态","变化","mutation","mjuːˈteɪʃ(ə)n","n. 转变；突变；变异","Try using ""mutation"" in a sentence related to 状态 变化.","3566"
"3567","categorized-collection","按类型区分（4000词）","状态","变化","profuse","prəˈfjuːs","adj. 大量的；不吝惜的；浪费的","Try using ""profuse"" in a sentence related to 状态 变化.","3567"
"3568","categorized-collection","按类型区分（4000词）","状态","变化","transform","trænsˈfɔːm","v. 转变；改造","Try using ""transform"" in a sentence related to 状态 变化.","3568"
"3569","categorized-collection","按类型区分（4000词）","状态","变化","transition","trænˈzɪʃ(ə)n","n. 转变；过渡；变迁","Try using ""transition"" in a sentence related to 状态 变化.","3569"
"3570","categorized-collection","按类型区分（4000词）","状态","变化","variant","ˈveəriənt","adj. 相异的；各种各样的；不定的 n. 变体；变种；变形","Try using ""variant"" in a sentence related to 状态 变化.","3570"
"3571","categorized-collection","按类型区分（4000词）","状态","变化","variation","ˌveəriˈeɪʃ(ə)n","n. 变化；变动","Try using ""variation"" in a sentence related to 状态 变化.","3571"
"3572","categorized-collection","按类型区分（4000词）","状态","变化","various","ˈveəriəs","adj. 各种各样的；不同的；各种的","Try using ""various"" in a sentence related to 状态 变化.","3572"
"3573","categorized-collection","按类型区分（4000词）","状态","变化","vary","ˈveəri","v. 改变；变化；使多样化","Try using ""vary"" in a sentence related to 状态 变化.","3573"
"3574","categorized-collection","按类型区分（4000词）","状态","冲突（竞争）","admonish","ədˈmɒnɪʃ","v. 劝告；警告；训诫","Try using ""admonish"" in a sentence related to 状态 冲突（竞争）.","3574"
"3575","categorized-collection","按类型区分（4000词）","状态","冲突（竞争）","adverse","ˈædvɜːs","adj. 不利的；有害的；相反的；敌对的","Try using ""adverse"" in a sentence related to 状态 冲突（竞争）.","3575"
"3576","categorized-collection","按类型区分（4000词）","状态","冲突（竞争）","assail","əˈseɪl","v. 攻击；困扰；抨击；袭击","Try using ""assail"" in a sentence related to 状态 冲突（竞争）.","3576"
"3577","categorized-collection","按类型区分（4000词）","状态","冲突（竞争）","baste","beɪst","v. （烤肉时）润以脂油；狠揍；殴打；大骂；公开责骂","Try using ""baste"" in a sentence related to 状态 冲突（竞争）.","3577"
"3578","categorized-collection","按类型区分（4000词）","状态","冲突（竞争）","belligerent","bəˈlɪdʒərənt","adj. 交战的；寻衅的；好战的 n. 交战国；交战团体","Try using ""belligerent"" in a sentence related to 状态 冲突（竞争）.","3578"
"3579","categorized-collection","按类型区分（4000词）","状态","冲突（竞争）","compete","kəmˈpiːt","v. 竞争；比赛","Try using ""compete"" in a sentence related to 状态 冲突（竞争）.","3579"
"3580","categorized-collection","按类型区分（4000词）","状态","冲突（竞争）","contend","kənˈtend","v. 声称；主张；竞争；争辩","Try using ""contend"" in a sentence related to 状态 冲突（竞争）.","3580"
"3581","categorized-collection","按类型区分（4000词）","状态","冲突（竞争）","diverge","daɪˈvɜːdʒ","v. 叉开；分歧；相异","Try using ""diverge"" in a sentence related to 状态 冲突（竞争）.","3581"
"3582","categorized-collection","按类型区分（4000词）","状态","冲突（竞争）","divergent","daɪˈvɜːdʒənt","adj. 分歧的；叉开的；发散的；趋异的","Try using ""divergent"" in a sentence related to 状态 冲突（竞争）.","3582"
"3583","categorized-collection","按类型区分（4000词）","状态","冲突（竞争）","emulate","ˈemjuleɪt","v. 竞争；努力赶上；仿真；模仿","Try using ""emulate"" in a sentence related to 状态 冲突（竞争）.","3583"
"3584","categorized-collection","按类型区分（4000词）","状态","冲突（竞争）","feud","fjuːd","n. 世仇；长期不和；夙怨 v. 长期斗争；结世仇","Try using ""feud"" in a sentence related to 状态 冲突（竞争）.","3584"
"3585","categorized-collection","按类型区分（4000词）","状态","冲突（竞争）","frown","fraʊn","v. 皱眉；蹙额 n. 皱眉；蹙额","Try using ""frown"" in a sentence related to 状态 冲突（竞争）.","3585"
"3586","categorized-collection","按类型区分（4000词）","状态","冲突（竞争）","fulminate","ˈfʊlmɪneɪt","v. 大声呵斥；强烈谴责","Try using ""fulminate"" in a sentence related to 状态 冲突（竞争）.","3586"
"3587","categorized-collection","按类型区分（4000词）","状态","冲突（竞争）","hostile","ˈhɒstaɪl","adj. 敌意的；敌对的","Try using ""hostile"" in a sentence related to 状态 冲突（竞争）.","3587"
"3588","categorized-collection","按类型区分（4000词）","状态","冲突（竞争）","impact","ˈɪmpækt","n. 冲击（力）；影响力 v. 冲击；撞击；对…产生影响","Try using ""impact"" in a sentence related to 状态 冲突（竞争）.","3588"
"3589","categorized-collection","按类型区分（4000词）","状态","冲突（竞争）","offensive","əˈfensɪv","adj. 冒犯的；令人不快的；进攻性的","Try using ""offensive"" in a sentence related to 状态 冲突（竞争）.","3589"
"3590","categorized-collection","按类型区分（4000词）","状态","冲突（竞争）","parallel","ˈpærəlel","adj. 平行的；相似的；相同的 v. 平行；类似 n. 类似的事物；相似之处","Try using ""parallel"" in a sentence related to 状态 冲突（竞争）.","3590"
"3591","categorized-collection","按类型区分（4000词）","状态","冲突（竞争）","punch","pʌntʃ","n. 重拳击打 v. 拳打；打孔","Try using ""punch"" in a sentence related to 状态 冲突（竞争）.","3591"
"3592","categorized-collection","按类型区分（4000词）","状态","冲突（竞争）","repel","rɪˈpel","v. 排斥；相斥；击退；驱逐","Try using ""repel"" in a sentence related to 状态 冲突（竞争）.","3592"
"3593","categorized-collection","按类型区分（4000词）","状态","冲突（竞争）","Repulse","rɪˈpʌls","v. 击退；回绝；憎恶 n. 拒斥；击退；严拒","Try using ""Repulse"" in a sentence related to 状态 冲突（竞争）.","3593"
"3594","categorized-collection","按类型区分（4000词）","状态","冲突（竞争）","repulsive","rɪˈpʌlsɪv","adj. 排斥的；令人厌恶的；使人反感的","Try using ""repulsive"" in a sentence related to 状态 冲突（竞争）.","3594"
"3595","categorized-collection","按类型区分（4000词）","状态","冲突（竞争）","rival","ˈraɪv(ə)l","n. 竞争者；敌手 v. 竞争；相匹敌","Try using ""rival"" in a sentence related to 状态 冲突（竞争）.","3595"
"3596","categorized-collection","按类型区分（4000词）","状态","冲突（竞争）","strife","straɪf","n. 争吵；争斗；冲突","Try using ""strife"" in a sentence related to 状态 冲突（竞争）.","3596"
"3597","categorized-collection","按类型区分（4000词）","状态","冲突（竞争）","strike","straɪk","v. 击打；罢工；侵袭；突然想到；划（火柴） n. 罢工；袭击","Try using ""strike"" in a sentence related to 状态 冲突（竞争）.","3597"
"3598","categorized-collection","按类型区分（4000词）","状态","冲突（竞争）","struggle","ˈstrʌɡl","v. 努力；斗争；挣扎 n. 努力；斗争；难事","Try using ""struggle"" in a sentence related to 状态 冲突（竞争）.","3598"
"3599","categorized-collection","按类型区分（4000词）","状态","冲突（竞争）","tantalize","ˈtæntəlaɪz","v. （以可望而不可及之物）逗引；使干着急","Try using ""tantalize"" in a sentence related to 状态 冲突（竞争）.","3599"
"3600","categorized-collection","按类型区分（4000词）","状态","冲突（竞争）","thump","θʌmp","v. 重击；捶击；发撞击声 n. 重击声；重打","Try using ""thump"" in a sentence related to 状态 冲突（竞争）.","3600"
"3601","categorized-collection","按类型区分（4000词）","状态","穿透","impale","ɪmˈpeɪl","v. 刺穿；钉在尖桩上","Try using ""impale"" in a sentence related to 状态 穿透.","3601"
"3602","categorized-collection","按类型区分（4000词）","状态","穿透","penetrate","ˈpenətreɪt","v. 渗透；看穿；洞察","Try using ""penetrate"" in a sentence related to 状态 穿透.","3602"
"3603","categorized-collection","按类型区分（4000词）","状态","穿透","pierce","pɪəs","v. 刺穿；戳入","Try using ""pierce"" in a sentence related to 状态 穿透.","3603"
"3604","categorized-collection","按类型区分（4000词）","状态","穿透","punch","pʌntʃ","n. 重拳击打 v. 拳打；打孔","Try using ""punch"" in a sentence related to 状态 穿透.","3604"
"3605","categorized-collection","按类型区分（4000词）","状态","穿透","sheathe","ʃiːð","v. （将刀剑）入鞘；放进套里；包；覆盖","Try using ""sheathe"" in a sentence related to 状态 穿透.","3605"
"3606","categorized-collection","按类型区分（4000词）","状态","穿透","stab","stæb","n. 刺；戳 v. 刺；戳","Try using ""stab"" in a sentence related to 状态 穿透.","3606"
"3607","categorized-collection","按类型区分（4000词）","状态","穿透","transfix","trænsˈfɪks","v. 刺穿；戳穿；使吓呆；使发愣","Try using ""transfix"" in a sentence related to 状态 穿透.","3607"
"3608","categorized-collection","按类型区分（4000词）","状态","穿透","Bayonet","ˈbeɪənət","n. 刺刀；卡销 v. 用刺刀刺","Try using ""Bayonet"" in a sentence related to 状态 穿透.","3608"
"3609","categorized-collection","按类型区分（4000词）","状态","穿透","infiltrate","ˈɪnfɪltreɪt","v. （使）渗透；（使）渗入；（使）潜入","Try using ""infiltrate"" in a sentence related to 状态 穿透.","3609"
"3610","categorized-collection","按类型区分（4000词）","状态","穿透","puncture","ˈpʌŋktʃə(r)","n. 刺穿；刺孔 v. 刺穿；削弱","Try using ""puncture"" in a sentence related to 状态 穿透.","3610"
"3611","categorized-collection","按类型区分（4000词）","状态","发展","accomplished","əˈkʌmplɪʃt","adj. 技艺高超的；完成的；熟练的 v. 完成；实现；“accomplish”的过去式和过去分词","Try using ""accomplished"" in a sentence related to 状态 发展.","3611"
"3612","categorized-collection","按类型区分（4000词）","状态","发展","achieve","əˈtʃiːv","v. 完成；实现；达到；获得","Try using ""achieve"" in a sentence related to 状态 发展.","3612"
"3613","categorized-collection","按类型区分（4000词）","状态","发展","advance","ədˈvɑːns","n. 发展；进步；提前 v. 前进；发展；提前 adj. 预先的；在前的","Try using ""advance"" in a sentence related to 状态 发展.","3613"
"3614","categorized-collection","按类型区分（4000词）","状态","发展","beget","bɪˈɡet","v. 产生；引起；为…之父","Try using ""beget"" in a sentence related to 状态 发展.","3614"
"3615","categorized-collection","按类型区分（4000词）","状态","发展","climax","ˈklaɪmæks","n. 高潮；极点","Try using ""climax"" in a sentence related to 状态 发展.","3615"
"3616","categorized-collection","按类型区分（4000词）","状态","发展","commence","kəˈmens","v. 开始发生；着手","Try using ""commence"" in a sentence related to 状态 发展.","3616"
"3617","categorized-collection","按类型区分（4000词）","状态","发展","conclude","kənˈkluːd","v. 推断出；得出结论；结束","Try using ""conclude"" in a sentence related to 状态 发展.","3617"
"3618","categorized-collection","按类型区分（4000词）","状态","发展","conclusive","kənˈkluːsɪv","adj. 决定性的；无可置疑的；结论性的","Try using ""conclusive"" in a sentence related to 状态 发展.","3618"
"3619","categorized-collection","按类型区分（4000词）","状态","发展","condition","kənˈdɪʃ(ə)n","n. 状态；条件；环境 v. 使适应；影响；保养","Try using ""condition"" in a sentence related to 状态 发展.","3619"
"3620","categorized-collection","按类型区分（4000词）","状态","发展","culmination","ˌkʌlmɪˈneɪʃ(ə)n","n. 顶点；巅峰；高潮","Try using ""culmination"" in a sentence related to 状态 发展.","3620"
"3621","categorized-collection","按类型区分（4000词）","状态","发展","develop","dɪˈveləp","v. 发展；形成；制订","Try using ""develop"" in a sentence related to 状态 发展.","3621"
"3622","categorized-collection","按类型区分（4000词）","状态","发展","emerge","ɪˈmɜːdʒ","v. 浮现；显露；暴露","Try using ""emerge"" in a sentence related to 状态 发展.","3622"
"3623","categorized-collection","按类型区分（4000词）","状态","发展","engender","ɪnˈdʒendə(r)","v. 使发生；引起","Try using ""engender"" in a sentence related to 状态 发展.","3623"
"3624","categorized-collection","按类型区分（4000词）","状态","发展","eventual","ɪˈventʃuəl","adj. 最后的；最终的","Try using ""eventual"" in a sentence related to 状态 发展.","3624"
"3625","categorized-collection","按类型区分（4000词）","状态","发展","exit","ˈeksɪt","n. 出口 v. 退出；离去","Try using ""exit"" in a sentence related to 状态 发展.","3625"
"3626","categorized-collection","按类型区分（4000词）","状态","发展","final","ˈfaɪn(ə)l","adj. 最终的；最后的 n. 结局；决赛","Try using ""final"" in a sentence related to 状态 发展.","3626"
"3627","categorized-collection","按类型区分（4000词）","状态","发展","foremost","ˈfɔːməʊst","adj. 最重要的；最好的 adv. 首要地","Try using ""foremost"" in a sentence related to 状态 发展.","3627"
"3628","categorized-collection","按类型区分（4000词）","状态","发展","generate","ˈdʒenəreɪt","v. 产生；引起；发（热、电）","Try using ""generate"" in a sentence related to 状态 发展.","3628"
"3629","categorized-collection","按类型区分（4000词）","状态","发展","halt","hɔːlt","n. 停顿下来 v. 暂停；中断","Try using ""halt"" in a sentence related to 状态 发展.","3629"
"3630","categorized-collection","按类型区分（4000词）","状态","发展","headway","ˈhedweɪ","n. 前进；进展；间隔时间","Try using ""headway"" in a sentence related to 状态 发展.","3630"
"3631","categorized-collection","按类型区分（4000词）","状态","发展","incipient","ɪnˈsɪpiənt","adj. 起初的；初期的","Try using ""incipient"" in a sentence related to 状态 发展.","3631"
"3632","categorized-collection","按类型区分（4000词）","状态","发展","initial","ɪˈnɪʃ(ə)l","adj. 最初的；开始的 n. 首字母 v. 用姓名的首字母签名于","Try using ""initial"" in a sentence related to 状态 发展.","3632"
"3633","categorized-collection","按类型区分（4000词）","状态","发展","initiate","ɪˈnɪʃieɪt","v. 开始实施；发起；向…传授","Try using ""initiate"" in a sentence related to 状态 发展.","3633"
"3634","categorized-collection","按类型区分（4000词）","状态","发展","launch","lɔːntʃ","v. 发射；发起；启动；掷 n. 发射；投掷；启动","Try using ""launch"" in a sentence related to 状态 发展.","3634"
"3635","categorized-collection","按类型区分（4000词）","状态","发展","onset","ˈɒnset","n. 攻击；进攻；开始；发病","Try using ""onset"" in a sentence related to 状态 发展.","3635"
"3636","categorized-collection","按类型区分（4000词）","状态","发展","original","əˈrɪdʒən(ə)l","n. 原件；原稿 adj. 原来的；原版的；新颖的；有创造性的","Try using ""original"" in a sentence related to 状态 发展.","3636"
"3637","categorized-collection","按类型区分（4000词）","状态","发展","originally","əˈrɪdʒənəli","adv. 原来；起初","Try using ""originally"" in a sentence related to 状态 发展.","3637"
"3638","categorized-collection","按类型区分（4000词）","状态","发展","peak","piːk","n. 高峰；顶峰；帽檐 v. 达到高峰；达到最高值 adj. 最高的；高峰期的","Try using ""peak"" in a sentence related to 状态 发展.","3638"
"3639","categorized-collection","按类型区分（4000词）","状态","发展","phase","feɪz","n. 阶段；时期；（月亮或行星的）相位 v. 分阶段进行","Try using ""phase"" in a sentence related to 状态 发展.","3639"
"3640","categorized-collection","按类型区分（4000词）","状态","发展","primary","ˈpraɪməri","adj. 最初的；首要的；初等的；小学的；原来的","Try using ""primary"" in a sentence related to 状态 发展.","3640"
"3641","categorized-collection","按类型区分（4000词）","状态","发展","proceed","prəˈsiːd","v. 进行；继续；继续进行","Try using ""proceed"" in a sentence related to 状态 发展.","3641"
"3642","categorized-collection","按类型区分（4000词）","状态","发展","process","ˈprəʊses","n. 过程；进程；工序 v. 处理；加工","Try using ""process"" in a sentence related to 状态 发展.","3642"
"3643","categorized-collection","按类型区分（4000词）","状态","发展","progress","ˈprəʊɡres","n. 进展；进步；缓慢前进；稳步前进 v. 进展；进步；（时间）逐渐过去；前进","Try using ""progress"" in a sentence related to 状态 发展.","3643"
"3644","categorized-collection","按类型区分（4000词）","状态","发展","result","rɪˈzʌlt","n. 结果；成果；比分 v. 由于；导致","Try using ""result"" in a sentence related to 状态 发展.","3644"
"3645","categorized-collection","按类型区分（4000词）","状态","发展","resume","rɪˈzjuːm","v. （中断后）继续；重新开始 n. 简历","Try using ""resume"" in a sentence related to 状态 发展.","3645"
"3646","categorized-collection","按类型区分（4000词）","状态","发展","status","ˈsteɪtəs","n. 地位；身份；状态；职称；重要性","Try using ""status"" in a sentence related to 状态 发展.","3646"
"3647","categorized-collection","按类型区分（4000词）","状态","发展","successful","səkˈsesf(ə)l","adj. 成功的；有成就的","Try using ""successful"" in a sentence related to 状态 发展.","3647"
"3648","categorized-collection","按类型区分（4000词）","状态","发展","terminate","ˈtɜːmɪneɪt","v. 结束；终止；满期","Try using ""terminate"" in a sentence related to 状态 发展.","3648"
"3649","categorized-collection","按类型区分（4000词）","状态","发展","triumph","ˈtraɪʌmf","v. 战胜；成功 n. 胜利；凯旋","Try using ""triumph"" in a sentence related to 状态 发展.","3649"
"3650","categorized-collection","按类型区分（4000词）","状态","发展","ultimate","ˈʌltɪmət","adj. 最后的；最终的；最基本的；极端的 n. 最终","Try using ""ultimate"" in a sentence related to 状态 发展.","3650"
"3651","categorized-collection","按类型区分（4000词）","状态","发展","vanish","ˈvænɪʃ","v. 销声匿迹；突然消失","Try using ""vanish"" in a sentence related to 状态 发展.","3651"
"3652","categorized-collection","按类型区分（4000词）","状态","分离","detach","dɪˈtætʃ","v. 脱离；拆卸；分离","Try using ""detach"" in a sentence related to 状态 分离.","3652"
"3653","categorized-collection","按类型区分（4000词）","状态","分离","detached","dɪˈtætʃt","adj. 分离的；独立的；不带感情的；超然的 v. 脱离；拆卸；分离；“detach”的过去式和过去分词","Try using ""detached"" in a sentence related to 状态 分离.","3653"
"3654","categorized-collection","按类型区分（4000词）","状态","分离","disunite","ˌdɪsjuˈnaɪt","v. 使分离；使分裂；使不和","Try using ""disunite"" in a sentence related to 状态 分离.","3654"
"3655","categorized-collection","按类型区分（4000词）","状态","分离","rend","rend","v. 撕碎；劈开；揪扯；割裂","Try using ""rend"" in a sentence related to 状态 分离.","3655"
"3656","categorized-collection","按类型区分（4000词）","状态","分离","scatter","ˈskætə(r)","v. 分散；（使）散开；散布","Try using ""scatter"" in a sentence related to 状态 分离.","3656"
"3657","categorized-collection","按类型区分（4000词）","状态","分离","segregate","ˈseɡrɪɡeɪt","v. （使）分开；分离；隔离","Try using ""segregate"" in a sentence related to 状态 分离.","3657"
"3658","categorized-collection","按类型区分（4000词）","状态","分离","sever","ˈsevə(r)","v. 切断；脱离；切成两段","Try using ""sever"" in a sentence related to 状态 分离.","3658"
"3659","categorized-collection","按类型区分（4000词）","状态","分离","solitude","ˈsɒlətjuːd","n. 孤独；独处；寂寞","Try using ""solitude"" in a sentence related to 状态 分离.","3659"
"3660","categorized-collection","按类型区分（4000词）","状态","分离","apart","əˈpɑːt","adv. 分开地；相隔 adj. 分离的；分隔的","Try using ""apart"" in a sentence related to 状态 分离.","3660"
"3661","categorized-collection","按类型区分（4000词）","状态","分离","disengage","ˌdɪsɪnˈɡeɪdʒ","v. 解开；分离；使解脱；脱离战斗","Try using ""disengage"" in a sentence related to 状态 分离.","3661"
"3662","categorized-collection","按类型区分（4000词）","状态","分离","dissolve","dɪˈzɒlv","v. 溶解；解散；散去；禁不住（笑或哭）","Try using ""dissolve"" in a sentence related to 状态 分离.","3662"
"3663","categorized-collection","按类型区分（4000词）","状态","分离","separate","ˈseprət","adj. 分开的；分离的；单独的 v. 分离；隔离","Try using ""separate"" in a sentence related to 状态 分离.","3663"
"3664","categorized-collection","按类型区分（4000词）","状态","缓和","assuage","əˈsweɪdʒ","v. 缓和；减轻","Try using ""assuage"" in a sentence related to 状态 缓和.","3664"
"3665","categorized-collection","按类型区分（4000词）","状态","缓和","console","kənˈsəʊl","v. 安慰；慰问 n. 控制台；操纵台","Try using ""console"" in a sentence related to 状态 缓和.","3665"
"3666","categorized-collection","按类型区分（4000词）","状态","缓和","cushion","ˈkʊʃ(ə)n","n. 靠垫；软垫；缓冲物 v. 加衬垫；对…起缓冲作用；减轻…","Try using ""cushion"" in a sentence related to 状态 缓和.","3666"
"3667","categorized-collection","按类型区分（4000词）","状态","缓和","mitigate","ˈmɪtɪɡeɪt","v. 减轻；缓和","Try using ""mitigate"" in a sentence related to 状态 缓和.","3667"
"3668","categorized-collection","按类型区分（4000词）","状态","缓和","mollify","ˈmɒlɪfaɪ","v. 安慰；安抚；平息","Try using ""mollify"" in a sentence related to 状态 缓和.","3668"
"3669","categorized-collection","按类型区分（4000词）","状态","缓和","pacify","ˈpæsɪfaɪ","v. 安抚；抚慰；平定","Try using ""pacify"" in a sentence related to 状态 缓和.","3669"
"3670","categorized-collection","按类型区分（4000词）","状态","缓和","placate","pləˈkeɪt","v. 抚慰；平息","Try using ""placate"" in a sentence related to 状态 缓和.","3670"
"3671","categorized-collection","按类型区分（4000词）","状态","缓和","relax","rɪˈlæks","v. 放松；松懈","Try using ""relax"" in a sentence related to 状态 缓和.","3671"
"3672","categorized-collection","按类型区分（4000词）","状态","缓和","slacken","ˈslækən","v. 减缓；（使）松弛；懈怠","Try using ""slacken"" in a sentence related to 状态 缓和.","3672"
"3673","categorized-collection","按类型区分（4000词）","状态","缓和","soothe","suːð","v. 使安静；安慰；使缓和","Try using ""soothe"" in a sentence related to 状态 缓和.","3673"
"3674","categorized-collection","按类型区分（4000词）","状态","缓和","abate","əˈbeɪt","v. 减轻；减少；消除","Try using ""abate"" in a sentence related to 状态 缓和.","3674"
"3675","categorized-collection","按类型区分（4000词）","状态","缓和","demulcent","dɪˈmʌlsnt","adj. 缓和（炎症）的，镇痛的; n. （治疗炎症的）缓和剂，镇痛剂","Try using ""demulcent"" in a sentence related to 状态 缓和.","3675"
"3676","categorized-collection","按类型区分（4000词）","状态","缓和","lenitive","ˈlɛnɪtɪv","n. 缓和剂；润泽药; adj. 缓和的；减轻痛苦的","Try using ""lenitive"" in a sentence related to 状态 缓和.","3676"
"3677","categorized-collection","按类型区分（4000词）","状态","缓和","alleviate","əˈliːvieɪt","v. 减轻；缓解；缓和","Try using ""alleviate"" in a sentence related to 状态 缓和.","3677"
"3678","categorized-collection","按类型区分（4000词）","状态","缓和","relieve","rɪˈliːv","v. 减轻；缓解","Try using ""relieve"" in a sentence related to 状态 缓和.","3678"
"3679","categorized-collection","按类型区分（4000词）","状态","恢复","energize","ˈenədʒaɪz","v. 赋予能量；使精力充沛；激励","Try using ""energize"" in a sentence related to 状态 恢复.","3679"
"3680","categorized-collection","按类型区分（4000词）","状态","恢复","rally","ˈræli","v. 集合起来；振作；复苏 n. 集会","Try using ""rally"" in a sentence related to 状态 恢复.","3680"
"3681","categorized-collection","按类型区分（4000词）","状态","恢复","recover","rɪˈkʌvə(r)","v. 恢复；重新获得；复原","Try using ""recover"" in a sentence related to 状态 恢复.","3681"
"3682","categorized-collection","按类型区分（4000词）","状态","恢复","refresh","rɪˈfreʃ","v. 使恢复精力；使复原；使变新","Try using ""refresh"" in a sentence related to 状态 恢复.","3682"
"3683","categorized-collection","按类型区分（4000词）","状态","恢复","rehabilitate","ˌriːəˈbɪlɪteɪt","v. 恢复；修复；改造（罪犯）","Try using ""rehabilitate"" in a sentence related to 状态 恢复.","3683"
"3684","categorized-collection","按类型区分（4000词）","状态","恢复","restore","rɪˈstɔː(r)","v. 恢复","Try using ""restore"" in a sentence related to 状态 恢复.","3684"
"3685","categorized-collection","按类型区分（4000词）","状态","恢复","retrieve","rɪˈtriːv","v. 取回；重新获得；检索数据","Try using ""retrieve"" in a sentence related to 状态 恢复.","3685"
"3686","categorized-collection","按类型区分（4000词）","状态","恢复","revive","rɪˈvaɪv","v. 复活；复苏；再生；再用","Try using ""revive"" in a sentence related to 状态 恢复.","3686"
"3687","categorized-collection","按类型区分（4000词）","状态","恢复","revoke","rɪˈvəʊk","v. 撤回；取消；废除","Try using ""revoke"" in a sentence related to 状态 恢复.","3687"
"3688","categorized-collection","按类型区分（4000词）","状态","恢复","resume","rɪˈzjuːm","v. （中断后）继续；重新开始 n. 简历","Try using ""resume"" in a sentence related to 状态 恢复.","3688"
"3689","categorized-collection","按类型区分（4000词）","状态","恢复","recuperate","rɪˈkuːpəreɪt","v. （使）恢复；（使）复原","Try using ""recuperate"" in a sentence related to 状态 恢复.","3689"
"3690","categorized-collection","按类型区分（4000词）","状态","恢复","rejuvenate","rɪˈdʒuːvəneɪt","v. 使年轻； 使恢复精神； 使复原","Try using ""rejuvenate"" in a sentence related to 状态 恢复.","3690"
"3691","categorized-collection","按类型区分（4000词）","状态","恢复","convalesce","ˌkɒnvəˈles","v. 逐步康复；渐愈；复原","Try using ""convalesce"" in a sentence related to 状态 恢复.","3691"
"3692","categorized-collection","按类型区分（4000词）","状态","恢复","renovate","ˈrenəveɪt","v. 整修；翻新","Try using ""renovate"" in a sentence related to 状态 恢复.","3692"
"3693","categorized-collection","按类型区分（4000词）","状态","混乱","befuddle","bɪˈfʌd(ə)l","v. 使迷惑；使混乱；使烂醉","Try using ""befuddle"" in a sentence related to 状态 混乱.","3693"
"3694","categorized-collection","按类型区分（4000词）","状态","混乱","complex","ˈkɒmpleks","adj. 复杂的；费解的 n. 综合楼（群）；情结","Try using ""complex"" in a sentence related to 状态 混乱.","3694"
"3695","categorized-collection","按类型区分（4000词）","状态","混乱","complicate","ˈkɒmplɪkeɪt","v. 使费解；使复杂；（病情）恶化","Try using ""complicate"" in a sentence related to 状态 混乱.","3695"
"3696","categorized-collection","按类型区分（4000词）","状态","混乱","confuse","kənˈfjuːz","v. 迷惑；混淆","Try using ""confuse"" in a sentence related to 状态 混乱.","3696"
"3697","categorized-collection","按类型区分（4000词）","状态","混乱","disarray","ˌdɪsəˈreɪ","v. 弄乱；使混乱 n. 无秩序；混乱；衣冠不整","Try using ""disarray"" in a sentence related to 状态 混乱.","3697"
"3698","categorized-collection","按类型区分（4000词）","状态","混乱","intricate","ˈɪntrɪkət","adj. 错综复杂的","Try using ""intricate"" in a sentence related to 状态 混乱.","3698"
"3699","categorized-collection","按类型区分（4000词）","状态","混乱","jumble","ˈdʒʌmb(ə)l","v. 使混乱；使杂乱 n. 杂乱；混乱","Try using ""jumble"" in a sentence related to 状态 混乱.","3699"
"3700","categorized-collection","按类型区分（4000词）","状态","混乱","muddle","ˈmʌd(ə)l","v. 使混乱；使糊涂；胡乱应付 n. 混乱；糊涂","Try using ""muddle"" in a sentence related to 状态 混乱.","3700"
"3701","categorized-collection","按类型区分（4000词）","状态","混乱","shuffle","ˈʃʌf(ə)l","v. 拖曳；搅乱；洗牌；移来移去 n. 拖着脚走；洗牌；混在一起","Try using ""shuffle"" in a sentence related to 状态 混乱.","3701"
"3702","categorized-collection","按类型区分（4000词）","状态","混乱","chaos","ˈkeɪɒs","n. 混乱","Try using ""chaos"" in a sentence related to 状态 混乱.","3702"
"3703","categorized-collection","按类型区分（4000词）","状态","混乱","babelism","ˈbeɪbəlɪzəm","n. 混乱；难懂的话；嘈杂声","Try using ""babelism"" in a sentence related to 状态 混乱.","3703"
"3704","categorized-collection","按类型区分（4000词）","状态","混乱","disorder","dɪsˈɔːdə(r)","n. 混乱；无秩序；失调","Try using ""disorder"" in a sentence related to 状态 混乱.","3704"
"3705","categorized-collection","按类型区分（4000词）","状态","混乱","turmoil","ˈtɜːmɔɪl","n. 混乱；动荡；骚乱；恐慌","Try using ""turmoil"" in a sentence related to 状态 混乱.","3705"
"3706","categorized-collection","按类型区分（4000词）","状态","混乱","clutter","ˈklʌtə(r)","n. 杂乱；混乱 v. 弄乱","Try using ""clutter"" in a sentence related to 状态 混乱.","3706"
"3707","categorized-collection","按类型区分（4000词）","状态","混乱","tangle","ˈtæŋɡl","v. （使）纠缠；使陷入；使混乱 n. 纠缠；混乱；纠纷","Try using ""tangle"" in a sentence related to 状态 混乱.","3707"
"3708","categorized-collection","按类型区分（4000词）","状态","混乱","bedlam","ˈbedləm","n. 混乱；骚乱情景；疯人院","Try using ""bedlam"" in a sentence related to 状态 混乱.","3708"
"3709","categorized-collection","按类型区分（4000词）","状态","混乱","pandemonium","ˌpændəˈməʊniəm","n. 喧嚣；大混乱；大吵大闹","Try using ""pandemonium"" in a sentence related to 状态 混乱.","3709"
"3710","categorized-collection","按类型区分（4000词）","状态","聚集","assemble","əˈsemb(ə)l","v. 装配；集合","Try using ""assemble"" in a sentence related to 状态 聚集.","3710"
"3711","categorized-collection","按类型区分（4000词）","状态","聚集","assembly","əˈsembli","n. 装配；集会；会议","Try using ""assembly"" in a sentence related to 状态 聚集.","3711"
"3712","categorized-collection","按类型区分（4000词）","状态","聚集","congregate","ˈkɒŋɡrɪɡeɪt","v. 集合；聚集","Try using ""congregate"" in a sentence related to 状态 聚集.","3712"
"3713","categorized-collection","按类型区分（4000词）","状态","聚集","convene","kənˈviːn","v. 召集；集合；开会","Try using ""convene"" in a sentence related to 状态 聚集.","3713"
"3714","categorized-collection","按类型区分（4000词）","状态","聚集","gather","ˈɡæðə(r)","v. 聚集；集合","Try using ""gather"" in a sentence related to 状态 聚集.","3714"
"3715","categorized-collection","按类型区分（4000词）","状态","聚集","accumulate","əˈkjuːmjəleɪt","v. 积累","Try using ""accumulate"" in a sentence related to 状态 聚集.","3715"
"3716","categorized-collection","按类型区分（4000词）","状态","聚集","amass","əˈmæs","v. 积累；积聚；收集","Try using ""amass"" in a sentence related to 状态 聚集.","3716"
"3717","categorized-collection","按类型区分（4000词）","状态","聚集","flock","flɒk","n. （鸟或羊）群；（人）群 v. 聚集；群集","Try using ""flock"" in a sentence related to 状态 聚集.","3717"
"3718","categorized-collection","按类型区分（4000词）","状态","聚集","accompany","əˈkʌmpəni","v. 陪伴；伴随；为…伴奏","Try using ""accompany"" in a sentence related to 状态 聚集.","3718"
"3719","categorized-collection","按类型区分（4000词）","状态","扩大","augment","ɔːɡˈment","v. 增加；增强；扩大","Try using ""augment"" in a sentence related to 状态 扩大.","3719"
"3720","categorized-collection","按类型区分（4000词）","状态","扩大","broaden","ˈbrɔːd(ə)n","v. 变宽；扩大；开阔","Try using ""broaden"" in a sentence related to 状态 扩大.","3720"
"3721","categorized-collection","按类型区分（4000词）","状态","扩大","dilate","daɪˈleɪt","v. 使扩大；扩大；膨胀；详述","Try using ""dilate"" in a sentence related to 状态 扩大.","3721"
"3722","categorized-collection","按类型区分（4000词）","状态","扩大","expand","ɪkˈspænd","v. 扩大；膨胀；更充分地阐述","Try using ""expand"" in a sentence related to 状态 扩大.","3722"
"3723","categorized-collection","按类型区分（4000词）","状态","扩大","sprawl","sprɔːl","v. 伸开四肢；蔓延；杂乱无序地拓展 n. 伸开四肢；蔓延；杂乱无序的拓展","Try using ""sprawl"" in a sentence related to 状态 扩大.","3723"
"3724","categorized-collection","按类型区分（4000词）","状态","扩大","swell","swel","v. 膨胀；肿胀","Try using ""swell"" in a sentence related to 状态 扩大.","3724"
"3725","categorized-collection","按类型区分（4000词）","状态","扩大","enlarge","ɪnˈlɑːdʒ","v. 扩大；放大","Try using ""enlarge"" in a sentence related to 状态 扩大.","3725"
"3726","categorized-collection","按类型区分（4000词）","状态","扩大","extend","ɪkˈstend","v. 扩展；延长；提供；给予","Try using ""extend"" in a sentence related to 状态 扩大.","3726"
"3727","categorized-collection","按类型区分（4000词）","状态","扩大","magnify","ˈmæɡnɪfaɪ","v. 放大；扩大；夸大","Try using ""magnify"" in a sentence related to 状态 扩大.","3727"
"3728","categorized-collection","按类型区分（4000词）","状态","扩大","outstretch","aʊtˈstretʃ","v. 伸开；扩展","Try using ""outstretch"" in a sentence related to 状态 扩大.","3728"
"3729","categorized-collection","按类型区分（4000词）","状态","扩大","boost","buːst","v. 使增长；促进 n. 提高；增强","Try using ""boost"" in a sentence related to 状态 扩大.","3729"
"3730","categorized-collection","按类型区分（4000词）","状态","扩大","amplify","ˈæmplɪfaɪ","v. 放大，扩大；增强；详述","Try using ""amplify"" in a sentence related to 状态 扩大.","3730"
"3731","categorized-collection","按类型区分（4000词）","状态","黏附","adhere","ədˈhɪə(r)","v. 黏附；附着；坚持","Try using ""adhere"" in a sentence related to 状态 黏附.","3731"
"3732","categorized-collection","按类型区分（4000词）","状态","黏附","adherent","ədˈhɪərənt","n. 拥护者；信徒 adj. 黏附…的","Try using ""adherent"" in a sentence related to 状态 黏附.","3732"
"3733","categorized-collection","按类型区分（4000词）","状态","黏附","attachment","əˈtætʃmənt","n. 依恋；忠诚；隶属；附件；附加装置","Try using ""attachment"" in a sentence related to 状态 黏附.","3733"
"3734","categorized-collection","按类型区分（4000词）","状态","黏附","cling","klɪŋ","v. 紧贴；坚守","Try using ""cling"" in a sentence related to 状态 黏附.","3734"
"3735","categorized-collection","按类型区分（4000词）","状态","黏附","cohere","kəʊˈhɪə(r)","v. 黏合；连结；附着；连贯；形成整体","Try using ""cohere"" in a sentence related to 状态 黏附.","3735"
"3736","categorized-collection","按类型区分（4000词）","状态","黏附","sticky","ˈstɪki","adj. 黏的；棘手的","Try using ""sticky"" in a sentence related to 状态 黏附.","3736"
"3737","categorized-collection","按类型区分（4000词）","状态","黏附","stick","stɪk","v. 粘附；刺；（随意）放置；卡住；忍受 n. 棍枝；球棍；条状物，（一）根","Try using ""stick"" in a sentence related to 状态 黏附.","3737"
"3738","categorized-collection","按类型区分（4000词）","状态","黏附","slabby","ˈslæbi","adj. 板状的；粘稠的","Try using ""slabby"" in a sentence related to 状态 黏附.","3738"
"3739","categorized-collection","按类型区分（4000词）","状态","黏附","conglutinate","kənˈɡluːtɪneɪt","v. 粘合；使（创口）愈合; adj. 粘合的","Try using ""conglutinate"" in a sentence related to 状态 黏附.","3739"
"3740","categorized-collection","按类型区分（4000词）","状态","黏附","agglutinate","əˈɡluːtɪneɪt","v. 黏合，被黏合；凝集，（使）凝集；（语言）粘着; n. 胶结产物; adj. 粘结的","Try using ""agglutinate"" in a sentence related to 状态 黏附.","3740"
"3741","categorized-collection","按类型区分（4000词）","状态","偶然","accidental","ˌæksɪˈdent(ə)l","adj. 偶然的；意外的","Try using ""accidental"" in a sentence related to 状态 偶然.","3741"
"3742","categorized-collection","按类型区分（4000词）","状态","偶然","casual","ˈkæʒuəl","adj. 偶然的；随意的；非正式的；临时的；不定的","Try using ""casual"" in a sentence related to 状态 偶然.","3742"
"3743","categorized-collection","按类型区分（4000词）","状态","偶然","contingent","kənˈtɪndʒənt","n. 代表团；分遣队 adj. 依情况而定的；可能发生的","Try using ""contingent"" in a sentence related to 状态 偶然.","3743"
"3744","categorized-collection","按类型区分（4000词）","状态","偶然","indispensable","ˌɪndɪˈspensəb(ə)l","adj. 不可缺少的","Try using ""indispensable"" in a sentence related to 状态 偶然.","3744"
"3745","categorized-collection","按类型区分（4000词）","状态","偶然","fortuitous","fɔːˈtjuːɪtəs","adj. 偶然的；幸运的","Try using ""fortuitous"" in a sentence related to 状态 偶然.","3745"
"3746","categorized-collection","按类型区分（4000词）","状态","偶然","haphazard","hæpˈhæzəd","adj. 随意的；无计划的；任意的 n. 偶然","Try using ""haphazard"" in a sentence related to 状态 偶然.","3746"
"3747","categorized-collection","按类型区分（4000词）","状态","偶然","lottery","ˈlɒtəri","n. 彩票；开奖","Try using ""lottery"" in a sentence related to 状态 偶然.","3747"
"3748","categorized-collection","按类型区分（4000词）","状态","偶然","occasional","əˈkeɪʒən(ə)l","adj. 偶然的；临时的；不时的","Try using ""occasional"" in a sentence related to 状态 偶然.","3748"
"3749","categorized-collection","按类型区分（4000词）","状态","偶然","random","ˈrændəm","adj. 随意的；任意的 n. 随意； 任意","Try using ""random"" in a sentence related to 状态 偶然.","3749"
"3750","categorized-collection","按类型区分（4000词）","状态","偶然","incidentally","ˌɪnsɪˈdentli","adv. 附带地；偶然地；顺便地","Try using ""incidentally"" in a sentence related to 状态 偶然.","3750"
"3751","categorized-collection","按类型区分（4000词）","状态","偶然","incidental","ˌɪnsɪˈdent(ə)l","adj. 附带的；偶发的；非主要的","Try using ""incidental"" in a sentence related to 状态 偶然.","3751"
"3752","categorized-collection","按类型区分（4000词）","状态","频率","ceaseless","ˈsiːsləs","adj. 永不停止的；连续不断的","Try using ""ceaseless"" in a sentence related to 状态 频率.","3752"
"3753","categorized-collection","按类型区分（4000词）","状态","频率","constant","ˈkɒnstənt","adj. 恒定的；不变的；持续的 n. 常数；常量","Try using ""constant"" in a sentence related to 状态 频率.","3753"
"3754","categorized-collection","按类型区分（4000词）","状态","频率","fitful","ˈfɪtf(ə)l","adj. 断断续续的；一阵阵的","Try using ""fitful"" in a sentence related to 状态 频率.","3754"
"3755","categorized-collection","按类型区分（4000词）","状态","频率","frequency","ˈfriːkwənsi","n. 频率；频数；频繁","Try using ""frequency"" in a sentence related to 状态 频率.","3755"
"3756","categorized-collection","按类型区分（4000词）","状态","频率","haunt","hɔːnt","v. 出没；萦绕；长期困扰；常去 n. 常到之地","Try using ""haunt"" in a sentence related to 状态 频率.","3756"
"3757","categorized-collection","按类型区分（4000词）","状态","频率","incessant","ɪnˈses(ə)nt","adj. 不断的；不停的；连续的","Try using ""incessant"" in a sentence related to 状态 频率.","3757"
"3758","categorized-collection","按类型区分（4000词）","状态","频率","speedy","ˈspiːdi","adj. 快的；迅速的；敏捷的","Try using ""speedy"" in a sentence related to 状态 频率.","3758"
"3759","categorized-collection","按类型区分（4000词）","状态","频率","successive","səkˈsesɪv","adj. 继承的；连续的","Try using ""successive"" in a sentence related to 状态 频率.","3759"
"3760","categorized-collection","按类型区分（4000词）","状态","频率","swift","swɪft","adj. 快的；迅速的；敏捷的 n. 雨燕","Try using ""swift"" in a sentence related to 状态 频率.","3760"
"3761","categorized-collection","按类型区分（4000词）","状态","频率","continual","kənˈtɪnjuəl","adj. 不停的；连续的","Try using ""continual"" in a sentence related to 状态 频率.","3761"
"3762","categorized-collection","按类型区分（4000词）","状态","频率","regular","ˈreɡjələ(r)","adj. 规则的；有规律的；经常的；常见的；分量适中的 n. 正规军； 主力（或正式）队员； 常客","Try using ""regular"" in a sentence related to 状态 频率.","3762"
"3763","categorized-collection","按类型区分（4000词）","状态","频率","persistent","pəˈsɪstənt","adj. 执着的；坚持的；持续的","Try using ""persistent"" in a sentence related to 状态 频率.","3763"
"3764","categorized-collection","按类型区分（4000词）","状态","缺乏","devoid","dɪˈvɔɪd","adj. 全无的；缺乏的","Try using ""devoid"" in a sentence related to 状态 缺乏.","3764"
"3765","categorized-collection","按类型区分（4000词）","状态","缺乏","forfeit","ˈfɔːfɪt","n. 没收物；罚金 v. 丧失；被没收","Try using ""forfeit"" in a sentence related to 状态 缺乏.","3765"
"3766","categorized-collection","按类型区分（4000词）","状态","缺乏","insufficient","ˌɪnsəˈfɪʃ(ə)nt","adj. 不充分的；不足的","Try using ""insufficient"" in a sentence related to 状态 缺乏.","3766"
"3767","categorized-collection","按类型区分（4000词）","状态","缺乏","meager","ˈmiːɡə(r)","adj. 贫乏的；微薄的","Try using ""meager"" in a sentence related to 状态 缺乏.","3767"
"3768","categorized-collection","按类型区分（4000词）","状态","缺乏","needy","ˈniːdi","adj. 贫穷的；缺乏的","Try using ""needy"" in a sentence related to 状态 缺乏.","3768"
"3769","categorized-collection","按类型区分（4000词）","状态","缺乏","scanty","ˈskænti","adj. 欠缺的；过小的；少量的","Try using ""scanty"" in a sentence related to 状态 缺乏.","3769"
"3770","categorized-collection","按类型区分（4000词）","状态","缺乏","scarce","skeəs","adj. 缺乏的；不足的；稀有的","Try using ""scarce"" in a sentence related to 状态 缺乏.","3770"
"3771","categorized-collection","按类型区分（4000词）","状态","缺乏","stingy","ˈstɪndʒi","adj. 吝啬的；小气的","Try using ""stingy"" in a sentence related to 状态 缺乏.","3771"
"3772","categorized-collection","按类型区分（4000词）","状态","缺乏","destitute","ˈdestɪtjuːt","adj. 赤贫的；贫困的；一无所有的","Try using ""destitute"" in a sentence related to 状态 缺乏.","3772"
"3773","categorized-collection","按类型区分（4000词）","状态","缺乏","lacking","ˈlækɪŋ","adj. 缺乏的；不足的 v. 缺乏；短缺；“lack”的现在分词","Try using ""lacking"" in a sentence related to 状态 缺乏.","3773"
"3774","categorized-collection","按类型区分（4000词）","状态","缺乏","impoverish","ɪmˈpɒvərɪʃ","v. 使贫困；使贫瘠","Try using ""impoverish"" in a sentence related to 状态 缺乏.","3774"
"3775","categorized-collection","按类型区分（4000词）","状态","缺乏","deficient","dɪˈfɪʃ(ə)nt","adj. 不足的；缺乏的；有缺陷的","Try using ""deficient"" in a sentence related to 状态 缺乏.","3775"
"3776","categorized-collection","按类型区分（4000词）","状态","缺乏","deprived","dɪˈpraɪvd","adj. 贫穷的；缺乏足够教育的；缺少食物的 v. 剥夺；使丧失；“deprive”的过去式和过去分词","Try using ""deprived"" in a sentence related to 状态 缺乏.","3776"
"3777","categorized-collection","按类型区分（4000词）","状态","衰弱","decadence","ˈdekədəns","n. 堕落；衰落；颓废","Try using ""decadence"" in a sentence related to 状态 衰弱.","3777"
"3778","categorized-collection","按类型区分（4000词）","状态","衰弱","decline","dɪˈklaɪn","v. 下降；衰退；谢绝；婉拒 n. 下降；衰退；婉拒","Try using ""decline"" in a sentence related to 状态 衰弱.","3778"
"3779","categorized-collection","按类型区分（4000词）","状态","衰弱","degenerate","dɪˈdʒenəreɪt","adj. 退步的；堕落的；腐化的 v. 退化；堕落 n. 堕落的人","Try using ""degenerate"" in a sentence related to 状态 衰弱.","3779"
"3780","categorized-collection","按类型区分（4000词）","状态","衰弱","degrade","dɪˈɡreɪd","v. 降级；降格；退化；降低…身份；使丢脸","Try using ""degrade"" in a sentence related to 状态 衰弱.","3780"
"3781","categorized-collection","按类型区分（4000词）","状态","衰弱","deplete","dɪˈpliːt","v. 耗尽；使衰竭","Try using ""deplete"" in a sentence related to 状态 衰弱.","3781"
"3782","categorized-collection","按类型区分（4000词）","状态","衰弱","ebb","eb","n. 退潮；衰退；减少 v. 退潮；衰退；减少","Try using ""ebb"" in a sentence related to 状态 衰弱.","3782"
"3783","categorized-collection","按类型区分（4000词）","状态","衰弱","enervate","ˈenəveɪt","v. 使衰弱；使无力","Try using ""enervate"" in a sentence related to 状态 衰弱.","3783"
"3784","categorized-collection","按类型区分（4000词）","状态","衰弱","languish","ˈlæŋɡwɪʃ","v. 衰弱；凋萎；憔悴；受折磨","Try using ""languish"" in a sentence related to 状态 衰弱.","3784"
"3785","categorized-collection","按类型区分（4000词）","状态","衰弱","debility","dɪˈbɪləti","n. 虚弱；衰弱","Try using ""debility"" in a sentence related to 状态 衰弱.","3785"
"3786","categorized-collection","按类型区分（4000词）","状态","衰弱","feeble","ˈfiːb(ə)l","adj. 虚弱的；衰弱的；无力的","Try using ""feeble"" in a sentence related to 状态 衰弱.","3786"
"3787","categorized-collection","按类型区分（4000词）","状态","衰弱","decay","dɪˈkeɪ","v. 腐烂；衰退 n. 腐烂；衰落","Try using ""decay"" in a sentence related to 状态 衰弱.","3787"
"3788","categorized-collection","按类型区分（4000词）","状态","衰弱","wither","ˈwɪðə(r)","v. （使）枯萎；（使）衰弱","Try using ""wither"" in a sentence related to 状态 衰弱.","3788"
"3789","categorized-collection","按类型区分（4000词）","状态","衰弱","recessionary","rɪˈseʃənri","adj. 衰退的；衰退期的","Try using ""recessionary"" in a sentence related to 状态 衰弱.","3789"
"3790","categorized-collection","按类型区分（4000词）","状态","衰弱","wane","weɪn","v. 衰落；减弱；缺；亏 n. 衰退；减弱；缺；亏","Try using ""wane"" in a sentence related to 状态 衰弱.","3790"
"3791","categorized-collection","按类型区分（4000词）","状态","缩减","constrict","kənˈstrɪkt","v. 紧缩；束紧；使收缩","Try using ""constrict"" in a sentence related to 状态 缩减.","3791"
"3792","categorized-collection","按类型区分（4000词）","状态","缩减","contract","ˈkɒntrækt","n. 合同；契约 v. （使）收缩；订合同；感染","Try using ""contract"" in a sentence related to 状态 缩减.","3792"
"3793","categorized-collection","按类型区分（4000词）","状态","缩减","curtail","kɜːˈteɪl","v. 缩短；限制；缩减","Try using ""curtail"" in a sentence related to 状态 缩减.","3793"
"3794","categorized-collection","按类型区分（4000词）","状态","缩减","detract","dɪˈtrækt","v. 减损；诋毁；贬低","Try using ""detract"" in a sentence related to 状态 缩减.","3794"
"3795","categorized-collection","按类型区分（4000词）","状态","缩减","diminish","dɪˈmɪnɪʃ","v. 减少；削弱；减损；贬低","Try using ""diminish"" in a sentence related to 状态 缩减.","3795"
"3796","categorized-collection","按类型区分（4000词）","状态","缩减","dwindle","ˈdwɪnd(ə)l","v. 缩小；减少","Try using ""dwindle"" in a sentence related to 状态 缩减.","3796"
"3797","categorized-collection","按类型区分（4000词）","状态","缩减","indent","ɪnˈdent","v. 缩进排版；使呈锯齿状 n. 订货单","Try using ""indent"" in a sentence related to 状态 缩减.","3797"
"3798","categorized-collection","按类型区分（4000词）","状态","缩减","reduce","rɪˈdjuːs","v. 减少；降低；减量","Try using ""reduce"" in a sentence related to 状态 缩减.","3798"
"3799","categorized-collection","按类型区分（4000词）","状态","缩减","subtraction","səbˈtrækʃ(ə)n","n. 减去；减法","Try using ""subtraction"" in a sentence related to 状态 缩减.","3799"
"3800","categorized-collection","按类型区分（4000词）","状态","缩减","narrow","ˈnærəʊ","adj. 狭窄的；窄小的 v. 使窄小","Try using ""narrow"" in a sentence related to 状态 缩减.","3800"
"3801","categorized-collection","按类型区分（4000词）","状态","缩减","restrict","rɪˈstrɪkt","v. 限制；约束","Try using ""restrict"" in a sentence related to 状态 缩减.","3801"
"3802","categorized-collection","按类型区分（4000词）","状态","缩减","shrink","ʃrɪŋk","v. 收缩；退缩；踌躇不前","Try using ""shrink"" in a sentence related to 状态 缩减.","3802"
"3803","categorized-collection","按类型区分（4000词）","状态","缩减","decrease","dɪˈkriːs","v. 减少；降低 n. 减少","Try using ""decrease"" in a sentence related to 状态 缩减.","3803"
"3804","categorized-collection","按类型区分（4000词）","状态","缩减","decline","dɪˈklaɪn","v. 下降；衰退；谢绝；婉拒 n. 下降；衰退；婉拒","Try using ""decline"" in a sentence related to 状态 缩减.","3804"
"3805","categorized-collection","按类型区分（4000词）","状态","缩减","deduct","dɪˈdʌkt","v. 扣除","Try using ""deduct"" in a sentence related to 状态 缩减.","3805"
"3806","categorized-collection","按类型区分（4000词）","状态","物理状态","active","ˈæktɪv","adj. 积极的；活跃的；主动的","Try using ""active"" in a sentence related to 状态 物理状态.","3806"
"3807","categorized-collection","按类型区分（4000词）","状态","物理状态","coil","kɔɪl","v. 盘绕；卷成圈 n. 卷；盘卷之物；线圈","Try using ""coil"" in a sentence related to 状态 物理状态.","3807"
"3808","categorized-collection","按类型区分（4000词）","状态","物理状态","concave","kɒnˈkeɪv","adj. 凹的；凹面的","Try using ""concave"" in a sentence related to 状态 物理状态.","3808"
"3809","categorized-collection","按类型区分（4000词）","状态","物理状态","convex","ˈkɒnveks","adj. 凸出的；凸面的","Try using ""convex"" in a sentence related to 状态 物理状态.","3809"
"3810","categorized-collection","按类型区分（4000词）","状态","物理状态","dangle","ˈdæŋɡl","v. 悬垂；吊摆","Try using ""dangle"" in a sentence related to 状态 物理状态.","3810"
"3811","categorized-collection","按类型区分（4000词）","状态","物理状态","encompass","ɪnˈkʌmpəs","v. 包含；包围；围绕","Try using ""encompass"" in a sentence related to 状态 物理状态.","3811"
"3812","categorized-collection","按类型区分（4000词）","状态","物理状态","hump","hʌmp","n. （驼）峰；驼背；小土丘 v. 背负（重物）；弓起","Try using ""hump"" in a sentence related to 状态 物理状态.","3812"
"3813","categorized-collection","按类型区分（4000词）","状态","物理状态","pitch","pɪtʃ","v. 投掷；扎营；（猛地）向前倾跌；力荐（某主张） n. 球场；程度（最高点）；音高；沥青；宣传论点","Try using ""pitch"" in a sentence related to 状态 物理状态.","3813"
"3814","categorized-collection","按类型区分（4000词）","状态","物理状态","project","ˈprɒdʒekt","n. 计划；方案；项目；课题 v. 预计；计划；投射；突出","Try using ""project"" in a sentence related to 状态 物理状态.","3814"
"3815","categorized-collection","按类型区分（4000词）","状态","物理状态","protrude","prəˈtruːd","v. 突出；伸出；鼓出","Try using ""protrude"" in a sentence related to 状态 物理状态.","3815"
"3816","categorized-collection","按类型区分（4000词）","状态","物理状态","regularly","ˈreɡjələli","adv. 有规律地；定期地；经常地","Try using ""regularly"" in a sentence related to 状态 物理状态.","3816"
"3817","categorized-collection","按类型区分（4000词）","状态","物理状态","roll","rəʊl","v. 滚动；翻转 n. 卷；滚动；卷形物","Try using ""roll"" in a sentence related to 状态 物理状态.","3817"
"3818","categorized-collection","按类型区分（4000词）","状态","物理状态","rotate","rəʊˈteɪt","v. 转动；轮作；轮流","Try using ""rotate"" in a sentence related to 状态 物理状态.","3818"
"3819","categorized-collection","按类型区分（4000词）","状态","物理状态","slant","slɑːnt","v. （使）倾斜；使有倾向性 n. 倾斜；斜面；偏向","Try using ""slant"" in a sentence related to 状态 物理状态.","3819"
"3820","categorized-collection","按类型区分（4000词）","状态","物理状态","slope","sləʊp","n. 斜坡；坡度 v. 倾斜；有坡度","Try using ""slope"" in a sentence related to 状态 物理状态.","3820"
"3821","categorized-collection","按类型区分（4000词）","状态","物理状态","spin","spɪn","v. 纺（纱）；旋转；疾驰 n. 旋转","Try using ""spin"" in a sentence related to 状态 物理状态.","3821"
"3822","categorized-collection","按类型区分（4000词）","状态","物理状态","stuffy","ˈstʌfi","adj. 闷热的；不透气的；不通风的","Try using ""stuffy"" in a sentence related to 状态 物理状态.","3822"
"3823","categorized-collection","按类型区分（4000词）","状态","物理状态","tilted","ˈtɪltɪd","adj. 倾斜的，翘起的; v. 使倾斜（tilt 的过去分词）","Try using ""tilted"" in a sentence related to 状态 物理状态.","3823"
"3824","categorized-collection","按类型区分（4000词）","状态","物理状态","tower","ˈtaʊə(r)","n. 塔；塔楼 v. 远远高于；高耸","Try using ""tower"" in a sentence related to 状态 物理状态.","3824"
"3825","categorized-collection","按类型区分（4000词）","状态","状态变化","abate","əˈbeɪt","v. 减轻；减少；消除","Try using ""abate"" in a sentence related to 状态 状态变化.","3825"
"3826","categorized-collection","按类型区分（4000词）","状态","状态变化","accumulate","əˈkjuːmjəleɪt","v. 积累","Try using ""accumulate"" in a sentence related to 状态 状态变化.","3826"
"3827","categorized-collection","按类型区分（4000词）","状态","状态变化","Amplification","ˌæmplɪfɪˈkeɪʃ(ə)n","n. 扩大","Try using ""Amplification"" in a sentence related to 状态 状态变化.","3827"
"3828","categorized-collection","按类型区分（4000词）","状态","状态变化","amplify","ˈæmplɪfaɪ","v. 放大，扩大；增强；详述","Try using ""amplify"" in a sentence related to 状态 状态变化.","3828"
"3829","categorized-collection","按类型区分（4000词）","状态","状态变化","ascent","əˈsent","n. 上升；上坡路；登高","Try using ""ascent"" in a sentence related to 状态 状态变化.","3829"
"3830","categorized-collection","按类型区分（4000词）","状态","状态变化","deform","dɪˈfɔːm","v. （使）变形；使畸形","Try using ""deform"" in a sentence related to 状态 状态变化.","3830"
"3831","categorized-collection","按类型区分（4000词）","状态","状态变化","descent","dɪˈsent","n. 下降；斜坡；堕落；血统","Try using ""descent"" in a sentence related to 状态 状态变化.","3831"
"3832","categorized-collection","按类型区分（4000词）","状态","状态变化","elevate","ˈelɪveɪt","v. 举起；提高；提升；振奋","Try using ""elevate"" in a sentence related to 状态 状态变化.","3832"
"3833","categorized-collection","按类型区分（4000词）","状态","状态变化","enhance","ɪnˈhɑːns","v. 提高；增强","Try using ""enhance"" in a sentence related to 状态 状态变化.","3833"
"3834","categorized-collection","按类型区分（4000词）","状态","状态变化","extend","ɪkˈstend","v. 扩展；延长；提供；给予","Try using ""extend"" in a sentence related to 状态 状态变化.","3834"
"3835","categorized-collection","按类型区分（4000词）","状态","状态变化","extension","ɪkˈstenʃ(ə)n","n. 延伸；扩展；延长期；电话分机","Try using ""extension"" in a sentence related to 状态 状态变化.","3835"
"3836","categorized-collection","按类型区分（4000词）","状态","状态变化","hike","haɪk","n. 远足；（费用）增加 v. 远足；（费用）增加","Try using ""hike"" in a sentence related to 状态 状态变化.","3836"
"3837","categorized-collection","按类型区分（4000词）","状态","状态变化","hoist","hɔɪst","v. 提升；吊起；举高 n. 吊升机械；起重机","Try using ""hoist"" in a sentence related to 状态 状态变化.","3837"
"3838","categorized-collection","按类型区分（4000词）","状态","状态变化","sharpen","ˈʃɑːpən","v. 使尖锐；使急剧；使提高","Try using ""sharpen"" in a sentence related to 状态 状态变化.","3838"
"3839","categorized-collection","按类型区分（4000词）","状态","状态变化","stretch","stretʃ","v. 伸展；延伸；持续 n. 伸展；弹性；一段","Try using ""stretch"" in a sentence related to 状态 状态变化.","3839"
"3840","categorized-collection","按类型区分（4000词）","状态","状态变化","transform","trænsˈfɔːm","v. 转变；改造","Try using ""transform"" in a sentence related to 状态 状态变化.","3840"
"3841","categorized-collection","按类型区分（4000词）","状态","状态稳定","poise","pɔɪz","n. 平衡；姿态；镇静 v. 使平衡；保持（某种姿势）","Try using ""poise"" in a sentence related to 状态 状态稳定.","3841"
"3842","categorized-collection","按类型区分（4000词）","状态","状态稳定","stable","ˈsteɪb(ə)l","adj. 稳定的；牢固的；稳重的 n. 马厩；畜舍","Try using ""stable"" in a sentence related to 状态 状态稳定.","3842"
"3843","categorized-collection","按类型区分（4000词）","状态","状态稳定","steadily","ˈstedəli","adv. 稳定地；稳固地","Try using ""steadily"" in a sentence related to 状态 状态稳定.","3843"
"3844","categorized-collection","按类型区分（4000词）","状态","状态稳定","steady","ˈstedi","adj. 稳定的 v. 使稳住","Try using ""steady"" in a sentence related to 状态 状态稳定.","3844"
"3845","categorized-collection","按类型区分（4000词）","状态","状态稳定","stability","stəˈbɪləti","n. 固定；牢固；稳定","Try using ""stability"" in a sentence related to 状态 状态稳定.","3845"
"3846","categorized-collection","按类型区分（4000词）","状态","状态稳定","tranquilize","ˈtræŋkwɪlaɪz","v. （使）安静，（使）镇定","Try using ""tranquilize"" in a sentence related to 状态 状态稳定.","3846"
"3847","categorized-collection","按类型区分（4000词）","语言","诽谤","asperse","əˈspɜːs","v. 诽谤，中伤；（教会）洒圣水于","Try using ""asperse"" in a sentence related to 语言 诽谤.","3847"
"3848","categorized-collection","按类型区分（4000词）","语言","诽谤","aspersion","əsˈpɜːʃən","n. 诽谤；中伤","Try using ""aspersion"" in a sentence related to 语言 诽谤.","3848"
"3849","categorized-collection","按类型区分（4000词）","语言","诽谤","defame","dɪˈfeɪm","v. 诽谤；中伤；损毁名誉","Try using ""defame"" in a sentence related to 语言 诽谤.","3849"
"3850","categorized-collection","按类型区分（4000词）","语言","诽谤","disparage","dɪˈspærɪdʒ","v. 轻视；蔑视；贬损","Try using ""disparage"" in a sentence related to 语言 诽谤.","3850"
"3851","categorized-collection","按类型区分（4000词）","语言","诽谤","humiliate","hjuːˈmɪlieɪt","v. 使屈辱；使丢脸；使蒙羞","Try using ""humiliate"" in a sentence related to 语言 诽谤.","3851"
"3852","categorized-collection","按类型区分（4000词）","语言","诽谤","indignity","ɪnˈdɪɡnəti","n. 侮辱；侮辱性言行","Try using ""indignity"" in a sentence related to 语言 诽谤.","3852"
"3853","categorized-collection","按类型区分（4000词）","语言","诽谤","injurious","ɪnˈdʒʊəriəs","adj. 有害的；中伤的","Try using ""injurious"" in a sentence related to 语言 诽谤.","3853"
"3854","categorized-collection","按类型区分（4000词）","语言","诽谤","insult","ɪnˈsʌlt","v. 侮辱；辱骂 n. 侮辱；辱骂","Try using ""insult"" in a sentence related to 语言 诽谤.","3854"
"3855","categorized-collection","按类型区分（4000词）","语言","诽谤","malign","məˈlaɪn","adj. 有害的；恶意的 v. 中伤；污蔑","Try using ""malign"" in a sentence related to 语言 诽谤.","3855"
"3856","categorized-collection","按类型区分（4000词）","语言","诽谤","slander","ˈslɑːndə(r)","v. 诋毁；诽谤；中伤 n. 诋毁；诽谤；中伤","Try using ""slander"" in a sentence related to 语言 诽谤.","3856"
"3857","categorized-collection","按类型区分（4000词）","语言","诽谤","calumniate","kəˈlʌmnɪeɪt","v. 中伤；诽谤","Try using ""calumniate"" in a sentence related to 语言 诽谤.","3857"
"3858","categorized-collection","按类型区分（4000词）","语言","诽谤","libel","ˈlaɪb(ə)l","n. （文字）诽谤 v. 发表文字诽谤（某人）","Try using ""libel"" in a sentence related to 语言 诽谤.","3858"
"3859","categorized-collection","按类型区分（4000词）","语言","诽谤","infamous","ˈɪnfəməs","adj. 臭名远扬的；声名狼藉的；无耻的","Try using ""infamous"" in a sentence related to 语言 诽谤.","3859"
"3860","categorized-collection","按类型区分（4000词）","语言","讽刺","holler","ˈhɒlə(r)","v. 叫喊；抱怨；大叫 n. 叫喊；抱怨；大叫","Try using ""holler"" in a sentence related to 语言 讽刺.","3860"
"3861","categorized-collection","按类型区分（4000词）","语言","讽刺","deride","dɪˈraɪd","v. 嘲弄；嘲笑","Try using ""deride"" in a sentence related to 语言 讽刺.","3861"
"3862","categorized-collection","按类型区分（4000词）","语言","讽刺","flout","flaʊt","v. 藐视；轻视；嘲笑 n. 嘲弄；轻视","Try using ""flout"" in a sentence related to 语言 讽刺.","3862"
"3863","categorized-collection","按类型区分（4000词）","语言","讽刺","give","ɡɪv","v. 给予；发出","Try using ""give"" in a sentence related to 语言 讽刺.","3863"
"3864","categorized-collection","按类型区分（4000词）","语言","讽刺","jeer","dʒɪə(r)","v. 嘲笑；嘲弄 n. 嘲笑；讥笑的言语","Try using ""jeer"" in a sentence related to 语言 讽刺.","3864"
"3865","categorized-collection","按类型区分（4000词）","语言","讽刺","mock","mɒk","v. 嘲笑；嘲弄 adj. 仿制的；模拟的；虚假的 n. 模拟考试；嘲弄；模仿","Try using ""mock"" in a sentence related to 语言 讽刺.","3865"
"3866","categorized-collection","按类型区分（4000词）","语言","讽刺","sarcasm","ˈsɑːkæzəm","n. 讽刺；嘲讽；挖苦","Try using ""sarcasm"" in a sentence related to 语言 讽刺.","3866"
"3867","categorized-collection","按类型区分（4000词）","语言","讽刺","sarcastic","sɑːˈkæstɪk","adj. 讽刺的；嘲讽的；挖苦的","Try using ""sarcastic"" in a sentence related to 语言 讽刺.","3867"
"3868","categorized-collection","按类型区分（4000词）","语言","讽刺","sardonic","sɑːˈdɒnɪk","adj. 讥讽的；嘲笑的","Try using ""sardonic"" in a sentence related to 语言 讽刺.","3868"
"3869","categorized-collection","按类型区分（4000词）","语言","讽刺","satirical","səˈtɪrɪk(ə)l","adj. 讽刺的；挖苦的","Try using ""satirical"" in a sentence related to 语言 讽刺.","3869"
"3870","categorized-collection","按类型区分（4000词）","语言","讽刺","sneer","snɪə(r)","v. 嘲笑；讥讽 n. 嘲笑；讥讽","Try using ""sneer"" in a sentence related to 语言 讽刺.","3870"
"3871","categorized-collection","按类型区分（4000词）","语言","讽刺","taunt","tɔːnt","v. 奚落；嘲笑 n. 奚落；嘲笑","Try using ""taunt"" in a sentence related to 语言 讽刺.","3871"
"3872","categorized-collection","按类型区分（4000词）","语言","讽刺","lampoon","læmˈpuːn","n. 讽刺作品 v. 讽刺","Try using ""lampoon"" in a sentence related to 语言 讽刺.","3872"
"3873","categorized-collection","按类型区分（4000词）","语言","讽刺","ironical","aɪˈrɒnɪk(ə)l","adj. 反语的；讽刺的","Try using ""ironical"" in a sentence related to 语言 讽刺.","3873"
"3874","categorized-collection","按类型区分（4000词）","语言","讽刺","derisive","dɪˈraɪsɪv","adj. 嘲笑的；嘲弄的","Try using ""derisive"" in a sentence related to 语言 讽刺.","3874"
"3875","categorized-collection","按类型区分（4000词）","语言","讽刺","ridicule","ˈrɪdɪkjuːl","n. 嘲笑；奚落；讥笑 v. 嘲笑；奚落；讥笑","Try using ""ridicule"" in a sentence related to 语言 讽刺.","3875"
"3876","categorized-collection","按类型区分（4000词）","语言","讽刺","tease","tiːz","v. 取笑；戏弄；挑逗；梳理（毛、麻等） n. 爱嘲弄他人的人；戏弄","Try using ""tease"" in a sentence related to 语言 讽刺.","3876"
"3877","categorized-collection","按类型区分（4000词）","语言","讽刺","scoff","skɒf","n. 嘲笑；嘲弄 v. 嘲笑；狼吞虎咽","Try using ""scoff"" in a sentence related to 语言 讽刺.","3877"
"3878","categorized-collection","按类型区分（4000词）","语言","呼喊","acclaim","əˈkleɪm","n. 赞扬；欢呼 v. 称赞；欢呼","Try using ""acclaim"" in a sentence related to 语言 呼喊.","3878"
"3879","categorized-collection","按类型区分（4000词）","语言","呼喊","clamour","ˈklæmə(r)","n. 喧嚷；大声要求 v. 喧嚷；大声的要求","Try using ""clamour"" in a sentence related to 语言 呼喊.","3879"
"3880","categorized-collection","按类型区分（4000词）","语言","呼喊","exclaim","ɪkˈskleɪm","v. 呼喊；大叫","Try using ""exclaim"" in a sentence related to 语言 呼喊.","3880"
"3881","categorized-collection","按类型区分（4000词）","语言","呼喊","exhale","eksˈheɪl","v. 呼出；散发","Try using ""exhale"" in a sentence related to 语言 呼喊.","3881"
"3882","categorized-collection","按类型区分（4000词）","语言","呼喊","howl","haʊl","v. 嚎叫；怒吼；嚎哭 n. 嚎叫；怒吼；嚎哭","Try using ""howl"" in a sentence related to 语言 呼喊.","3882"
"3883","categorized-collection","按类型区分（4000词）","语言","呼喊","bellow","ˈbeləʊ","v. 怒吼；吼叫；咆哮 n. 咆哮；怒号","Try using ""bellow"" in a sentence related to 语言 呼喊.","3883"
"3884","categorized-collection","按类型区分（4000词）","语言","呼喊","bawl","bɔːl","v. 大叫；大哭；大声训斥 n. 叫骂声；放声痛哭","Try using ""bawl"" in a sentence related to 语言 呼喊.","3884"
"3885","categorized-collection","按类型区分（4000词）","语言","呼喊","holler","ˈhɒlə(r)","v. 叫喊；抱怨；大叫 n. 叫喊；抱怨；大叫","Try using ""holler"" in a sentence related to 语言 呼喊.","3885"
"3886","categorized-collection","按类型区分（4000词）","语言","建议","advice","ədˈvaɪs","n. 建议；意见","Try using ""advice"" in a sentence related to 语言 建议.","3886"
"3887","categorized-collection","按类型区分（4000词）","语言","建议","advise","ədˈvaɪz","v. 向…提出建议；劝告；通知","Try using ""advise"" in a sentence related to 语言 建议.","3887"
"3888","categorized-collection","按类型区分（4000词）","语言","建议","counsel","ˈkaʊns(ə)l","n. 律师；劝告 v. 提供咨询；劝告","Try using ""counsel"" in a sentence related to 语言 建议.","3888"
"3889","categorized-collection","按类型区分（4000词）","语言","建议","mention","ˈmenʃ(ə)n","v. 提到；说到 n. 提及；说起","Try using ""mention"" in a sentence related to 语言 建议.","3889"
"3890","categorized-collection","按类型区分（4000词）","语言","建议","offer","ˈɒfə(r)","n. 提议；提供；报价 v. 提供；愿意","Try using ""offer"" in a sentence related to 语言 建议.","3890"
"3891","categorized-collection","按类型区分（4000词）","语言","建议","proposal","prəˈpəʊz(ə)l","n. 建议；提案；求婚","Try using ""proposal"" in a sentence related to 语言 建议.","3891"
"3892","categorized-collection","按类型区分（4000词）","语言","建议","propose","prəˈpəʊz","v. 提议；计划；求婚；举荐","Try using ""propose"" in a sentence related to 语言 建议.","3892"
"3893","categorized-collection","按类型区分（4000词）","语言","建议","recommend","ˌrekəˈmend","v. 建议；推荐","Try using ""recommend"" in a sentence related to 语言 建议.","3893"
"3894","categorized-collection","按类型区分（4000词）","语言","建议","submit","səbˈmɪt","v. 提交；屈服","Try using ""submit"" in a sentence related to 语言 建议.","3894"
"3895","categorized-collection","按类型区分（4000词）","语言","建议","advocate","ˈædvəkeɪt","v. 提倡；主张 n. 提倡者；拥护者；辩护律师","Try using ""advocate"" in a sentence related to 语言 建议.","3895"
"3896","categorized-collection","按类型区分（4000词）","语言","夸张","boastful","ˈbəʊstf(ə)l","adj. 自吹自擂的；自夸的","Try using ""boastful"" in a sentence related to 语言 夸张.","3896"
"3897","categorized-collection","按类型区分（4000词）","语言","夸张","boast","bəʊst","v. 自夸；夸耀；自豪地拥有","Try using ""boast"" in a sentence related to 语言 夸张.","3897"
"3898","categorized-collection","按类型区分（4000词）","语言","夸张","bombastic","bɒmˈbæstɪk","adj. 夸大的；言过其实的","Try using ""bombastic"" in a sentence related to 语言 夸张.","3898"
"3899","categorized-collection","按类型区分（4000词）","语言","夸张","brag","bræɡ","v. 吹嘘；自吹自擂 adj. 一流的；极好的","Try using ""brag"" in a sentence related to 语言 夸张.","3899"
"3900","categorized-collection","按类型区分（4000词）","语言","夸张","exaggerate","ɪɡˈzædʒəreɪt","v. 夸张；夸大","Try using ""exaggerate"" in a sentence related to 语言 夸张.","3900"
"3901","categorized-collection","按类型区分（4000词）","语言","夸张","pretentious","prɪˈtenʃəs","adj. 自命不凡的；自负的；矫饰的","Try using ""pretentious"" in a sentence related to 语言 夸张.","3901"
"3902","categorized-collection","按类型区分（4000词）","语言","夸张","overstate","ˌəʊvəˈsteɪt","v. 夸大；言过其实","Try using ""overstate"" in a sentence related to 语言 夸张.","3902"
"3903","categorized-collection","按类型区分（4000词）","语言","夸张","magniloquent","mæɡˈnɪləkwənt","adj. 夸大的；言过其实的","Try using ""magniloquent"" in a sentence related to 语言 夸张.","3903"
"3904","categorized-collection","按类型区分（4000词）","语言","联络","communicate","kəˈmjuːnɪkeɪt","v. 沟通；交流","Try using ""communicate"" in a sentence related to 语言 联络.","3904"
"3905","categorized-collection","按类型区分（4000词）","语言","联络","consort","ˈkɒnsɔːt","n. （统治者的）配偶；一组 v. 厮混；结交","Try using ""consort"" in a sentence related to 语言 联络.","3905"
"3906","categorized-collection","按类型区分（4000词）","语言","联络","correspondence","ˌkɒrəˈspɒndəns","n. 来信；通信联系；相似","Try using ""correspondence"" in a sentence related to 语言 联络.","3906"
"3907","categorized-collection","按类型区分（4000词）","语言","联络","disseminate","dɪˈsemɪneɪt","v. 传播；散播；扩散","Try using ""disseminate"" in a sentence related to 语言 联络.","3907"
"3908","categorized-collection","按类型区分（4000词）","语言","联络","impart","ɪmˈpɑːt","v. 传授；给予；告知","Try using ""impart"" in a sentence related to 语言 联络.","3908"
"3909","categorized-collection","按类型区分（4000词）","语言","联络","liaison","liˈeɪz(ə)n","n. 联络；联系；通奸","Try using ""liaison"" in a sentence related to 语言 联络.","3909"
"3910","categorized-collection","按类型区分（4000词）","语言","联络","propagate","ˈprɒpəɡeɪt","v. 繁殖；增殖；传播","Try using ""propagate"" in a sentence related to 语言 联络.","3910"
"3911","categorized-collection","按类型区分（4000词）","语言","联络","reciprocal","rɪˈsɪprək(ə)l","adj. 互惠的；相互的","Try using ""reciprocal"" in a sentence related to 语言 联络.","3911"
"3912","categorized-collection","按类型区分（4000词）","语言","联络","remit","rɪˈmɪt","v. 宽恕；免除；汇寄；减缓；送呈 n. 职权范围","Try using ""remit"" in a sentence related to 语言 联络.","3912"
"3913","categorized-collection","按类型区分（4000词）","语言","命令","accredit","əˈkredɪt","v. 归于；委托；授权；信任","Try using ""accredit"" in a sentence related to 语言 命令.","3913"
"3914","categorized-collection","按类型区分（4000词）","语言","命令","assign","əˈsaɪn","v. 分配；指派","Try using ""assign"" in a sentence related to 语言 命令.","3914"
"3915","categorized-collection","按类型区分（4000词）","语言","命令","bidding","ˈbɪdɪŋ","n. 命令；出价；投标；叫牌 v. 投标；出价；叫牌；恳求；命令；说（问候话）；“bid”的现在分词","Try using ""bidding"" in a sentence related to 语言 命令.","3915"
"3916","categorized-collection","按类型区分（4000词）","语言","命令","designate","ˈdezɪɡneɪt","v. 任命；选派；指明；命名为 adj. 候任的","Try using ""designate"" in a sentence related to 语言 命令.","3916"
"3917","categorized-collection","按类型区分（4000词）","语言","命令","dispatch","dɪˈspætʃ","v. 派遣；调遣；发送 n. 快信；发送；派遣","Try using ""dispatch"" in a sentence related to 语言 命令.","3917"
"3918","categorized-collection","按类型区分（4000词）","语言","命令","expedite","ˈekspədaɪt","v. 加速；加快；有助于","Try using ""expedite"" in a sentence related to 语言 命令.","3918"
"3919","categorized-collection","按类型区分（4000词）","语言","命令","imperative","ɪmˈperətɪv","adj. 紧急的；极重要的；祈使的 n. 紧急的事；祈使语气","Try using ""imperative"" in a sentence related to 语言 命令.","3919"
"3920","categorized-collection","按类型区分（4000词）","语言","命令","instruct","ɪnˈstrʌkt","v. 教授；教导；指示；命令；通知","Try using ""instruct"" in a sentence related to 语言 命令.","3920"
"3921","categorized-collection","按类型区分（4000词）","语言","命令","nominate","ˈnɒmɪneɪt","v. 提名；推荐；指派","Try using ""nominate"" in a sentence related to 语言 命令.","3921"
"3922","categorized-collection","按类型区分（4000词）","语言","命令","prescription","prɪˈskrɪpʃ(ə)n","n. 处方；药方","Try using ""prescription"" in a sentence related to 语言 命令.","3922"
"3923","categorized-collection","按类型区分（4000词）","语言","命令","command","kəˈmɑːnd","n. 命令；指挥；掌握 v. 命令；指挥；掌握","Try using ""command"" in a sentence related to 语言 命令.","3923"
"3924","categorized-collection","按类型区分（4000词）","语言","命令","mandatory","ˈmændətəri","adj. 强制的；法定的；义务的","Try using ""mandatory"" in a sentence related to 语言 命令.","3924"
"3925","categorized-collection","按类型区分（4000词）","语言","命令","decree","dɪˈkriː","n. 法令；判决 v. 判决；颁布；裁定","Try using ""decree"" in a sentence related to 语言 命令.","3925"
"3926","categorized-collection","按类型区分（4000词）","语言","命令","appoint","əˈpɔɪnt","v. 任命；委派；约定；指定","Try using ""appoint"" in a sentence related to 语言 命令.","3926"
"3927","categorized-collection","按类型区分（4000词）","语言","说明","accentuate","əkˈsentʃueɪt","v. 重读；强调；突出","Try using ""accentuate"" in a sentence related to 语言 说明.","3927"
"3928","categorized-collection","按类型区分（4000词）","语言","说明","account","əˈkaʊnt","n. 账户；叙述；账目 v. 说明；占…","Try using ""account"" in a sentence related to 语言 说明.","3928"
"3929","categorized-collection","按类型区分（4000词）","语言","说明","cite","saɪt","v. 引用；提及，举例，引证；传讯","Try using ""cite"" in a sentence related to 语言 说明.","3929"
"3930","categorized-collection","按类型区分（4000词）","语言","说明","clarify","ˈklærəfaɪ","v. 澄清；阐明","Try using ""clarify"" in a sentence related to 语言 说明.","3930"
"3931","categorized-collection","按类型区分（4000词）","语言","说明","construe","kənˈstruː","v. 解释；把…逐字译出；作句法分析","Try using ""construe"" in a sentence related to 语言 说明.","3931"
"3932","categorized-collection","按类型区分（4000词）","语言","说明","convey","kənˈveɪ","v. 传达；表达；运送；输送","Try using ""convey"" in a sentence related to 语言 说明.","3932"
"3933","categorized-collection","按类型区分（4000词）","语言","说明","cover","ˈkʌvə(r)","v. 遮盖；包括；报道 n. 封面；遮盖物；庇护所","Try using ""cover"" in a sentence related to 语言 说明.","3933"
"3934","categorized-collection","按类型区分（4000词）","语言","说明","delineate","dɪˈlɪnieɪt","v. 描画；划定（边界）","Try using ""delineate"" in a sentence related to 语言 说明.","3934"
"3935","categorized-collection","按类型区分（4000词）","语言","说明","depict","dɪˈpɪkt","v. 描述；描绘","Try using ""depict"" in a sentence related to 语言 说明.","3935"
"3936","categorized-collection","按类型区分（4000词）","语言","说明","divulge","daɪˈvʌldʒ","v. 泄露；透露","Try using ""divulge"" in a sentence related to 语言 说明.","3936"
"3937","categorized-collection","按类型区分（4000词）","语言","说明","elaborate","ɪˈlæbərət","v. 精心制作；详尽阐述 adj. 精心制作的；详尽的","Try using ""elaborate"" in a sentence related to 语言 说明.","3937"
"3938","categorized-collection","按类型区分（4000词）","语言","说明","elucidate","ɪˈluːsɪdeɪt","v. 阐明；说明","Try using ""elucidate"" in a sentence related to 语言 说明.","3938"
"3939","categorized-collection","按类型区分（4000词）","语言","说明","emphasize","ˈemfəsaɪz","v. 强调；着重","Try using ""emphasize"" in a sentence related to 语言 说明.","3939"
"3940","categorized-collection","按类型区分（4000词）","语言","说明","enunciate","ɪˈnʌnsieɪt","v. （清楚地）发音；清楚地表明；阐明","Try using ""enunciate"" in a sentence related to 语言 说明.","3940"
"3941","categorized-collection","按类型区分（4000词）","语言","说明","exemplify","ɪɡˈzemplɪfaɪ","v. 举例说明；例证；例示","Try using ""exemplify"" in a sentence related to 语言 说明.","3941"
"3942","categorized-collection","按类型区分（4000词）","语言","说明","exposition","ˌekspəˈzɪʃ(ə)n","n. 博览会；展览会；阐述","Try using ""exposition"" in a sentence related to 语言 说明.","3942"
"3943","categorized-collection","按类型区分（4000词）","语言","说明","expound","ɪkˈspaʊnd","v. 详细说明；阐述","Try using ""expound"" in a sentence related to 语言 说明.","3943"
"3944","categorized-collection","按类型区分（4000词）","语言","说明","highlight","ˈhaɪlaɪt","n. 最突出的部分 v. 突出；强调；高光","Try using ""highlight"" in a sentence related to 语言 说明.","3944"
"3945","categorized-collection","按类型区分（4000词）","语言","说明","illuminate","ɪˈluːmɪneɪt","v. 照亮；阐明；解释","Try using ""illuminate"" in a sentence related to 语言 说明.","3945"
"3946","categorized-collection","按类型区分（4000词）","语言","说明","illustrate","ˈɪləstreɪt","v. （举例）说明；给（书籍、杂志等）加插图","Try using ""illustrate"" in a sentence related to 语言 说明.","3946"
"3947","categorized-collection","按类型区分（4000词）","语言","说明","insinuate","ɪnˈsɪnjueɪt","v. 暗示；迂回","Try using ""insinuate"" in a sentence related to 语言 说明.","3947"
"3948","categorized-collection","按类型区分（4000词）","语言","说明","narrate","nəˈreɪt","v. 叙述；给（电视或电影）作旁白","Try using ""narrate"" in a sentence related to 语言 说明.","3948"
"3949","categorized-collection","按类型区分（4000词）","语言","说明","proclaim","prəˈkleɪm","v. 宣告；公布；表明","Try using ""proclaim"" in a sentence related to 语言 说明.","3949"
"3950","categorized-collection","按类型区分（4000词）","语言","说明","reiterate","riˈɪtəreɪt","v. 反复地说；重申；重述","Try using ""reiterate"" in a sentence related to 语言 说明.","3950"
"3951","categorized-collection","按类型区分（4000词）","语言","说明","render","ˈrendə(r)","v. 使变得；给予；（以某种方式）表达；翻译","Try using ""render"" in a sentence related to 语言 说明.","3951"
"3952","categorized-collection","按类型区分（4000词）","语言","说明","specify","ˈspesɪfaɪ","v. 详细说明；指定；阐述","Try using ""specify"" in a sentence related to 语言 说明.","3952"
"3953","categorized-collection","按类型区分（4000词）","语言","谈话","accost","əˈkɒst","v. （贸然）上前搭讪；（唐突地）走近谈话","Try using ""accost"" in a sentence related to 语言 谈话.","3953"
"3954","categorized-collection","按类型区分（4000词）","语言","谈话","coax","kəʊks","v. 哄；用好话劝诱；哄骗","Try using ""coax"" in a sentence related to 语言 谈话.","3954"
"3955","categorized-collection","按类型区分（4000词）","语言","谈话","colloquial","kəˈləʊkwiəl","adj. 口语的；会话的","Try using ""colloquial"" in a sentence related to 语言 谈话.","3955"
"3956","categorized-collection","按类型区分（4000词）","语言","谈话","compliment","ˈkɒmplɪmənt","v. 称赞；恭维 n. 称赞；恭维","Try using ""compliment"" in a sentence related to 语言 谈话.","3956"
"3957","categorized-collection","按类型区分（4000词）","语言","谈话","confide","kənˈfaɪd","v. 吐露；委托；信赖","Try using ""confide"" in a sentence related to 语言 谈话.","3957"
"3958","categorized-collection","按类型区分（4000词）","语言","谈话","declaim","dɪˈkleɪm","v. 慷慨陈词；高声朗诵","Try using ""declaim"" in a sentence related to 语言 谈话.","3958"
"3959","categorized-collection","按类型区分（4000词）","语言","谈话","dialogue","ˈdaɪəlɒɡ","n. 对话；对白","Try using ""dialogue"" in a sentence related to 语言 谈话.","3959"
"3960","categorized-collection","按类型区分（4000词）","语言","谈话","dumb","dʌm","adj. 哑的；沉默的；愚笨的","Try using ""dumb"" in a sentence related to 语言 谈话.","3960"
"3961","categorized-collection","按类型区分（4000词）","语言","谈话","effuse","ɪˈfjuːz","v. 流出；涌出；扩散","Try using ""effuse"" in a sentence related to 语言 谈话.","3961"
"3962","categorized-collection","按类型区分（4000词）","语言","谈话","equivocate","ɪˈkwɪvəkeɪt","v. 含糊其辞；说模棱两可的话","Try using ""equivocate"" in a sentence related to 语言 谈话.","3962"
"3963","categorized-collection","按类型区分（4000词）","语言","谈话","excuse","ɪkˈskjuːs","n. 饶恕；借口；致歉 v. 宽恕；原谅；辩解","Try using ""excuse"" in a sentence related to 语言 谈话.","3963"
"3964","categorized-collection","按类型区分（4000词）","语言","谈话","gabble","ˈɡæb(ə)l","v. 急促而含混不清地说 n. 急促不清的话","Try using ""gabble"" in a sentence related to 语言 谈话.","3964"
"3965","categorized-collection","按类型区分（4000词）","语言","谈话","gossip","ˈɡɒsɪp","n. 流言蜚语；爱说长道短的人；闲话 v. 散播（流言蜚语）","Try using ""gossip"" in a sentence related to 语言 谈话.","3965"
"3966","categorized-collection","按类型区分（4000词）","语言","谈话","grumble","ˈɡrʌmb(ə)l","v. 发牢骚；抱怨；轰鸣 n. 怨言；牢骚；轰隆声","Try using ""grumble"" in a sentence related to 语言 谈话.","3966"
"3967","categorized-collection","按类型区分（4000词）","语言","谈话","hearsay","ˈhɪəseɪ","n. 传闻；谣传；道听途说","Try using ""hearsay"" in a sentence related to 语言 谈话.","3967"
"3968","categorized-collection","按类型区分（4000词）","语言","谈话","hoarse","hɔːs","adj. 沙哑的；嘶哑的","Try using ""hoarse"" in a sentence related to 语言 谈话.","3968"
"3969","categorized-collection","按类型区分（4000词）","语言","谈话","hubbub","ˈhʌbʌb","n. 嘈杂；喧哗声","Try using ""hubbub"" in a sentence related to 语言 谈话.","3969"
"3970","categorized-collection","按类型区分（4000词）","语言","谈话","interrupt","ˌɪntəˈrʌpt","v. 打断；打扰；打岔","Try using ""interrupt"" in a sentence related to 语言 谈话.","3970"
"3971","categorized-collection","按类型区分（4000词）","语言","谈话","nonsense","ˈnɒns(ə)ns","n. 无意义的话；胡说","Try using ""nonsense"" in a sentence related to 语言 谈话.","3971"
"3972","categorized-collection","按类型区分（4000词）","语言","谈话","oration","ɔːˈreɪʃ(ə)n","n. 演说；演讲","Try using ""oration"" in a sentence related to 语言 谈话.","3972"
"3973","categorized-collection","按类型区分（4000词）","语言","谈话","outwit","ˌaʊtˈwɪt","v. 以机智胜过；智胜","Try using ""outwit"" in a sentence related to 语言 谈话.","3973"
"3974","categorized-collection","按类型区分（4000词）","语言","谈话","refer","rɪˈfɜː(r)","v. 引用；提到；参考","Try using ""refer"" in a sentence related to 语言 谈话.","3974"
"3975","categorized-collection","按类型区分（4000词）","语言","谈话","rumble","ˈrʌmb(ə)l","n. 隆隆声；辘辘声 v. 隆隆作响；辘辘行驶","Try using ""rumble"" in a sentence related to 语言 谈话.","3975"
"3976","categorized-collection","按类型区分（4000词）","语言","谈话","solicit","səˈlɪsɪt","v. 恳求；征求；（妓女）拉客","Try using ""solicit"" in a sentence related to 语言 谈话.","3976"
"3977","categorized-collection","按类型区分（4000词）","语言","协商","consult","kənˈsʌlt","v. 咨询；查询；请教","Try using ""consult"" in a sentence related to 语言 协商.","3977"
"3978","categorized-collection","按类型区分（4000词）","语言","协商","convention","kənˈvenʃ(ə)n","n. 习俗；大会；协定","Try using ""convention"" in a sentence related to 语言 协商.","3978"
"3979","categorized-collection","按类型区分（4000词）","语言","协商","negotiate","nɪˈɡəʊʃieɪt","v. 谈判；协商；通过；越过","Try using ""negotiate"" in a sentence related to 语言 协商.","3979"
"3980","categorized-collection","按类型区分（4000词）","语言","协商","pact","pækt","n. 契约；协定；条约","Try using ""pact"" in a sentence related to 语言 协商.","3980"
"3981","categorized-collection","按类型区分（4000词）","语言","协商","placate","pləˈkeɪt","v. 抚慰；平息","Try using ""placate"" in a sentence related to 语言 协商.","3981"
"3982","categorized-collection","按类型区分（4000词）","语言","协商","reconcile","ˈrekənsaɪl","v. 使和解；使和好；调和","Try using ""reconcile"" in a sentence related to 语言 协商.","3982"
"3983","categorized-collection","按类型区分（4000词）","语言","协商","reconciliation","ˌrekənsɪliˈeɪʃ(ə)n","n. 和解；调和","Try using ""reconciliation"" in a sentence related to 语言 协商.","3983"
"3984","categorized-collection","按类型区分（4000词）","语言","责备","berate","bɪˈreɪt","v. 痛斥；严厉指责","Try using ""berate"" in a sentence related to 语言 责备.","3984"
"3985","categorized-collection","按类型区分（4000词）","语言","责备","blame","bleɪm","v. 责怪；归咎于；指责 n. 责备；责任；指责","Try using ""blame"" in a sentence related to 语言 责备.","3985"
"3986","categorized-collection","按类型区分（4000词）","语言","责备","castigate","ˈkæstɪɡeɪt","v. 严惩；鞭打；谴责","Try using ""castigate"" in a sentence related to 语言 责备.","3986"
"3987","categorized-collection","按类型区分（4000词）","语言","责备","censure","ˈsenʃə(r)","v. 谴责；责难；指责 n. 谴责；责难；指责","Try using ""censure"" in a sentence related to 语言 责备.","3987"
"3988","categorized-collection","按类型区分（4000词）","语言","责备","chide","tʃaɪd","v. 责骂；责备；叱责","Try using ""chide"" in a sentence related to 语言 责备.","3988"
"3989","categorized-collection","按类型区分（4000词）","语言","责备","condemn","kənˈdem","v. 谴责；判刑","Try using ""condemn"" in a sentence related to 语言 责备.","3989"
"3990","categorized-collection","按类型区分（4000词）","语言","责备","critical","ˈkrɪtɪk(ə)l","adj. 批判性的；临界的；危急的；关键的；至关重要的","Try using ""critical"" in a sentence related to 语言 责备.","3990"
"3991","categorized-collection","按类型区分（4000词）","语言","责备","culpable","ˈkʌlpəb(ə)l","adj. 该责备的；有罪的","Try using ""culpable"" in a sentence related to 语言 责备.","3991"
"3992","categorized-collection","按类型区分（4000词）","语言","责备","decry","dɪˈkraɪ","v. 公开反对；谴责","Try using ""decry"" in a sentence related to 语言 责备.","3992"
"3993","categorized-collection","按类型区分（4000词）","语言","责备","denounce","dɪˈnaʊns","v. 公开指责；告发；揭发","Try using ""denounce"" in a sentence related to 语言 责备.","3993"
"3994","categorized-collection","按类型区分（4000词）","语言","责备","deprecate","ˈdeprəkeɪt","v. 对…表示极不赞成；强烈反对；轻视","Try using ""deprecate"" in a sentence related to 语言 责备.","3994"
"3995","categorized-collection","按类型区分（4000词）","语言","责备","rap","ræp","n. 说唱乐 v. 说唱；敲击","Try using ""rap"" in a sentence related to 语言 责备.","3995"
"3996","categorized-collection","按类型区分（4000词）","语言","责备","rebuke","rɪˈbjuːk","v. 指责；斥责 n. 指责；谴责","Try using ""rebuke"" in a sentence related to 语言 责备.","3996"
"3997","categorized-collection","按类型区分（4000词）","语言","责备","reproach","rɪˈprəʊtʃ","v. 责备；指责 n. 责备；指责","Try using ""reproach"" in a sentence related to 语言 责备.","3997"
"3998","categorized-collection","按类型区分（4000词）","语言","责备","repudiate","rɪˈpjuːdieɪt","v. 拒绝；断绝关系；否认；驳斥","Try using ""repudiate"" in a sentence related to 语言 责备.","3998"
"3999","categorized-collection","按类型区分（4000词）","语言","责备","upbraid","ʌpˈbreɪd","v. 斥责；责骂","Try using ""upbraid"" in a sentence related to 语言 责备.","3999"
"4000","categorized-collection","按类型区分（4000词）","语言","责备","reprimand","ˈreprɪmɑːnd","n. 申斥；谴责 v. 斥责；训斥","Try using ""reprimand"" in a sentence related to 语言 责备.","4000"
"4001","categorized-collection","按类型区分（4000词）","语言","责备","revile","rɪˈvaɪl","v. 辱骂；痛斥","Try using ""revile"" in a sentence related to 语言 责备.","4001"
"4002","categorized-collection","按类型区分（4000词）","语言","责备","reprove","rɪˈpruːv","v. 责骂；申斥；谴责","Try using ""reprove"" in a sentence related to 语言 责备.","4002"
"4003","categorized-collection","按类型区分（4000词）","语言","争辩","bicker","ˈbɪkə(r)","v. 斗嘴；闪烁 n. 口角","Try using ""bicker"" in a sentence related to 语言 争辩.","4003"
"4004","categorized-collection","按类型区分（4000词）","语言","争辩","brawl","brɔːl","n. 争吵；打架 v. 争吵；打架","Try using ""brawl"" in a sentence related to 语言 争辩.","4004"
"4005","categorized-collection","按类型区分（4000词）","语言","争辩","contradict","ˌkɒntrəˈdɪkt","v. 反驳；相矛盾","Try using ""contradict"" in a sentence related to 语言 争辩.","4005"
"4006","categorized-collection","按类型区分（4000词）","语言","争辩","contradictory","ˌkɒntrəˈdɪktəri","adj. 矛盾的；反驳的；抗辩的 n. 对立物；矛盾因素","Try using ""contradictory"" in a sentence related to 语言 争辩.","4006"
"4007","categorized-collection","按类型区分（4000词）","语言","争辩","contravene","ˌkɒntrəˈviːn","v. 违反；触犯","Try using ""contravene"" in a sentence related to 语言 争辩.","4007"
"4008","categorized-collection","按类型区分（4000词）","语言","争辩","controversial","ˌkɒntrəˈvɜːʃ(ə)l","adj. 有争议的","Try using ""controversial"" in a sentence related to 语言 争辩.","4008"
"4009","categorized-collection","按类型区分（4000词）","语言","争辩","controversy","ˈkɒntrəvɜːsi","n. 争论；论战","Try using ""controversy"" in a sentence related to 语言 争辩.","4009"
"4010","categorized-collection","按类型区分（4000词）","语言","争辩","controvert","ˌkɒntrəˈvɜːt","v. 反驳；辩驳","Try using ""controvert"" in a sentence related to 语言 争辩.","4010"
"4011","categorized-collection","按类型区分（4000词）","语言","争辩","debatable","dɪˈbeɪtəb(ə)l","adj. 有争议的；有疑问的；未定的","Try using ""debatable"" in a sentence related to 语言 争辩.","4011"
"4012","categorized-collection","按类型区分（4000词）","语言","争辩","debate","dɪˈbeɪt","v. 辩论；争论 n. 辩论；争论","Try using ""debate"" in a sentence related to 语言 争辩.","4012"
"4013","categorized-collection","按类型区分（4000词）","语言","争辩","disprove","ˌdɪsˈpruːv","v. 反驳；证明…有误","Try using ""disprove"" in a sentence related to 语言 争辩.","4013"
"4014","categorized-collection","按类型区分（4000词）","语言","争辩","dispute","dɪˈspjuːt","n. 纠纷；争端 v. 对（某事）有异议；争执","Try using ""dispute"" in a sentence related to 语言 争辩.","4014"
"4015","categorized-collection","按类型区分（4000词）","语言","争辩","eloquence","ˈeləkwəns","n. 雄辩；口才","Try using ""eloquence"" in a sentence related to 语言 争辩.","4015"
"4016","categorized-collection","按类型区分（4000词）","语言","争辩","eloquent","ˈeləkwənt","adj. 雄辩的；有口才的；有说服力的","Try using ""eloquent"" in a sentence related to 语言 争辩.","4016"
"4017","categorized-collection","按类型区分（4000词）","语言","争辩","gainsay","ˌɡeɪnˈseɪ","v. 否认；反驳","Try using ""gainsay"" in a sentence related to 语言 争辩.","4017"
"4018","categorized-collection","按类型区分（4000词）","语言","争辩","haggle","ˈhæɡl","v. 争论；讲价 n. 讨价还价；争论","Try using ""haggle"" in a sentence related to 语言 争辩.","4018"
"4019","categorized-collection","按类型区分（4000词）","语言","争辩","refute","rɪˈfjuːt","v. 驳斥；反驳；批驳","Try using ""refute"" in a sentence related to 语言 争辩.","4019"
"4020","categorized-collection","按类型区分（4000词）","语言","争辩","retort","rɪˈtɔːt","v. 反驳；回嘴 n. 反驳；顶嘴","Try using ""retort"" in a sentence related to 语言 争辩.","4020"
"4021","categorized-collection","按类型区分（4000词）","语言","争辩","squabble","ˈskwɒb(ə)l","n. 争吵 v. 争吵","Try using ""squabble"" in a sentence related to 语言 争辩.","4021"
"4022","categorized-collection","按类型区分（4000词）","语言","争辩","wrangle","ˈræŋɡl","v. 争论；争执；吵架 n. 争吵；口角","Try using ""wrangle"" in a sentence related to 语言 争辩.","4022"
"4023","categorized-collection","按类型区分（4000词）","语言","争辩","dissentious","dɪˈsenʃəs","adj. 好争论的；争吵的","Try using ""dissentious"" in a sentence related to 语言 争辩.","4023"
"4024","categorized-collection","按类型区分（4000词）","语言","争辩","quarrel","ˈkwɒrəl","v. 争吵；吵架； n. 争吵；口角；","Try using ""quarrel"" in a sentence related to 语言 争辩.","4024"
"4025","categorized-collection","按类型区分（4000词）","语言","争辩","oppose","əˈpəʊz","v. 反对；反抗","Try using ""oppose"" in a sentence related to 语言 争辩.","4025"
"4026","categorized-collection","按类型区分（4000词）","语言","争辩","challenge","ˈtʃælɪndʒ","n. 挑战；盘问；质疑；怀疑 v. 提出挑战；质疑；驳斥","Try using ""challenge"" in a sentence related to 语言 争辩.","4026"
"4027","categorized-collection","按类型区分（4000词）","语言","争辩","contentious","kənˈtenʃəs","adj. 好争吵的；有争议的","Try using ""contentious"" in a sentence related to 语言 争辩.","4027"
"4028","categorized-collection","按类型区分（4000词）","语言","争辩","Rebut","rɪˈbʌt","v. 反驳；辩驳；举反证","Try using ""Rebut"" in a sentence related to 语言 争辩.","4028"
"4029","categorized-collection","按类型区分（4000词）","语言","争辩","counter","ˈkaʊntə(r)","n. 柜台；对立面 v. 反驳；抵消 adv. 相反地","Try using ""counter"" in a sentence related to 语言 争辩.","4029"
"4030","categorized-collection","按类型区分（4000词）","语言","争辩","rejoinder","rɪˈdʒɔɪndə(r)","n. 回答；反驳；答辩","Try using ""rejoinder"" in a sentence related to 语言 争辩.","4030"
"4031","categorized-collection","按类型区分（4000词）","语言","争辩","tiff","tɪf","n. 口角；争吵","Try using ""tiff"" in a sentence related to 语言 争辩.","4031"
"4032","categorized-collection","按类型区分（4000词）","化学","化学","reagent","riˈeɪdʒənt","n. 试剂；试药；反应物","Try using ""reagent"" in a sentence related to 化学.","4032"
"4033","categorized-collection","按类型区分（4000词）","化学","化学","element","ˈelɪmənt","n. 元素；要素；成分","Try using ""element"" in a sentence related to 化学.","4033"
"4034","categorized-collection","按类型区分（4000词）","化学","化学","compound","ˈkɒmpaʊnd","n. 化合物；大院 adj. 复合的；混合的 v. 使复杂化；加重","Try using ""compound"" in a sentence related to 化学.","4034"
"4035","categorized-collection","按类型区分（4000词）","化学","化学","molecule","ˈmɒlɪkjuːl","n. 分子","Try using ""molecule"" in a sentence related to 化学.","4035"
"4036","categorized-collection","按类型区分（4000词）","化学","化学","electron","ɪˈlektrɒn","n. 电子","Try using ""electron"" in a sentence related to 化学.","4036"
"4037","categorized-collection","按类型区分（4000词）","化学","化学","isotope","ˈaɪsətəʊp","n. 同位素","Try using ""isotope"" in a sentence related to 化学.","4037"
"4038","categorized-collection","按类型区分（4000词）","化学","化学","polymer","ˈpɒlɪmə(r)","n. 聚合体；聚合物","Try using ""polymer"" in a sentence related to 化学.","4038"
"4039","categorized-collection","按类型区分（4000词）","化学","化学","alloy","ˈælɔɪ","n. 合金 v. 把…铸成合金","Try using ""alloy"" in a sentence related to 化学.","4039"
"4040","categorized-collection","按类型区分（4000词）","化学","化学","metal","ˈmet(ə)l","n. 金属","Try using ""metal"" in a sentence related to 化学.","4040"
"4041","categorized-collection","按类型区分（4000词）","化学","化学","metalloid","ˈmetlɔɪd","n. 准金属（化学性质上表现出金属和非金属两种性质）","Try using ""metalloid"" in a sentence related to 化学.","4041"
"4042","categorized-collection","按类型区分（4000词）","化学","化学","derivative","dɪˈrɪvətɪv","n. 派生物；衍生物 adj. 派生的；缺乏创意的","Try using ""derivative"" in a sentence related to 化学.","4042"
"4043","categorized-collection","按类型区分（4000词）","化学","化学","alkali","ˈælkəlaɪ","n. 碱；强碱","Try using ""alkali"" in a sentence related to 化学.","4043"
"4044","categorized-collection","按类型区分（4000词）","化学","化学","hydrate","haɪˈdreɪt","n. 水合物；氢氧化物 v. （使）成水合物","Try using ""hydrate"" in a sentence related to 化学.","4044"
"4045","categorized-collection","按类型区分（4000词）","化学","化学","action","ˈækʃ(ə)n","n. 行动；行为","Try using ""action"" in a sentence related to 化学.","4045"
"4046","categorized-collection","按类型区分（4000词）","化学","化学","adhesive","ədˈhiːsɪv","adj. 可黏着的；黏性的 n. 黏合剂；胶黏剂","Try using ""adhesive"" in a sentence related to 化学.","4046"
"4047","categorized-collection","按类型区分（4000词）","化学","化学","alchemy","ˈælkəmi","n. 炼金术；魔力","Try using ""alchemy"" in a sentence related to 化学.","4047"
"4048","categorized-collection","按类型区分（4000词）","化学","化学","biochemistry","ˌbaɪəʊˈkemɪstri","n. 生物化学","Try using ""biochemistry"" in a sentence related to 化学.","4048"
"4049","categorized-collection","按类型区分（4000词）","化学","化学","bleach","bliːtʃ","v. 漂白；使变白 n. 漂白剂","Try using ""bleach"" in a sentence related to 化学.","4049"
"4050","categorized-collection","按类型区分（4000词）","化学","化学","blast","blɑːst","n. 爆炸；一阵强劲的气流；突然的响声 v. 爆破；产生巨大响声","Try using ""blast"" in a sentence related to 化学.","4050"
"4051","categorized-collection","按类型区分（4000词）","化学","化学","calcium","ˈkælsiəm","n. 钙","Try using ""calcium"" in a sentence related to 化学.","4051"
"4052","categorized-collection","按类型区分（4000词）","化学","化学","carbon","ˈkɑːbən","n. 碳；复写纸","Try using ""carbon"" in a sentence related to 化学.","4052"
"4053","categorized-collection","按类型区分（4000词）","化学","化学","catalysis","kəˈtæləsɪs","n. 催化作用；触媒作用","Try using ""catalysis"" in a sentence related to 化学.","4053"
"4054","categorized-collection","按类型区分（4000词）","化学","化学","caustic","ˈkɔːstɪk","adj. 腐蚀性的；苛性的；尖酸刻薄的 n. 腐蚀剂","Try using ""caustic"" in a sentence related to 化学.","4054"
"4055","categorized-collection","按类型区分（4000词）","化学","化学","combination","ˌkɒmbɪˈneɪʃ(ə)n","n. 组合；结合","Try using ""combination"" in a sentence related to 化学.","4055"
"4056","categorized-collection","按类型区分（4000词）","化学","化学","corrode","kəˈrəʊd","v. 腐蚀；侵蚀","Try using ""corrode"" in a sentence related to 化学.","4056"
"4057","categorized-collection","按类型区分（4000词）","化学","化学","crystal","ˈkrɪst(ə)l","n. 水晶；结晶 adj. 晶体的","Try using ""crystal"" in a sentence related to 化学.","4057"
"4058","categorized-collection","按类型区分（4000词）","化学","化学","decay","dɪˈkeɪ","v. 腐烂；衰退 n. 腐烂；衰落","Try using ""decay"" in a sentence related to 化学.","4058"
"4059","categorized-collection","按类型区分（4000词）","化学","化学","decomposition","ˌdiːˌkɒmpəˈzɪʃ(ə)n","n. 分解；腐烂","Try using ""decomposition"" in a sentence related to 化学.","4059"
"4060","categorized-collection","按类型区分（4000词）","化学","化学","erode","ɪˈrəʊd","v. 侵蚀；腐蚀；逐渐丧失；削弱","Try using ""erode"" in a sentence related to 化学.","4060"
"4061","categorized-collection","按类型区分（4000词）","化学","化学","explode","ɪkˈspləʊd","v. （使）爆炸；爆发","Try using ""explode"" in a sentence related to 化学.","4061"
"4062","categorized-collection","按类型区分（4000词）","化学","化学","explosive","ɪksˈpləʊsɪv","n. 炸药；爆炸物 adj. 爆炸的","Try using ""explosive"" in a sentence related to 化学.","4062"
"4063","categorized-collection","按类型区分（4000词）","化学","化学","gasoline","ˈɡæsəliːn","n. 汽油【美】","Try using ""gasoline"" in a sentence related to 化学.","4063"
"4064","categorized-collection","按类型区分（4000词）","化学","化学","ignite","ɪɡˈnaɪt","v. 点燃；使燃烧；激起","Try using ""ignite"" in a sentence related to 化学.","4064"
"4065","categorized-collection","按类型区分（4000词）","化学","化学","impurity","ɪmˈpjʊərəti","n. 不纯，不洁；杂质；不纯的东西","Try using ""impurity"" in a sentence related to 化学.","4065"
"4066","categorized-collection","按类型区分（4000词）","化学","化学","iodine","ˈaɪədiːn","n. 碘","Try using ""iodine"" in a sentence related to 化学.","4066"
"4067","categorized-collection","按类型区分（4000词）","化学","化学","methane","ˈmiːθeɪn","n. 甲烷；沼气","Try using ""methane"" in a sentence related to 化学.","4067"
"4068","categorized-collection","按类型区分（4000词）","化学","化学","neutralize","ˈnjuːtrəlaɪz","v. 使中立；中和；使无效","Try using ""neutralize"" in a sentence related to 化学.","4068"
"4069","categorized-collection","按类型区分（4000词）","化学","化学","nickel","ˈnɪk(ə)l","n. 镍；镍币；五分镍币","Try using ""nickel"" in a sentence related to 化学.","4069"
"4070","categorized-collection","按类型区分（4000词）","化学","化学","nitrogen","ˈnaɪtrədʒən","n. 氮","Try using ""nitrogen"" in a sentence related to 化学.","4070"
"4071","categorized-collection","按类型区分（4000词）","化学","化学","particle","ˈpɑːtɪk(ə)l","n. 微粒；粒子","Try using ""particle"" in a sentence related to 化学.","4071"
"4072","categorized-collection","按类型区分（4000词）","化学","化学","polymerization","ˌpɒliməraɪˈzeɪʃ(ə)n","n. 聚合","Try using ""polymerization"" in a sentence related to 化学.","4072"
"4073","categorized-collection","按类型区分（4000词）","化学","化学","scorch","skɔːtʃ","v. 烤得变色；（使）烧焦","Try using ""scorch"" in a sentence related to 化学.","4073"
"4074","categorized-collection","按类型区分（4000词）","化学","化学","silicon","ˈsɪlɪkən","n. 硅","Try using ""silicon"" in a sentence related to 化学.","4074"
"4075","categorized-collection","按类型区分（4000词）","化学","化学","sodium","ˈsəʊdiəm","n. 钠","Try using ""sodium"" in a sentence related to 化学.","4075"
"4076","categorized-collection","按类型区分（4000词）","化学","化学","Solubility","ˌsɒljuˈbɪləti","n. 溶度；溶性；可解决性；可解释性；溶解性","Try using ""Solubility"" in a sentence related to 化学.","4076"
"4077","categorized-collection","按类型区分（4000词）","化学","化学","solvent","ˈsɒlvənt","adj. 有溶解力的；有偿付能力的 n. 溶剂；解决方法","Try using ""solvent"" in a sentence related to 化学.","4077"
"4078","categorized-collection","按类型区分（4000词）","化学","化学","sulfur","ˈsʌlfə(r)","n. 硫（磺）","Try using ""sulfur"" in a sentence related to 化学.","4078"
"4079","categorized-collection","按类型区分（4000词）","化学","化学","synthetic","sɪnˈθetɪk","adj. 合成的；人造的；综合的","Try using ""synthetic"" in a sentence related to 化学.","4079"
"4080","categorized-collection","按类型区分（4000词）","化学","化学","tint","tɪnt","n. 色彩；浅色；染发剂 v. 给...染色","Try using ""tint"" in a sentence related to 化学.","4080"
"4081","categorized-collection","按类型区分（4000词）","化学","化学","zinc","zɪŋk","n. 锌","Try using ""zinc"" in a sentence related to 化学.","4081"
"4082","categorized-collection","按类型区分（4000词）","化学","化学","solution","səˈluːʃ(ə)n","n. 解决办法；溶液","Try using ""solution"" in a sentence related to 化学.","4082"
"4083","categorized-collection","按类型区分（4000词）","化学","化学","rotten","ˈrɒt(ə)n","adj. 腐烂的；腐败的","Try using ""rotten"" in a sentence related to 化学.","4083"
"4084","categorized-collection","按类型区分（4000词）","教育","教育","compulsory","kəmˈpʌlsəri","adj. 强制的；必须做的","The teacher used ""compulsory"" while explaining a classroom topic.","4084"
"4085","categorized-collection","按类型区分（4000词）","教育","教育","optional","ˈɒpʃən(ə)l","adj. 可选择的；非强制的","The teacher used ""optional"" while explaining a classroom topic.","4085"
"4086","categorized-collection","按类型区分（4000词）","教育","教育","elective","ɪˈlektɪv","adj. 选举的；选修的；可选择的 n. 选修课程","The teacher used ""elective"" while explaining a classroom topic.","4086"
"4087","categorized-collection","按类型区分（4000词）","教育","教育","obligatory","əˈblɪɡətri","adj. 强制性的；义务的；必须的","The teacher used ""obligatory"" while explaining a classroom topic.","4087"
"4088","categorized-collection","按类型区分（4000词）","教育","教育","socratic","səˈkrætɪk","adj. 苏格拉底的；苏格拉底哲学的","The teacher used ""socratic"" while explaining a classroom topic.","4088"
"4089","categorized-collection","按类型区分（4000词）","教育","教育","instruct","ɪnˈstrʌkt","v. 教授；教导；指示；命令；通知","The teacher used ""instruct"" while explaining a classroom topic.","4089"
"4090","categorized-collection","按类型区分（4000词）","教育","教育","enlighten","ɪnˈlaɪt(ə)n","v. 启发；开导","The teacher used ""enlighten"" while explaining a classroom topic.","4090"
"4091","categorized-collection","按类型区分（4000词）","教育","教育","curriculum","kəˈrɪkjələm","n. 课程","The teacher used ""curriculum"" while explaining a classroom topic.","4091"
"4092","categorized-collection","按类型区分（4000词）","教育","教育","mathematics","ˌmæθəˈmætɪks","n. 数学","The teacher used ""mathematics"" while explaining a classroom topic.","4092"
"4093","categorized-collection","按类型区分（4000词）","教育","教育","science","ˈsaɪəns","n. 科学","The teacher used ""science"" while explaining a classroom topic.","4093"
"4094","categorized-collection","按类型区分（4000词）","教育","教育","parts","pɑːts","n. 部分；零件；部件","The teacher used ""parts"" while explaining a classroom topic.","4094"
"4095","categorized-collection","按类型区分（4000词）","教育","教育","humanities","hjuːˈmænɪtɪz","n. 人文学科","The teacher used ""humanities"" while explaining a classroom topic.","4095"
"4096","categorized-collection","按类型区分（4000词）","教育","教育","literacy","ˈlɪtərəsi","n. 识字；有读写能力；有文化","The teacher used ""literacy"" while explaining a classroom topic.","4096"
"4097","categorized-collection","按类型区分（4000词）","教育","教育","illiteracy","ɪˈlɪtərəsi","n. 文盲；无知；缺乏教育","The teacher used ""illiteracy"" while explaining a classroom topic.","4097"
"4098","categorized-collection","按类型区分（4000词）","教育","教育","primary","ˈpraɪməri","adj. 最初的；首要的；初等的；小学的；原来的","The teacher used ""primary"" while explaining a classroom topic.","4098"
"4099","categorized-collection","按类型区分（4000词）","教育","教育","secondary","ˈsekəndri","adj. 第二的，次要的；中等的","The teacher used ""secondary"" while explaining a classroom topic.","4099"
"4100","categorized-collection","按类型区分（4000词）","教育","教育","tertiary","ˈtɜːʃəri","adj. 第三的；高等教育的","The teacher used ""tertiary"" while explaining a classroom topic.","4100"
"4101","categorized-collection","按类型区分（4000词）","教育","教育","matriculate","məˈtrɪkjuleɪt","v. 准许入学；被录取入学","The teacher used ""matriculate"" while explaining a classroom topic.","4101"
"4102","categorized-collection","按类型区分（4000词）","教育","教育","enroll","ɪnˈrəʊl","v. 登记；注册；招收；录取","The teacher used ""enroll"" while explaining a classroom topic.","4102"
"4103","categorized-collection","按类型区分（4000词）","教育","教育","admission","ədˈmɪʃ(ə)n","n. 允许进入；承认","The teacher used ""admission"" while explaining a classroom topic.","4103"
"4104","categorized-collection","按类型区分（4000词）","教育","教育","inculcate","ˈɪnkʌlkeɪt","v. 反复灌输；谆谆劝导","The teacher used ""inculcate"" while explaining a classroom topic.","4104"
"4105","categorized-collection","按类型区分（4000词）","教育","教育","rote learning","rəʊt ˈlɜːnɪŋ","phrase. 死记硬背式学习；机械学习","The teacher used ""rote learning"" while explaining a classroom topic.","4105"
"4106","categorized-collection","按类型区分（4000词）","教育","教育","credit","ˈkredɪt","n. 赞扬；荣誉；赊账；信用；贷款；学分 v. 相信；给银行账户上存钱","The teacher used ""credit"" while explaining a classroom topic.","4106"
"4107","categorized-collection","按类型区分（4000词）","教育","教育","semester","sɪˈmestə(r)","n. 一学期；半学年","The teacher used ""semester"" while explaining a classroom topic.","4107"
"4108","categorized-collection","按类型区分（4000词）","教育","教育","specialization","ˌspeʃəlaɪˈzeɪʃ(ə)n","n. 专门化；特殊化","The teacher used ""specialization"" while explaining a classroom topic.","4108"
"4109","categorized-collection","按类型区分（4000词）","教育","教育","major","ˈmeɪdʒə(r)","adj. 主要的；较多的；成年的；大调的 n. 主修课；成年人；少校；大调 v. 主修","The teacher used ""major"" while explaining a classroom topic.","4109"
"4110","categorized-collection","按类型区分（4000词）","教育","教育","minor","ˈmaɪnə(r)","adj. 小的；次要的；轻微的；小调的 n. 未成年人","The teacher used ""minor"" while explaining a classroom topic.","4110"
"4111","categorized-collection","按类型区分（4000词）","教育","教育","mobility","məʊˈbɪləti","n. 流动性；灵活性；迁移率","The teacher used ""mobility"" while explaining a classroom topic.","4111"
"4112","categorized-collection","按类型区分（4000词）","教育","教育","internationalization","ˌɪntəˌnæʃnəlaɪˈzeɪʃn","n. 国际化","The teacher used ""internationalization"" while explaining a classroom topic.","4112"
"4113","categorized-collection","按类型区分（4000词）","教育","教育","confer","kənˈfɜː(r)","v. 授予；赋予；商讨","The teacher used ""confer"" while explaining a classroom topic.","4113"
"4114","categorized-collection","按类型区分（4000词）","教育","教育","award","əˈwɔːd","v. 颁奖；授予；裁定 n. 奖品；裁定","The teacher used ""award"" while explaining a classroom topic.","4114"
"4115","categorized-collection","按类型区分（4000词）","教育","教育","Specialty","ˈspeʃəlti","n. 专业；专长；特色食品","The teacher used ""Specialty"" while explaining a classroom topic.","4115"
"4116","categorized-collection","按类型区分（4000词）","教育","教育","academia","ˌækəˈdiːmiə","n. 学术界；学术环境","The teacher used ""academia"" while explaining a classroom topic.","4116"
"4117","categorized-collection","按类型区分（4000词）","教育","教育","symposium","sɪmˈpəʊziəm","n. 专题讨论会；研讨会","The teacher used ""symposium"" while explaining a classroom topic.","4117"
"4118","categorized-collection","按类型区分（4000词）","教育","教育","autonomy","ɔːˈtɒnəmi","n. 自治；自主权；自治权","The teacher used ""autonomy"" while explaining a classroom topic.","4118"
"4119","categorized-collection","按类型区分（4000词）","教育","教育","heuristic","hjʊəˈrɪstɪk","adj. 启发式的；探索的 n. 启发式教学","The teacher used ""heuristic"" while explaining a classroom topic.","4119"
"4120","categorized-collection","按类型区分（4000词）","教育","教育","elicitation","ɪˌlɪsɪˈteɪʃ(ə)n","n. 启发","The teacher used ""elicitation"" while explaining a classroom topic.","4120"
"4121","categorized-collection","按类型区分（4000词）","教育","教育","universal","ˌjuːnɪˈvɜːs(ə)l","adj. 普遍的；全体的","The teacher used ""universal"" while explaining a classroom topic.","4121"
"4122","categorized-collection","按类型区分（4000词）","教育","教育","elementary","ˌelɪˈmentri","adj. 基本的；初级的","The teacher used ""elementary"" while explaining a classroom topic.","4122"
"4123","categorized-collection","按类型区分（4000词）","教育","教育","vocational","vəʊˈkeɪʃən(ə)l","adj. 职业的","The teacher used ""vocational"" while explaining a classroom topic.","4123"
"4124","categorized-collection","按类型区分（4000词）","教育","教育","faculty","ˈfæk(ə)lti","n. 才能；能力；全体教员；院系","The teacher used ""faculty"" while explaining a classroom topic.","4124"
"4125","categorized-collection","按类型区分（4000词）","教育","教育","chancellor","ˈtʃɑːnsələ(r)","n. 大臣；总理","The teacher used ""chancellor"" while explaining a classroom topic.","4125"
"4126","categorized-collection","按类型区分（4000词）","教育","教育","extracurricular","ˌekstrəkəˈrɪkjələ(r)","adj. 正课以外的；课外的","The teacher used ""extracurricular"" while explaining a classroom topic.","4126"
"4127","categorized-collection","按类型区分（4000词）","教育","教育","alumna","əˈlʌmnə","n. 女毕业生；女校友","The teacher used ""alumna"" while explaining a classroom topic.","4127"
"4128","categorized-collection","按类型区分（4000词）","教育","教育","transcript","ˈtrænskrɪpt","n. 副本；抄本；成绩单","The teacher used ""transcript"" while explaining a classroom topic.","4128"
"4129","categorized-collection","按类型区分（4000词）","教育","教育","dissertation","ˌdɪsəˈteɪʃ(ə)n","n. 专题论文；学位论文","The teacher used ""dissertation"" while explaining a classroom topic.","4129"
"4130","categorized-collection","按类型区分（4000词）","教育","教育","thesis","ˈθiːsɪs","n. 论点；论文","The teacher used ""thesis"" while explaining a classroom topic.","4130"
"4131","categorized-collection","按类型区分（4000词）","教育","教育","scholarship","ˈskɒləʃɪp","n. 奖学金；学问；学识","The teacher used ""scholarship"" while explaining a classroom topic.","4131"
"4132","categorized-collection","按类型区分（4000词）","教育","教育","tuition","tjuˈɪʃ(ə)n","n. 指导；学费","The teacher used ""tuition"" while explaining a classroom topic.","4132"
"4133","categorized-collection","按类型区分（4000词）","教育","教育","accommodation","əˌkɒməˈdeɪʃ(ə)n","n. 住处；工作场所；停留处；膳宿；（交通工具内的）空间","The teacher used ""accommodation"" while explaining a classroom topic.","4133"
"4134","categorized-collection","按类型区分（4000词）","教育","教育","allowance","əˈlaʊəns","n. 零用钱；津贴","The teacher used ""allowance"" while explaining a classroom topic.","4134"
"4135","categorized-collection","按类型区分（4000词）","教育","教育","didactic","daɪˈdæktɪk","adj. 教诲的；说教的；好教训人的","The teacher used ""didactic"" while explaining a classroom topic.","4135"
"4136","categorized-collection","按类型区分（4000词）","经济","经济","production","prəˈdʌkʃ(ə)n","n. 生产；制造；产量","Try using ""production"" in a sentence related to 经济.","4136"
"4137","categorized-collection","按类型区分（4000词）","经济","经济","saving","ˈseɪvɪŋ","n. 节约 v. 保存；拯救；节省；“save”的现在分词","Try using ""saving"" in a sentence related to 经济.","4137"
"4138","categorized-collection","按类型区分（4000词）","经济","经济","investment","ɪnˈvestmənt","n. 投资","Try using ""investment"" in a sentence related to 经济.","4138"
"4139","categorized-collection","按类型区分（4000词）","经济","经济","expenditure","ɪkˈspendɪtʃə(r)","n. 开支；消费；耗费","Try using ""expenditure"" in a sentence related to 经济.","4139"
"4140","categorized-collection","按类型区分（4000词）","经济","经济","capital","ˈkæpɪt(ə)l","n. 首都；大写字母；财富 adj. 大写的","Try using ""capital"" in a sentence related to 经济.","4140"
"4141","categorized-collection","按类型区分（4000词）","经济","经济","currency","ˈkʌrənsi","n. 货币；流通","Try using ""currency"" in a sentence related to 经济.","4141"
"4142","categorized-collection","按类型区分（4000词）","经济","经济","denomination","dɪˌnɒmɪˈneɪʃ(ə)n","n. 宗派；教派；面额","Try using ""denomination"" in a sentence related to 经济.","4142"
"4143","categorized-collection","按类型区分（4000词）","经济","经济","demand","dɪˈmɑːnd","n. 要求；请求；需求 v. 要求；请求；需求","Try using ""demand"" in a sentence related to 经济.","4143"
"4144","categorized-collection","按类型区分（4000词）","经济","经济","supply","səˈplaɪ","n. 供应；供给 v. 供给","Try using ""supply"" in a sentence related to 经济.","4144"
"4145","categorized-collection","按类型区分（4000词）","经济","经济","purchase","ˈpɜːtʃəs","n. 购买；采购 v. 购买；采购","Try using ""purchase"" in a sentence related to 经济.","4145"
"4146","categorized-collection","按类型区分（4000词）","经济","经济","inflation","ɪnˈfleɪʃ(ə)n","n. 膨胀；充气；通货膨胀","Try using ""inflation"" in a sentence related to 经济.","4146"
"4147","categorized-collection","按类型区分（4000词）","经济","经济","monetary","ˈmʌnɪtri","adj. 货币的；金钱的","Try using ""monetary"" in a sentence related to 经济.","4147"
"4148","categorized-collection","按类型区分（4000词）","经济","经济","microeconomics","ˌmaɪkrəˌiːkəˈnɒmɪks","n. 微观经济学","Try using ""microeconomics"" in a sentence related to 经济.","4148"
"4149","categorized-collection","按类型区分（4000词）","经济","经济","macroeconomics","ˌmækrəʊˌiːkəˈnɒmɪks","n. 宏观经济学","Try using ""macroeconomics"" in a sentence related to 经济.","4149"
"4150","categorized-collection","按类型区分（4000词）","经济","经济","consume","kənˈsjuːm","v. 消耗；消费；毁掉；（使）沉溺；（使）沉迷；（使）充满","Try using ""consume"" in a sentence related to 经济.","4150"
"4151","categorized-collection","按类型区分（4000词）","经济","经济","distribution","ˌdɪstrɪˈbjuːʃ(ə)n","n. 分布；分配","Try using ""distribution"" in a sentence related to 经济.","4151"
"4152","categorized-collection","按类型区分（4000词）","经济","经济","durability","ˌdjʊərəˈbɪləti","n. 持久性；耐久性","Try using ""durability"" in a sentence related to 经济.","4152"
"4153","categorized-collection","按类型区分（4000词）","经济","经济","nominal","ˈnɒmɪn(ə)l","adj. 名义上的；微不足道的；象征性的；名词词性的","Try using ""nominal"" in a sentence related to 经济.","4153"
"4154","categorized-collection","按类型区分（4000词）","经济","经济","taxation","tækˈseɪʃ(ə)n","n. 征税；税款","Try using ""taxation"" in a sentence related to 经济.","4154"
"4155","categorized-collection","按类型区分（4000词）","经济","经济","externality","ˌekstɜːˈnæləti","n. 外在性；外形；外部事物；（经济学名词）外部效应","Try using ""externality"" in a sentence related to 经济.","4155"
"4156","categorized-collection","按类型区分（4000词）","经济","经济","asymmetric","ˌeɪsɪˈmetrɪk","adj. 不对称的；不均匀的","Try using ""asymmetric"" in a sentence related to 经济.","4156"
"4157","categorized-collection","按类型区分（4000词）","经济","经济","fluctuate","ˈflʌktʃueɪt","v. 波动；起伏不定","Try using ""fluctuate"" in a sentence related to 经济.","4157"
"4158","categorized-collection","按类型区分（4000词）","经济","经济","predictability","prɪˌdɪktəˈbɪləti","n. 可预见性","Try using ""predictability"" in a sentence related to 经济.","4158"
"4159","categorized-collection","按类型区分（4000词）","经济","经济","trademark","ˈtreɪdmɑːk","n. 商标；标记","Try using ""trademark"" in a sentence related to 经济.","4159"
"4160","categorized-collection","按类型区分（4000词）","经济","经济","copyright","ˈkɒpiraɪt","n. 版权；著作权","Try using ""copyright"" in a sentence related to 经济.","4160"
"4161","categorized-collection","按类型区分（4000词）","经济","经济","brand","brænd","n. 品牌；商标；烙印 v. 侮辱；铭刻于； 加商标于；打烙印于","Try using ""brand"" in a sentence related to 经济.","4161"
"4162","categorized-collection","按类型区分（4000词）","经济","经济","appreciation","əˌpriːʃiˈeɪʃ(ə)n","n. 欣赏；感激；理解","Try using ""appreciation"" in a sentence related to 经济.","4162"
"4163","categorized-collection","按类型区分（4000词）","经济","经济","depreciation","dɪˌpriːʃiˈeɪʃ(ə)n","n. 折旧；贬值；跌价","Try using ""depreciation"" in a sentence related to 经济.","4163"
"4164","categorized-collection","按类型区分（4000词）","经济","经济","depression","dɪˈpreʃ(ə)n","n. 抑郁；沮丧；萧条；凹陷；洼地；低气压区","Try using ""depression"" in a sentence related to 经济.","4164"
"4165","categorized-collection","按类型区分（4000词）","经济","经济","discount","ˈdɪskaʊnt","n. 折扣；贴现率 v. 打折扣；贴现；不全信；不重视","Try using ""discount"" in a sentence related to 经济.","4165"
"4166","categorized-collection","按类型区分（4000词）","经济","经济","welfare","ˈwelfeə(r)","n. 福利；社会救济","Try using ""welfare"" in a sentence related to 经济.","4166"
"4167","categorized-collection","按类型区分（4000词）","经济","经济","efficiency","ɪˈfɪʃ(ə)nsi","n. 效率；功效","Try using ""efficiency"" in a sentence related to 经济.","4167"
"4168","categorized-collection","按类型区分（4000词）","经济","经济","unemployment","ˌʌnɪmˈplɔɪmənt","n. 失业","Try using ""unemployment"" in a sentence related to 经济.","4168"
"4169","categorized-collection","按类型区分（4000词）","经济","经济","entrepreneur","ˌɒntrəprəˈnɜː(r)","n. 企业家；创业者；承包人","Try using ""entrepreneur"" in a sentence related to 经济.","4169"
"4170","categorized-collection","按类型区分（4000词）","经济","经济","factor","ˈfæktə(r)","n. 因素；要素；因数；代理人；倍数；系数 v. 把…因素包括进去；分解成因子；做代理商（或管家）","Try using ""factor"" in a sentence related to 经济.","4170"
"4171","categorized-collection","按类型区分（4000词）","经济","经济","reserve","rɪˈzɜːv","v. 保留；储备；预订 n. 储备；保留；保护区；候补","Try using ""reserve"" in a sentence related to 经济.","4171"
"4172","categorized-collection","按类型区分（4000词）","经济","经济","fiscal","ˈfɪsk(ə)l","adj. 财政的；国库的","Try using ""fiscal"" in a sentence related to 经济.","4172"
"4173","categorized-collection","按类型区分（4000词）","经济","经济","industrialization","ɪnˌdʌstriəlaɪˈzeɪʃ(ə)n","n. 工业化；产业化","Try using ""industrialization"" in a sentence related to 经济.","4173"
"4174","categorized-collection","按类型区分（4000词）","经济","经济","deflation","ˌdiːˈfleɪʃ(ə)n","n. 通货紧缩；放气","Try using ""deflation"" in a sentence related to 经济.","4174"
"4175","categorized-collection","按类型区分（4000词）","经济","经济","index","ˈɪndeks","n. 指标；索引；指数","Try using ""index"" in a sentence related to 经济.","4175"
"4176","categorized-collection","按类型区分（4000词）","经济","经济","securities","sɪˈkjʊərətiz","n. 证券；有价证券","Try using ""securities"" in a sentence related to 经济.","4176"
"4177","categorized-collection","按类型区分（4000词）","经济","经济","insurance","ɪnˈʃʊərəns","n. 保险","Try using ""insurance"" in a sentence related to 经济.","4177"
"4178","categorized-collection","按类型区分（4000词）","经济","经济","futures","fˈjuːtʃəz","n. 期货 n. 未来；将来；前途；“future”的复数","Try using ""futures"" in a sentence related to 经济.","4178"
"4179","categorized-collection","按类型区分（4000词）","经济","经济","inventory","ˈɪnvəntri","n. 详细目录；清单；储备；存货","Try using ""inventory"" in a sentence related to 经济.","4179"
"4180","categorized-collection","按类型区分（4000词）","经济","经济","financial","faɪˈnænʃəl","adj. 财政的；金融的","Try using ""financial"" in a sentence related to 经济.","4180"
"4181","categorized-collection","按类型区分（4000词）","经济","经济","budget","ˈbʌdʒɪt","n. 预算；预算金额 v. 为 ... 做预算；节省开支 adj. 廉价的；花钱少的","Try using ""budget"" in a sentence related to 经济.","4181"
"4182","categorized-collection","按类型区分（4000词）","经济","经济","equilibrium","ˌiːkwɪˈlɪbrɪəm","n. 平衡；均衡；平静","Try using ""equilibrium"" in a sentence related to 经济.","4182"
"4183","categorized-collection","按类型区分（4000词）","经济","经济","hyperinflation","ˌhaɪpərɪnˈfleɪʃ(ə)n","n. 恶性通货膨胀","Try using ""hyperinflation"" in a sentence related to 经济.","4183"
"4184","categorized-collection","按类型区分（4000词）","经济","经济","aggregate","ˈæɡrɪɡət","n. 总计；集合体 adj. 合计的；总的 v. （使）聚集；聚合；总计为","Try using ""aggregate"" in a sentence related to 经济.","4184"
"4185","categorized-collection","按类型区分（4000词）","经济","经济","incentive","ɪnˈsentɪv","n. 刺激；诱因；动机","Try using ""incentive"" in a sentence related to 经济.","4185"
"4186","categorized-collection","按类型区分（4000词）","经济","经济","profitability","ˌprɒfɪtəˈbɪləti","n. 盈利能力；盈利性；收益率","Try using ""profitability"" in a sentence related to 经济.","4186"
"4187","categorized-collection","按类型区分（4000词）","经济","经济","allocation","ˌæləˈkeɪʃ(ə)n","n. 分配；配给；拨款","Try using ""allocation"" in a sentence related to 经济.","4187"
"4188","categorized-collection","按类型区分（4000词）","经济","经济","rigidity","rɪˈdʒɪdəti","n. 坚硬；严格；刚直；死板","Try using ""rigidity"" in a sentence related to 经济.","4188"
"4189","categorized-collection","按类型区分（4000词）","经济","经济","share","ʃeə(r)","v. 共享；分享 n. 分享；股份","Try using ""share"" in a sentence related to 经济.","4189"
"4190","categorized-collection","按类型区分（4000词）","经济","经济","stock","stɒk","n. 库存；股票；家畜；出身 v. 备有；贮存","Try using ""stock"" in a sentence related to 经济.","4190"
"4191","categorized-collection","按类型区分（4000词）","经济","经济","nasdaq","næzˈdæk","abbr.abbr. 纳斯达克股票交易所，全国证券交易商自动报价系统协会（National Associati...","Try using ""nasdaq"" in a sentence related to 经济.","4191"
"4192","categorized-collection","按类型区分（4000词）","经济","经济","payment","ˈpeɪmənt","n. 支付；报酬","Try using ""payment"" in a sentence related to 经济.","4192"
"4193","categorized-collection","按类型区分（4000词）","经济","经济","stagger","ˈstæɡə(r)","v. 蹒跚；犹豫；动摇 n. 蹒跚；踌躇；摇摆不定","Try using ""stagger"" in a sentence related to 经济.","4193"
"4194","categorized-collection","按类型区分（4000词）","经济","经济","distortion","dɪˈstɔːʃ(ə)n","n. 扭曲；歪曲；失真；畸变","Try using ""distortion"" in a sentence related to 经济.","4194"
"4195","categorized-collection","按类型区分（4000词）","经济","经济","function","ˈfʌŋkʃ(ə)n","n. 功能；职责；函数 v. 起作用； 运行；行使职责","Try using ""function"" in a sentence related to 经济.","4195"
"4196","categorized-collection","按类型区分（4000词）","经济","经济","tariff","ˈtærɪf","n. 关税；税率；（旅馆、饭店等的）价目表","Try using ""tariff"" in a sentence related to 经济.","4196"
"4197","categorized-collection","按类型区分（4000词）","经济","经济","quota","ˈkwəʊtə","n. 配额；限额；定额","Try using ""quota"" in a sentence related to 经济.","4197"
"4198","categorized-collection","按类型区分（4000词）","经济","经济","textile","ˈtekstaɪl","n. 纺织品；纺织业","Try using ""textile"" in a sentence related to 经济.","4198"
"4199","categorized-collection","按类型区分（4000词）","经济","经济","commodity","kəˈmɒdəti","n. 商品；货物；日用品","Try using ""commodity"" in a sentence related to 经济.","4199"
"4200","categorized-collection","按类型区分（4000词）","经济","经济","poverty","ˈpɒvəti","n. 贫困；短缺","Try using ""poverty"" in a sentence related to 经济.","4200"
"4201","categorized-collection","按类型区分（4000词）","经济","经济","scarcity","ˈskeəsəti","n. 缺乏；不足；缺少","Try using ""scarcity"" in a sentence related to 经济.","4201"
"4202","categorized-collection","按类型区分（4000词）","经济","经济","dearth","dɜːθ","n. 缺乏；不足","Try using ""dearth"" in a sentence related to 经济.","4202"
"4203","categorized-collection","按类型区分（4000词）","经济","经济","surplus","ˈsɜːpləs","n. 过剩；盈余 adj. 过剩的","Try using ""surplus"" in a sentence related to 经济.","4203"
"4204","categorized-collection","按类型区分（4000词）","经济","经济","privatize","ˈpraɪvətaɪz","v. 使私有化；将…私营化","Try using ""privatize"" in a sentence related to 经济.","4204"
"4205","categorized-collection","按类型区分（4000词）","经济","经济","affluence","ˈæfluəns","n. 富裕；丰富","Try using ""affluence"" in a sentence related to 经济.","4205"
"4206","categorized-collection","按类型区分（4000词）","经济","经济","prosperity","prɒˈsperəti","n. 繁荣；兴旺","Try using ""prosperity"" in a sentence related to 经济.","4206"
"4207","categorized-collection","按类型区分（4000词）","经济","经济","deprivation","ˌdeprɪˈveɪʃ(ə)n","n. 剥夺；免职；匮乏；丧失","Try using ""deprivation"" in a sentence related to 经济.","4207"
"4208","categorized-collection","按类型区分（4000词）","经济","经济","paucity","ˈpɔːsəti","n. 不足；缺乏","Try using ""paucity"" in a sentence related to 经济.","4208"
"4209","categorized-collection","按类型区分（4000词）","经济","经济","plethora","ˈpleθərə","n. 过多；过量；过剩","Try using ""plethora"" in a sentence related to 经济.","4209"
"4210","categorized-collection","按类型区分（4000词）","经济","经济","abundance","əˈbʌndəns","n. 丰富；充足","Try using ""abundance"" in a sentence related to 经济.","4210"
"4211","categorized-collection","按类型区分（4000词）","经济","经济","compensate","ˈkɒmpenseɪt","v. 补偿；弥补","Try using ""compensate"" in a sentence related to 经济.","4211"
"4212","categorized-collection","按类型区分（4000词）","经济","经济","merchandise","ˈmɜːtʃəndaɪs","n. 商品；货物 v. 推销；销售","Try using ""merchandise"" in a sentence related to 经济.","4212"
"4213","categorized-collection","按类型区分（4000词）","经济","经济","enterprise","ˈentəpraɪz","n. 事业；企业；进取心","Try using ""enterprise"" in a sentence related to 经济.","4213"
"4214","categorized-collection","按类型区分（4000词）","经济","经济","commerce","ˈkɒmɜːs","n. 商业；贸易","Try using ""commerce"" in a sentence related to 经济.","4214"
"4215","categorized-collection","按类型区分（4000词）","经济","经济","account","əˈkaʊnt","n. 账户；叙述；账目 v. 说明；占…","Try using ""account"" in a sentence related to 经济.","4215"
"4216","categorized-collection","按类型区分（4000词）","经济","经济","collateral","kəˈlætərəl","adj. 并行的；附属的；旁系的 n. 抵押品；担保品；旁系亲属","Try using ""collateral"" in a sentence related to 经济.","4216"
"4217","categorized-collection","按类型区分（4000词）","经济","经济","reimburse","ˌriːɪmˈbɜːs","v. 偿还；报销","Try using ""reimburse"" in a sentence related to 经济.","4217"
"4218","categorized-collection","按类型区分（4000词）","经济","经济","refund","ˈriːfʌnd","v. 退还；偿还 n. 退款；返还款","Try using ""refund"" in a sentence related to 经济.","4218"
"4219","categorized-collection","按类型区分（4000词）","经济","经济","transaction","trænˈzækʃ(ə)n","n. 交易；业务","Try using ""transaction"" in a sentence related to 经济.","4219"
"4220","categorized-collection","按类型区分（4000词）","经济","经济","patronage","ˈpeɪtrənɪdʒ","n. 赞助；惠顾；委任权","Try using ""patronage"" in a sentence related to 经济.","4220"
"4221","categorized-collection","按类型区分（4000词）","经济","经济","sponsorship","ˈspɒnsəʃɪp","n. 资助；赞助","Try using ""sponsorship"" in a sentence related to 经济.","4221"
"4222","categorized-collection","按类型区分（4000词）","经济","经济","benefaction","ˌbenɪˈfækʃ(ə)n","n. 善行；捐赠；恩惠","Try using ""benefaction"" in a sentence related to 经济.","4222"
"4223","categorized-collection","按类型区分（4000词）","经济","经济","commission","kəˈmɪʃ(ə)n","n. 委员会；佣金 v. 委托；委任","Try using ""commission"" in a sentence related to 经济.","4223"
"4224","categorized-collection","按类型区分（4000词）","经济","经济","ransom","ˈrænsəm","n. 赎金 v. 赎回","Try using ""ransom"" in a sentence related to 经济.","4224"
"4225","categorized-collection","按类型区分（4000词）","经济","经济","interest","ˈɪntrəst","n. 兴趣；利益；利息 v. 使产生兴趣","Try using ""interest"" in a sentence related to 经济.","4225"
"4226","categorized-collection","按类型区分（4000词）","经济","经济","bankruptcy","ˈbæŋkrʌptsi","n. 破产；倒闭；无偿付能力","Try using ""bankruptcy"" in a sentence related to 经济.","4226"
"4227","categorized-collection","按类型区分（4000词）","经济","经济","acquisition","ˌækwɪˈzɪʃ(ə)n","n. 获得；得到的东西；收购","Try using ""acquisition"" in a sentence related to 经济.","4227"
"4228","categorized-collection","按类型区分（4000词）","经济","经济","merge","mɜːdʒ","v. 合并；融合；使结合","Try using ""merge"" in a sentence related to 经济.","4228"
"4229","categorized-collection","按类型区分（4000词）","军事","军事","confidential","ˌkɒnfɪˈdenʃ(ə)l","adj. 机密的；秘密的；视为心腹的","Try using ""confidential"" in a sentence related to 军事.","4229"
"4230","categorized-collection","按类型区分（4000词）","军事","军事","classified","ˈklæsɪfaɪd","adj. 分类的；机密的 v. 分类；“classify”的过去式和过去分词","Try using ""classified"" in a sentence related to 军事.","4230"
"4231","categorized-collection","按类型区分（4000词）","军事","军事","military","ˈmɪlətri","adj. 军事的；军用的 n. 军队；武装力量","Try using ""military"" in a sentence related to 军事.","4231"
"4232","categorized-collection","按类型区分（4000词）","军事","军事","martial","ˈmɑːʃ(ə)l","adj. 战争的；军事的","Try using ""martial"" in a sentence related to 军事.","4232"
"4233","categorized-collection","按类型区分（4000词）","军事","军事","navy","ˈneɪvi","n. 海军；藏蓝色","Try using ""navy"" in a sentence related to 军事.","4233"
"4234","categorized-collection","按类型区分（4000词）","军事","军事","armada","ɑːˈmɑːdə","n. 舰队；西班牙无敌舰队","Try using ""armada"" in a sentence related to 军事.","4234"
"4235","categorized-collection","按类型区分（4000词）","军事","军事","flotilla","fləˈtɪlə","n. 小舰队","Try using ""flotilla"" in a sentence related to 军事.","4235"
"4236","categorized-collection","按类型区分（4000词）","军事","军事","fleet","fliːt","n. 舰队；船队；机群 adj. 快速的 v. 掠过；疾飞","Try using ""fleet"" in a sentence related to 军事.","4236"
"4237","categorized-collection","按类型区分（4000词）","军事","军事","campaign","kæmˈpeɪn","n. 战役；运动；（政治、商业或社会性）活动 v. 参加战役；从事活动","Try using ""campaign"" in a sentence related to 军事.","4237"
"4238","categorized-collection","按类型区分（4000词）","军事","军事","diplomacy","dɪˈpləʊməsi","n. 外交；外交手腕；交际手段","Try using ""diplomacy"" in a sentence related to 军事.","4238"
"4239","categorized-collection","按类型区分（4000词）","军事","军事","strategy","ˈstrætədʒi","n. 策略；战略","Try using ""strategy"" in a sentence related to 军事.","4239"
"4240","categorized-collection","按类型区分（4000词）","军事","军事","cannon","ˈkænən","n. 大炮；火炮 v. 猛撞；碰撞","Try using ""cannon"" in a sentence related to 军事.","4240"
"4241","categorized-collection","按类型区分（4000词）","军事","军事","radar","ˈreɪdɑː(r)","n. 雷达","Try using ""radar"" in a sentence related to 军事.","4241"
"4242","categorized-collection","按类型区分（4000词）","军事","军事","morale","məˈrɑːl","n. 士气；精神力量","Try using ""morale"" in a sentence related to 军事.","4242"
"4243","categorized-collection","按类型区分（4000词）","军事","军事","besiege","bɪˈsiːdʒ","v. 围困；围攻","Try using ""besiege"" in a sentence related to 军事.","4243"
"4244","categorized-collection","按类型区分（4000词）","军事","军事","blockade","blɒˈkeɪd","n. 阻塞；封锁 v. 封锁","Try using ""blockade"" in a sentence related to 军事.","4244"
"4245","categorized-collection","按类型区分（4000词）","军事","军事","expedition","ˌekspəˈdɪʃ(ə)n","n. 远征；探险；探险队；短途旅行；迅速","Try using ""expedition"" in a sentence related to 军事.","4245"
"4246","categorized-collection","按类型区分（4000词）","军事","军事","mission","ˈmɪʃ(ə)n","n. 使命；任务；使团","Try using ""mission"" in a sentence related to 军事.","4246"
"4247","categorized-collection","按类型区分（4000词）","军事","军事","Repulse","rɪˈpʌls","v. 击退；回绝；憎恶 n. 拒斥；击退；严拒","Try using ""Repulse"" in a sentence related to 军事.","4247"
"4248","categorized-collection","按类型区分（4000词）","军事","军事","rebuff","rɪˈbʌf","v. 断然拒绝 n. 粗暴回绝；生硬的拒绝","Try using ""rebuff"" in a sentence related to 军事.","4248"
"4249","categorized-collection","按类型区分（4000词）","军事","军事","revolt","rɪˈvəʊlt","v. 叛乱；反叛；（使）厌恶 n. 叛乱；厌恶；反感","Try using ""revolt"" in a sentence related to 军事.","4249"
"4250","categorized-collection","按类型区分（4000词）","军事","军事","rebellion","rɪˈbeljən","n. 叛乱；反叛；造反","Try using ""rebellion"" in a sentence related to 军事.","4250"
"4251","categorized-collection","按类型区分（4000词）","军事","军事","revolution","ˌrevəˈluːʃ(ə)n","n. 革命","Try using ""revolution"" in a sentence related to 军事.","4251"
"4252","categorized-collection","按类型区分（4000词）","军事","军事","insurrection","ˌɪnsəˈrekʃ(ə)n","n. 起义；叛乱","Try using ""insurrection"" in a sentence related to 军事.","4252"
"4253","categorized-collection","按类型区分（4000词）","军事","军事","mutiny","ˈmjuːtəni","n. 反叛；暴动 v. 反叛；暴动","Try using ""mutiny"" in a sentence related to 军事.","4253"
"4254","categorized-collection","按类型区分（4000词）","军事","军事","riot","ˈraɪət","n. 骚乱；暴乱","Try using ""riot"" in a sentence related to 军事.","4254"
"4255","categorized-collection","按类型区分（4000词）","军事","军事","envelope","ˈenvələʊp","n. 信封；包络；外罩","Try using ""envelope"" in a sentence related to 军事.","4255"
"4256","categorized-collection","按类型区分（4000词）","军事","军事","encircle","ɪnˈsɜːk(ə)l","v. 包围；围绕","Try using ""encircle"" in a sentence related to 军事.","4256"
"4257","categorized-collection","按类型区分（4000词）","军事","军事","invade","ɪnˈveɪd","v. 侵犯；侵略","Try using ""invade"" in a sentence related to 军事.","4257"
"4258","categorized-collection","按类型区分（4000词）","军事","军事","wreck","rek","v. 破坏；毁坏 n. 遇难船只；失事；残骸","Try using ""wreck"" in a sentence related to 军事.","4258"
"4259","categorized-collection","按类型区分（4000词）","军事","军事","demolish","dɪˈmɒlɪʃ","v. 毁坏；拆除；推翻","Try using ""demolish"" in a sentence related to 军事.","4259"
"4260","categorized-collection","按类型区分（4000词）","军事","军事","collision","kəˈlɪʒ(ə)n","n. 碰撞；冲突","Try using ""collision"" in a sentence related to 军事.","4260"
"4261","categorized-collection","按类型区分（4000词）","军事","军事","debris","ˈdebriː","n. 碎片；残骸；残渣","Try using ""debris"" in a sentence related to 军事.","4261"
"4262","categorized-collection","按类型区分（4000词）","军事","军事","encroach","ɪnˈkrəʊtʃ","v. 侵入；侵占；侵犯；侵蚀","Try using ""encroach"" in a sentence related to 军事.","4262"
"4263","categorized-collection","按类型区分（4000词）","军事","军事","exterminate","ɪkˈstɜːmɪneɪt","v. 消灭；灭绝；根除","Try using ""exterminate"" in a sentence related to 军事.","4263"
"4264","categorized-collection","按类型区分（4000词）","军事","军事","trespass","ˈtrespəs","v. 非法侵入；侵扰；冒犯 n. 非法进入；冒犯","Try using ""trespass"" in a sentence related to 军事.","4264"
"4265","categorized-collection","按类型区分（4000词）","军事","军事","enlist","ɪnˈlɪst","v. 参军；入伍；谋求（某人的帮助）","Try using ""enlist"" in a sentence related to 军事.","4265"
"4266","categorized-collection","按类型区分（4000词）","军事","军事","disarming","dɪsˈɑːmɪŋ","adj. 使解除警戒心的；使人消气的; v. 解除武装；使息怒（disarm 的现在分词）","Try using ""disarming"" in a sentence related to 军事.","4266"
"4267","categorized-collection","按类型区分（4000词）","军事","军事","assault","əˈsɔːlt","n. 攻击；袭击；侵犯他人身体（罪） v. 袭击；突袭","Try using ""assault"" in a sentence related to 军事.","4267"
"4268","categorized-collection","按类型区分（4000词）","军事","军事","offense","əˈfens","n. 罪行；冒犯","Try using ""offense"" in a sentence related to 军事.","4268"
"4269","categorized-collection","按类型区分（4000词）","军事","军事","defense","dɪˈfens","n. 辩护；防御；国防；防守","Try using ""defense"" in a sentence related to 军事.","4269"
"4270","categorized-collection","按类型区分（4000词）","军事","军事","onslaught","ˈɒnslɔːt","n. 猛攻；冲击；突击；大量的倾泻","Try using ""onslaught"" in a sentence related to 军事.","4270"
"4271","categorized-collection","按类型区分（4000词）","军事","军事","armament","ˈɑːməmənt","n. 军备；武器；备战","Try using ""armament"" in a sentence related to 军事.","4271"
"4272","categorized-collection","按类型区分（4000词）","军事","军事","disarm","dɪsˈɑːm","v. 解除武装；缴械；裁减军备","Try using ""disarm"" in a sentence related to 军事.","4272"
"4273","categorized-collection","按类型区分（4000词）","军事","军事","neutralize","ˈnjuːtrəlaɪz","v. 使中立；中和；使无效","Try using ""neutralize"" in a sentence related to 军事.","4273"
"4274","categorized-collection","按类型区分（4000词）","军事","军事","captivate","ˈkæptɪveɪt","v. 迷住；迷惑","Try using ""captivate"" in a sentence related to 军事.","4274"
"4275","categorized-collection","按类型区分（4000词）","军事","军事","fortress","ˈfɔːtrəs","n. 堡垒；要塞；防御阵地","Try using ""fortress"" in a sentence related to 军事.","4275"
"4276","categorized-collection","按类型区分（4000词）","军事","军事","weapon","ˈwepən","n. 武器","Try using ""weapon"" in a sentence related to 军事.","4276"
"4277","categorized-collection","按类型区分（4000词）","军事","军事","destruction","dɪˈstrʌkʃ(ə)n","n. 毁灭；引起毁灭的根源","Try using ""destruction"" in a sentence related to 军事.","4277"
"4278","categorized-collection","按类型区分（4000词）","军事","军事","warfare","ˈwɔːfeə(r)","n. 战争；斗争","Try using ""warfare"" in a sentence related to 军事.","4278"
"4279","categorized-collection","按类型区分（4000词）","军事","军事","rivalry","ˈraɪv(ə)lri","n. 敌对；竞争；对抗","Try using ""rivalry"" in a sentence related to 军事.","4279"
"4280","categorized-collection","按类型区分（4000词）","艺术","艺术","masterpiece","ˈmɑːstəpiːs","n. 杰作；名著","Try using ""masterpiece"" in a sentence related to 艺术.","4280"
"4281","categorized-collection","按类型区分（4000词）","艺术","艺术","gallery","ˈɡæləri","n. 画廊；美术馆","Try using ""gallery"" in a sentence related to 艺术.","4281"
"4282","categorized-collection","按类型区分（4000词）","艺术","艺术","exhibition","ˌeksɪˈbɪʃ(ə)n","n. 展览；展出","Try using ""exhibition"" in a sentence related to 艺术.","4282"
"4283","categorized-collection","按类型区分（4000词）","艺术","艺术","collection","kəˈlekʃ(ə)n","n. 收集物；收藏品","Try using ""collection"" in a sentence related to 艺术.","4283"
"4284","categorized-collection","按类型区分（4000词）","艺术","艺术","inspiration","ˌɪnspəˈreɪʃ(ə)n","n. 灵感；鼓舞；启发","Try using ""inspiration"" in a sentence related to 艺术.","4284"
"4285","categorized-collection","按类型区分（4000词）","艺术","艺术","purism","ˈpjʊərɪzəm","n. 纯粹派；纯粹主义","Try using ""purism"" in a sentence related to 艺术.","4285"
"4286","categorized-collection","按类型区分（4000词）","艺术","艺术","byzantine","bɪˈzænˌtaɪn","adj. 拜占庭风格的；错综复杂的","Try using ""byzantine"" in a sentence related to 艺术.","4286"
"4287","categorized-collection","按类型区分（4000词）","艺术","艺术","surrealism","səˈriːəlɪzəm","n. 超现实主义","Try using ""surrealism"" in a sentence related to 艺术.","4287"
"4288","categorized-collection","按类型区分（4000词）","艺术","艺术","classicism","ˈklæsɪsɪzəm","n. 古典主义；古典风格","Try using ""classicism"" in a sentence related to 艺术.","4288"
"4289","categorized-collection","按类型区分（4000词）","艺术","艺术","baroque","bəˈrɒk","adj. 巴洛克式的；奇形怪状的 n. 巴洛克式；怪异型","Try using ""baroque"" in a sentence related to 艺术.","4289"
"4290","categorized-collection","按类型区分（4000词）","艺术","艺术","rococo","rəˈkəʊkəʊ","adj. 洛可可式的；旧式的；过分修饰的 n. 洛可可式","Try using ""rococo"" in a sentence related to 艺术.","4290"
"4291","categorized-collection","按类型区分（4000词）","艺术","艺术","impressionism","ɪmˈpreʃənɪzm","n. 印象主义","Try using ""impressionism"" in a sentence related to 艺术.","4291"
"4292","categorized-collection","按类型区分（4000词）","艺术","艺术","literature","ˈlɪtrətʃə(r)","n. 文学；文学作品","Try using ""literature"" in a sentence related to 艺术.","4292"
"4293","categorized-collection","按类型区分（4000词）","艺术","艺术","folklore","ˈfəʊklɔː(r)","n. 民间传说；民俗学；民间风俗","Try using ""folklore"" in a sentence related to 艺术.","4293"
"4294","categorized-collection","按类型区分（4000词）","艺术","艺术","essay","ˈeseɪ","n. 散文；文章；尝试；企图 v. 企图；尝试","Try using ""essay"" in a sentence related to 艺术.","4294"
"4295","categorized-collection","按类型区分（4000词）","艺术","艺术","criticism","ˈkrɪtɪsɪzəm","n. 批评；指责；评论","Try using ""criticism"" in a sentence related to 艺术.","4295"
"4296","categorized-collection","按类型区分（4000词）","艺术","艺术","anthology","ænˈθɒlədʒi","n. 选集；文选","Try using ""anthology"" in a sentence related to 艺术.","4296"
"4297","categorized-collection","按类型区分（4000词）","艺术","艺术","volume","ˈvɒljuːm","n. 卷；册；体积；音量","Try using ""volume"" in a sentence related to 艺术.","4297"
"4298","categorized-collection","按类型区分（4000词）","艺术","艺术","drama","ˈdrɑːmə","n. 戏剧；话剧","Try using ""drama"" in a sentence related to 艺术.","4298"
"4299","categorized-collection","按类型区分（4000词）","艺术","艺术","comedy","ˈkɒmədi","n. 喜剧","Try using ""comedy"" in a sentence related to 艺术.","4299"
"4300","categorized-collection","按类型区分（4000词）","艺术","艺术","tragedy","ˈtrædʒədi","n. 悲剧；灾难；惨事","Try using ""tragedy"" in a sentence related to 艺术.","4300"
"4301","categorized-collection","按类型区分（4000词）","艺术","艺术","playwright","ˈpleɪraɪt","n. 剧作家","Try using ""playwright"" in a sentence related to 艺术.","4301"
"4302","categorized-collection","按类型区分（4000词）","艺术","艺术","episode","ˈepɪsəʊd","n. 一集；事件；一段经历；一段时期","Try using ""episode"" in a sentence related to 艺术.","4302"
"4303","categorized-collection","按类型区分（4000词）","艺术","艺术","biography","baɪˈɒɡrəfi","n. 传记","Try using ""biography"" in a sentence related to 艺术.","4303"
"4304","categorized-collection","按类型区分（4000词）","艺术","艺术","Improvisation","ˌɪmprəvaɪˈzeɪʃ(ə)n","n. 即兴表演；即兴创作","Try using ""Improvisation"" in a sentence related to 艺术.","4304"
"4305","categorized-collection","按类型区分（4000词）","艺术","艺术","eloquence","ˈeləkwəns","n. 雄辩；口才","Try using ""eloquence"" in a sentence related to 艺术.","4305"
"4306","categorized-collection","按类型区分（4000词）","艺术","艺术","pigment","ˈpɪɡmənt","n. 色素；颜料","Try using ""pigment"" in a sentence related to 艺术.","4306"
"4307","categorized-collection","按类型区分（4000词）","艺术","艺术","portrait","ˈpɔːtreɪt","n. 肖像；画像","Try using ""portrait"" in a sentence related to 艺术.","4307"
"4308","categorized-collection","按类型区分（4000词）","艺术","艺术","caricature","ˈkærɪkətʃʊə(r)","n. 漫画；讽刺画；滑稽模仿 v. 画成漫画讽刺","Try using ""caricature"" in a sentence related to 艺术.","4308"
"4309","categorized-collection","按类型区分（4000词）","艺术","艺术","easel","ˈiːz(ə)l","n. 画架","Try using ""easel"" in a sentence related to 艺术.","4309"
"4310","categorized-collection","按类型区分（4000词）","艺术","艺术","bronze","brɒnz","n. 青铜；青铜色 adj. 青铜色的","Try using ""bronze"" in a sentence related to 艺术.","4310"
"4311","categorized-collection","按类型区分（4000词）","艺术","艺术","sculpture","ˈskʌlptʃə(r)","n. 雕刻（术）；雕塑品；雕刻品 v. 雕塑；刻蚀","Try using ""sculpture"" in a sentence related to 艺术.","4311"
"4312","categorized-collection","按类型区分（4000词）","艺术","艺术","architecture","ˈɑːkɪtektʃə(r)","n. 体系结构；建筑学；建筑设计","Try using ""architecture"" in a sentence related to 艺术.","4312"
"4313","categorized-collection","按类型区分（4000词）","环境","环境","contaminate","kənˈtæmɪneɪt","v. 污染；弄脏","This word often appears in discussions about the environment.","4313"
"4314","categorized-collection","按类型区分（4000词）","环境","环境","pollute","pəˈluːt","v. 污染","This word often appears in discussions about the environment.","4314"
"4315","categorized-collection","按类型区分（4000词）","环境","环境","taint","teɪnt","n. 污染；腐坏；玷污 v. 污染；使腐坏；玷污","This word often appears in discussions about the environment.","4315"
"4316","categorized-collection","按类型区分（4000词）","环境","环境","purify","ˈpjʊərɪfaɪ","v. 净化；使纯净；提纯","This word often appears in discussions about the environment.","4316"
"4317","categorized-collection","按类型区分（4000词）","环境","环境","pollutant","pəˈluːtənt","n. 污染物","This word often appears in discussions about the environment.","4317"
"4318","categorized-collection","按类型区分（4000词）","环境","环境","ecosystem","ˈiːkəʊsɪstəm","n. 生态系统","This word often appears in discussions about the environment.","4318"
"4319","categorized-collection","按类型区分（4000词）","环境","环境","noxious","ˈnɒkʃəs","adj. 有害的；有毒的；可憎的","This word often appears in discussions about the environment.","4319"
"4320","categorized-collection","按类型区分（4000词）","环境","环境","toxic","ˈtɒksɪk","adj. 有毒的；中毒的 n. 毒物；毒剂","This word often appears in discussions about the environment.","4320"
"4321","categorized-collection","按类型区分（4000词）","环境","环境","lethal","ˈliːθl","adj. 致命的；可致死的","This word often appears in discussions about the environment.","4321"
"4322","categorized-collection","按类型区分（4000词）","环境","环境","venomous","ˈvenəməs","adj. 分泌毒液的；有毒的；恶毒的","This word often appears in discussions about the environment.","4322"
"4323","categorized-collection","按类型区分（4000词）","环境","环境","deteriorate","dɪˈtɪəriəreɪt","v. 恶化；变坏；退化","This word often appears in discussions about the environment.","4323"
"4324","categorized-collection","按类型区分（4000词）","环境","环境","pernicious","pəˈnɪʃəs","adj. 有害的；恶性的；致命的","This word often appears in discussions about the environment.","4324"
"4325","categorized-collection","按类型区分（4000词）","环境","环境","decibel","ˈdesɪbel","n. 分贝","This word often appears in discussions about the environment.","4325"
"4326","categorized-collection","按类型区分（4000词）","环境","环境","hazardous","ˈhæzədəs","adj. 危险的；有害的","This word often appears in discussions about the environment.","4326"
"4327","categorized-collection","按类型区分（4000词）","环境","环境","effluent","ˈefluənt","adj. 流出的 n. 废水；污物；水流","This word often appears in discussions about the environment.","4327"
"4328","categorized-collection","按类型区分（4000词）","环境","环境","emission","ɪˈmɪʃ(ə)n","n. 散发；排放；放射","This word often appears in discussions about the environment.","4328"
"4329","categorized-collection","按类型区分（4000词）","环境","环境","inorganic","ˌɪnɔːˈɡænɪk","adj. 无机的；非自然生长的","This word often appears in discussions about the environment.","4329"
"4330","categorized-collection","按类型区分（4000词）","环境","环境","litter","ˈlɪtə(r)","n. 垃圾；杂物；一窝小崽；担架 v. 乱扔；乱丢杂物","This word often appears in discussions about the environment.","4330"
"4331","categorized-collection","按类型区分（4000词）","环境","环境","nuisance","ˈnjuːs(ə)ns","n. 讨厌的人；讨厌的事","This word often appears in discussions about the environment.","4331"
"4332","categorized-collection","按类型区分（4000词）","环境","环境","radioactive","ˌreɪdiəʊˈæktɪv","adj. 放射性的","This word often appears in discussions about the environment.","4332"
"4333","categorized-collection","按类型区分（4000词）","环境","环境","sewage","ˈsuːɪdʒ","n. 污水；污物；下水道","This word often appears in discussions about the environment.","4333"
"4334","categorized-collection","按类型区分（4000词）","环境","环境","conservation","ˌkɒnsəˈveɪʃ(ə)n","n. 保护；保存；节约（自然资源）","This word often appears in discussions about the environment.","4334"
"4335","categorized-collection","按类型区分（4000词）","环境","环境","renewable","rɪˈnjuːəb(ə)l","adj. 可更新的；可再生的","This word often appears in discussions about the environment.","4335"
"4336","categorized-collection","按类型区分（4000词）","环境","环境","atmosphere","ˈætməsfɪə(r)","n. 大气；气氛；氛围","This word often appears in discussions about the environment.","4336"
"4337","categorized-collection","按类型区分（4000词）","环境","环境","forestation","ˌfɒrɪsˈteɪʃən","n. 造林；森林管理","This word often appears in discussions about the environment.","4337"
"4338","categorized-collection","按类型区分（4000词）","环境","环境","desertification","dɪˌzɜːtɪfɪˈkeɪʃ(ə)n","n. 沙漠化；荒漠化","This word often appears in discussions about the environment.","4338"
"4339","categorized-collection","按类型区分（4000词）","环境","环境","preservation","ˌprezəˈveɪʃ(ə)n","n. 保存；维持","This word often appears in discussions about the environment.","4339"
"4340","categorized-collection","按类型区分（4000词）","环境","环境","reservoir","ˈrezəvwɑː(r)","n. 水库；蓄水池","This word often appears in discussions about the environment.","4340"
"4341","categorized-collection","按类型区分（4000词）","环境","环境","oasis","əʊˈeɪsɪs","n. （沙漠中的）绿洲；舒适的地方；乐土；乐事","This word often appears in discussions about the environment.","4341"
